avg_volume,peak_volume,volume_variance,zero_crossing_rate,spectral_centroid,volume_delta,peak_delta,centroid_delta,zcr_decay,rolling_avg_volume,rolling_peak_volume,rolling_decay,near_silence,centroid_volatility,chatter_streak,streak_log,timestamp_start,timestamp_end,is_chatter,duration_left,duration_left_seconds
0.0026973332,0.025353922,1.1950203e-05,0.0871625,2161.330579762687,0.0,0.0,0.0,0.0,0.0026973332,0.025353922,0.0,1,0.0,1,0.6931471805599453,0.0,5.0,1,42,210
0.0026877907,0.029430479,1.2082753e-05,0.0813,2164.6340381920163,-9.542563930153848e-06,0.0040765572339296,3.303458429329112,-0.0058625,0.002692562,0.027392201,-9.542563930153848e-06,1,1.651729214664556,2,1.0986122886681096,5.0,10.0,1,41,205
0.00266712,0.07756791,1.1906065e-05,0.07785,2039.187236626764,-2.0670704543590546e-05,0.0481374338269233,-125.4468015652526,-0.0034499999999999,0.0026840812,0.04411744,-3.0213268473744392e-05,1,58.37313797455329,3,1.3862943611198906,10.0,15.0,1,40,200
0.0029129002,0.02748747,1.4142003e-05,0.05765,1905.2293489477568,0.0002457802183926,-0.0500804409384727,-133.95788767900694,-0.0202,0.002755937,0.04482862,0.000225109513849,1,105.92051972864904,4,1.6094379124341003,15.0,20.0,1,39,195
0.003862535,0.09805082,3.5061294e-05,0.077875,2171.1352572697124,0.0009496349375694,0.0705633461475372,265.9059083219556,0.020225,0.0031475183,0.06770206,0.0011954151559621,1,108.55666615671166,5,1.791759469228055,20.0,25.0,1,38,190
0.0036553948,0.022950273,2.1742948e-05,0.0782,2049.3632437337023,-0.0002071403432637,-0.0751005411148071,-121.77201353601004,0.000325,0.0034769431,0.04949619,0.0007424945943057,1,108.6835135137823,6,1.9459101490553132,25.0,30.0,1,37,185
0.0035887463,0.024436114,2.1812177e-05,0.0601125,1910.4350819777624,-6.664847023785114e-05,0.0014858413487672,-138.92816175593998,-0.0180875,0.0037022254,0.04847907,-0.0002737888135015,1,106.50719266621924,7,2.0794415416798357,30.0,35.0,1,36,180
0.0025679772,0.016406126,1.0565538e-05,0.0687125,2075.407073290996,-0.0010207691229879,-0.0080299880355596,164.9719913132335,0.0085999999999999,0.0032707062,0.021264171,-0.0010874175932258,1,72.41475686376789,8,2.1972245773362196,35.0,40.0,1,35,175
0.0029484935,0.024544807,1.4376463e-05,0.0858375,2358.0486145293057,0.0003805162850767,0.0081386808305978,282.64154123830986,0.017125,0.0030350722,0.021795683,-0.0006402528379112,1,184.8302143634327,9,2.302585092994046,40.0,45.0,1,34,170
0.003381639,0.04025912,1.9245706e-05,0.0725625,2064.5042916641555,0.0004331455565989,0.0157143119722604,-293.5443228651502,-0.0132749999999999,0.0029660363,0.027070016,0.0008136618416756,1,135.8812312144238,10,2.3978952727983707,45.0,50.0,1,33,165
0.0030918464,0.07890999,2.172662e-05,0.095325,2397.885475159184,-0.0002897926606237,0.0386508740484714,333.3811834950284,0.0227624999999999,0.0031406598,0.04790464,0.0001433528959751,1,148.66003664579037,11,2.4849066497880004,50.0,55.0,1,32,160
0.0030214454,0.021951001,1.5326525e-05,0.0829875,2099.3849986479536,-7.040100172162056e-05,-0.0569589920341968,-298.5004765112303,-0.0123374999999999,0.0031649768,0.04704004,-0.0003601936623454,1,149.61514024161642,12,2.5649493574615367,55.0,60.0,1,31,155
0.0032968556,0.023354273,1.7816514e-05,0.0721375,2051.6947329140057,0.000275410246104,0.001403272151947,-47.690265733947854,-0.01085,0.0031367159,0.041405093,0.0002050092443823,1,153.1973766599711,13,2.639057329615259,60.0,65.0,1,30,150
0.0031611081,0.023956144,1.644032e-05,0.0620625,2033.322124742226,-0.0001357474830001,0.0006018709391355,-18.3726081717798,-0.0100749999999999,0.003159803,0.023087138,0.0001396627631038,1,27.84125133979829,14,2.70805020110221,65.0,70.0,1,29,145
0.0043934826,0.037642285,3.4363027e-05,0.0800625,2264.9871569063744,0.001232374459505,0.0136861409991979,231.66503216414844,0.0179999999999999,0.0036171488,0.028317569,0.0010966269765049,1,105.14534807229153,15,2.772588722239781,70.0,75.0,1,28,140
0.0035930702,0.027982464,2.1658787e-05,0.07935,2250.4679925668565,-0.0008004123810678,-0.0096598211675882,-14.519164339517827,-0.0007124999999999,0.003715887,0.029860297,0.0004319620784372,1,105.95167723178012,16,2.833213344056216,75.0,80.0,1,27,135
0.0036937122,0.027101938,2.2670807e-05,0.08175,2073.171935114904,0.0001006419770419,-0.0008805263787508,-177.2960574519525,0.0023999999999999,0.0038934217,0.030908898,-0.0006997704040259,1,87.20204981792759,17,2.8903717578961645,80.0,85.0,1,26,130
0.0027820831,0.021508642,1.2896087e-05,0.0745375,1971.255177823219,-0.0009116290602833,-0.0055932961404323,-101.91675729168536,-0.0072124999999999,0.0033562884,0.025531014,-0.0008109870832413,1,115.36450124228152,18,2.9444389791664403,85.0,90.0,1,25,125
0.0029004172,0.01892002,1.3851979e-05,0.0639875,2076.762274817212,0.0001183340791612,-0.0025886222720146,105.5070969939934,-0.01055,0.003125404,0.0225102,-0.000793294981122,1,48.91223826874938,19,2.995732273553991,90.0,95.0,1,24,120
0.003438729,0.040412568,2.0139782e-05,0.085025,2196.9510772371245,0.0005383118987083,0.0214925482869148,120.18880241991246,0.0210375,0.0030404096,0.026947076,0.0006566459778696,1,92.20492560685116,20,3.044522437723423,95.0,100.0,1,23,115
0.002628963,0.017433347,1.1416023e-05,0.0927375,2305.291286118417,-0.000809766119346,-0.0229792203754186,108.34020888129226,0.0077124999999999,0.0029893697,0.025588645,-0.0002714542206376,1,93.33836777724424,21,3.091042453358316,100.0,105.0,1,22,110
0.0029901855,0.06552465,1.6009331e-05,0.0977875,2442.5774794268195,0.0003612225409597,0.0480913072824478,137.28619330840274,0.0050499999999999,0.0030192926,0.04112352,-0.0004485435783863,1,100.50839057633613,22,3.1354942159291497,105.0,110.0,1,21,105
0.0033756797,0.029601242,1.9303028e-05,0.073975,2165.682749261869,0.000385494204238,-0.0359234102070331,-276.89473016495003,-0.0238125,0.0029982764,0.03751975,0.0007467167451977,1,113.04312551188328,23,3.1780538303479458,110.0,115.0,1,20,100
0.0024569703,0.017342277,9.767095e-06,0.0988125,2355.68056224605,-0.0009187094401568,-0.0122589655220508,189.99781298418063,0.0248375,0.0029409453,0.037489392,-0.0005332152359187,1,115.62436053752958,24,3.2188758248682006,115.0,120.0,1,19,95
0.003185166,0.031574078,1.7855707e-05,0.0974125,2258.3157164427025,0.000728195765987,0.01423180103302,-97.36484580334763,-0.0013999999999999,0.0030059386,0.026172534,-0.0001905136741697,1,77.57430040204942,25,3.258096538021482,120.0,125.0,1,18,90
0.0038087005,0.049451865,2.5838786e-05,0.100675,2343.9063673422643,0.0006235344335436,0.0178777873516082,85.59065089956175,0.0032625,0.003150279,0.032789405,0.0013517301995307,1,43.39009664959742,26,3.295836866004329,125.0,130.0,1,17,85
0.002790261,0.024509015,1.27744615e-05,0.096425,2327.919446015785,-0.0010184394195675,-0.0249428506940603,-15.98692132647875,-0.00425,0.003261376,0.03517832,-0.0003949049860239,1,37.157353609559415,27,3.332204510175204,130.0,135.0,1,16,80
0.003549393,0.06832681,2.589144e-05,0.0862875,2497.1972865364364,0.0007591319736093,0.0438177958130836,169.2778405206509,-0.0101374999999999,0.003382785,0.04742923,-0.0002593074459582,1,76.30980339833157,28,3.367295829986474,135.0,140.0,1,15,75
0.0034048648,0.023996217,1.8504908e-05,0.06945,2428.4054327491363,-0.0001445282250642,-0.0443305894732475,-68.79185378730017,-0.0168375,0.003248173,0.038944013,0.000614603748545,1,69.50998327067315,29,3.4011973816621555,140.0,145.0,1,14,70
0.0028249358,0.024252508,1.2963716e-05,0.092575,2517.839555752942,-0.0005799289792776,0.0002562906593084,89.43412300380578,0.023125,0.0032597312,0.038858514,-0.0007244572043418,1,38.234488188544944,30,3.4339872044851463,145.0,150.0,1,13,65
0.0027700593,0.020402871,1.2516156e-05,0.097475,2433.603753637802,-5.487655289471149e-05,-0.0038496367633342,-84.2358021151399,0.0049,0.0029999532,0.022883864,-0.0006348055321723,1,40.98936888660876,31,3.4657359027997265,150.0,155.0,1,12,60
0.0029399628,0.029527709,1.37712195e-05,0.0933,2429.839443519295,0.0001699035055935,0.0091248378157615,-3.764310118507183,-0.004175,0.0028449858,0.024727697,0.0001150269526988,1,40.62547113133142,32,3.4965075614664802,155.0,160.0,1,11,55
0.0035023654,0.027753083,2.1057265e-05,0.0870125,2277.1695468175185,0.0005624026525765,-0.001774625852704,-152.66989670177645,-0.0062874999999999,0.003070796,0.025894554,0.0007323061581701,1,72.87274178173793,33,3.5263605246161616,160.0,165.0,1,10,50
0.0031359359,0.023346862,1.6485414e-05,0.09025,2191.116238352429,-0.0003664295654743,-0.0044062212109565,-86.05330846508969,0.0032374999999999,0.0031927545,0.026875885,0.0001959730871021,1,98.71509956652508,34,3.5553480614894135,165.0,170.0,1,9,45
0.0032560928,0.03139664,1.7466298e-05,0.0863125,2188.326210278851,0.0001201569102704,0.008049776777625,-2.7900280735780143,-0.0039374999999999,0.0032981315,0.027498862,-0.0002462726552039,1,41.23926742770266,35,3.58351893845611,170.0,175.0,1,8,40
0.0030279437,0.07088351,2.0562455e-05,0.1051375,2338.539094555827,-0.0002281491179019,0.0394868738949298,150.21288427697618,0.0188249999999999,0.0031399906,0.04187567,-0.0001079922076314,1,70.16266290289492,36,3.6109179126442243,175.0,180.0,1,7,35
0.0027929996,0.023047434,1.2879774e-05,0.0825875,2378.859030482728,-0.0002349440474063,-0.0478360801935195,40.3199359269006,-0.02255,0.003025679,0.041775864,-0.0004630931653082,1,81.98398448667373,37,3.6375861597263857,180.0,185.0,1,6,30
0.0031025696,0.02527323,1.5783397e-05,0.09715,2401.7707561898537,0.0003095699939876,0.0022257957607507,22.911725707126152,0.0145625,0.0029745044,0.039734725,7.462594658136368e-05,1,26.13828065634345,38,3.6635616461296463,185.0,190.0,1,5,25
0.0031281072,0.02224924,1.633858e-05,0.078725,2156.1501885051325,2.5537563487887383e-05,-0.0030239894986152,-245.6205676847212,-0.0184249999999999,0.0030078918,0.0235233,0.0003351075574755,1,110.78188717758508,39,3.6888794541139363,190.0,195.0,1,4,20
0.0033000854,0.036604717,2.0477693e-05,0.08475,2236.5116570964105,0.0001719782594591,0.0143554769456386,80.36146859127803,0.006025,0.0031769208,0.028042397,0.000197515822947,1,102.2513236736317,40,3.713572066704308,195.0,200.0,1,3,15
0.0026831564,0.018029729,1.1750461e-05,0.0801125,2282.1224449806227,-0.0006169290281832,-0.0185749884694814,45.610787884212186,-0.0046375,0.0030371163,0.025627896,-0.000444950768724,1,52.07613977745817,41,3.7376696182833684,200.0,205.0,1,2,10
0.0029465645,0.022966467,1.5583544e-05,0.0953,2382.552155400905,0.0002634080592542,0.0049367379397153,100.4297104202824,0.0151874999999999,0.002976602,0.02586697,-0.0003535209689289,1,61.00482481059771,42,3.7612001156935624,205.0,210.0,1,1,5
0.002591728,0.016225638,1.0974006e-05,0.1054375,2511.930489983385,-0.0003548364620655,-0.0067408289760351,129.37833458247997,0.0101375,0.002740483,0.019073943,-9.142840281128883e-05,1,94.06653540176852,0,0.0,210.0,215.0,0,0,0
0.0032681283,0.03341653,1.8605266e-05,0.0852125,2393.121418072264,0.0006764002609997,0.0171908903867006,-118.80907191112146,-0.020225,0.0029354736,0.024202878,0.0003215637989342,1,58.65725146147683,0,0.0,215.0,220.0,0,0,0
0.0027259889,0.020576326,1.2480833e-05,0.1286875,2687.465688352607,-0.0005421394016593,-0.0128402020782232,294.34427028034315,0.043475,0.0028619485,0.023406165,0.0001342608593404,1,120.90710432291569,0,0.0,220.0,225.0,0,0,0
0.002779647,0.03377168,1.3621452e-05,0.1031375,2381.4435752317,5.36581501364708e-05,0.013195352628827,-306.02211312090685,-0.02555,0.0029245878,0.029254844,-0.0004884812515228,1,141.58799979724495,0,0.0,225.0,230.0,0,0,0
0.0025550236,0.021482509,1.0691387e-05,0.0781375,2103.496378405091,-0.000224623363465,-0.0122891701757907,-277.9471968266089,-0.0249999999999999,0.0026868863,0.02527684,-0.0001709652133285,1,238.496292285024,0,0.0,230.0,235.0,0,0,0
0.0022308186,0.015818182,7.942732e-06,0.0768,2028.0126686629424,-0.0003242050297558,-0.0056643262505531,-75.48370974214845,-0.0013375,0.0025218297,0.02369079,-0.0005488283932209,1,151.9743546999589,0,0.0,235.0,240.0,0,0,0
0.0033422438,0.025847208,1.8568224e-05,0.10165,2342.5882913672567,0.0011114252265542,0.010029025375843,314.5756227043141,0.02485,0.002709362,0.0210493,0.0007872201967984,1,134.08975256237548,1,0.6931471805599453,240.0,245.0,1,2,10
0.0024570024,0.019211028,1.0084559e-05,0.1041875,2139.40482286652,-0.0008852414321154,-0.0066361799836158,-203.18346850073704,0.0025374999999999,0.0026766881,0.020292139,0.0002261837944388,1,130.23464135931752,2,1.0986122886681096,245.0,250.0,1,1,5
0.002621535,0.029730644,1.1945228e-05,0.083075,2153.7270464707585,0.0001645325683057,0.010519616305828,14.322223604238845,-0.0211125,0.002806927,0.024929628,-0.0007207088638097,1,92.59062694632088,0,0.0,250.0,255.0,0,0,0
0.0030145585,0.023707073,1.5039501e-05,0.083375,2327.27156091201,0.0003930234815925,-0.006023570895195,173.54451444125152,0.0003,0.0026976988,0.02421625,0.0005575560498982,1,85.38587955437784,0,0.0,255.0,260.0,0,0,0
0.003557669,0.039972533,2.276495e-05,0.121975,2677.6579402619022,0.000543110538274,0.0162654593586921,350.3863793498922,0.0385999999999999,0.0030645875,0.031136751,0.0009361340198665,1,217.9173887292978,1,0.6931471805599453,260.0,265.0,1,14,70
0.0042334045,0.03177844,2.9800076e-05,0.0777,2146.6637843870053,0.0006757355295121,-0.0081940926611423,-530.9941558748969,-0.0442749999999999,0.0036018773,0.031819347,0.0012188460677862,1,220.44010961622683,2,1.0986122886681096,265.0,270.0,1,13,65
0.0033108261,0.02705866,1.8113866e-05,0.07055,2094.5487330449923,-0.0009225783869624,-0.0047197807580232,-52.115051342012976,-0.00715,0.0037006333,0.032936543,-0.0002468428574502,1,263.45716912933943,3,1.3862943611198906,270.0,275.0,1,12,60
0.0038370483,0.07764198,2.6699257e-05,0.072125,2156.9612424648394,0.0005262221675366,0.0505833178758621,62.41250941984708,0.0015749999999999,0.0037937595,0.045493025,-0.0003963562194257,1,27.319788414927984,4,1.6094379124341003,275.0,280.0,1,11,55
0.0032777984,0.031907875,1.9386676e-05,0.09035,2232.084753547162,-0.0005592498928308,-0.0457341037690639,75.1235110823227,0.018225,0.0034752244,0.04553617,-3.302772529423237e-05,1,56.2287196141217,5,1.791759469228055,280.0,285.0,1,10,50
0.0033262284,0.03390504,1.9118059e-05,0.0862125,2435.374983139094,4.842993803322315e-05,0.0019971653819084,203.29022959193207,-0.0041375,0.0034803583,0.0478183,-0.0005108199547976,1,117.60795058210586,6,1.9459101490553132,285.0,290.0,1,9,45
0.0038520256,0.14668427,4.028171e-05,0.1293625,2451.8092337985454,0.0005257972516119,0.1127792298793792,16.43425065945121,0.0431499999999999,0.0034853509,0.070832394,0.0005742271896451,1,99.93100356635998,7,2.0794415416798357,290.0,295.0,1,8,40
0.0029107353,0.027943047,1.4427886e-05,0.0776625,2271.289701046762,-0.0009412902873009,-0.1187412291765213,-180.5195327517836,-0.0516999999999999,0.0033629965,0.06951079,-0.0004154930356889,1,81.50076080011648,8,2.1972245773362196,295.0,300.0,1,7,35
0.0023471266,0.014753557,8.842023e-06,0.0773375,2167.2904296048778,-0.0005636087153106,-0.0131894899532198,-103.99927144188403,-0.0003249999999999,0.0030366292,0.06312696,-0.0015048990026116,1,117.54625572048909,9,2.302585092994046,300.0,305.0,1,6,30
0.0027795187,0.028811708,1.2809079e-05,0.0831125,2184.318146042056,0.000432392116636,0.01405815128237,17.027716437177787,0.005775,0.002679127,0.023836104,-0.0001312165986746,1,45.54587792965128,10,2.3978952727983707,305.0,310.0,1,5,25
0.0022216195,0.016856292,8.005987e-06,0.095075,2369.6514090512683,-0.000557899242267,-0.0119554158300161,185.33326300921271,0.0119625,0.0024494214,0.02014052,-0.0001255071256309,1,91.644438218348,11,2.4849066497880004,310.0,315.0,1,4,20
0.0025799875,0.04467412,1.3797927e-05,0.091525,2410.233048710128,0.0003583680372685,0.0278178285807371,40.58163965885933,-0.00355,0.0025270418,0.03011404,-0.0001995312049984,1,98.3377575855378,12,2.5649493574615367,315.0,320.0,1,3,15
0.0030273774,0.04486244,1.6302878e-05,0.1114875,2707.9115798730813,0.000447389902547,0.0001883208751678,297.67853116295373,0.0199625,0.0026096615,0.035464283,0.0008057579398155,1,150.80499570163718,13,2.639057329615259,320.0,325.0,1,2,10
0.0024883363,0.036269657,1.1679663e-05,0.13995,2701.023649970398,-0.0005390411242842,-0.0085927844047546,-6.8879299026834815,0.0284624999999999,0.002698567,0.041935403,-9.16512217372656e-05,1,138.7320059503163,14,2.70805020110221,325.0,330.0,1,1,5
0.002498758,0.016277768,1.0180865e-05,0.0675,1953.037453854175,1.0421732440590858e-05,-0.0199918895959854,-747.9861961162228,-0.0724499999999999,0.0026714907,0.032469954,-0.0005286193918436,1,354.2387360855777,0,0.0,330.0,335.0,0,0,0
0.0032655674,0.037034005,1.798834e-05,0.0872125,2410.9420563638546,0.0007668093312531,0.0207562372088432,457.90460250967953,0.0197124999999999,0.0027508873,0.029860476,0.0007772310636937,1,307.9154475445917,0,0.0,335.0,340.0,0,0,0
0.003164541,0.025933301,1.6321763e-05,0.0581625,2091.532353618094,-0.0001010263804346,-0.0111007038503885,-319.40970274576057,-0.02905,0.0029762888,0.026415026,0.0006657829508185,1,191.740571394528,0,0.0,340.0,345.0,0,0,0
0.003384002,0.022341613,1.8563498e-05,0.060925,1993.7630920114696,0.0002194610424339,-0.003591688349843,-97.76926160662424,0.0027625,0.00327137,0.028436309,0.0001184346619993,1,178.1446587658992,0,0.0,345.0,350.0,0,0,0
0.0034097931,0.03040301,1.8858478e-05,0.06545,2039.390341397687,2.5791116058826447e-05,0.0080613978207111,45.62724938621727,0.0045249999999999,0.0033194453,0.026225975,0.0002452521584928,1,39.943660100543376,0,0.0,350.0,355.0,0,0,0
0.0039011368,0.087406315,3.4300378e-05,0.0932125,2382.783183884645,0.0004913436714559,0.057003304362297,343.39284248695844,0.0277625,0.0035649773,0.046716977,0.0005171347875148,1,173.6334331729537,0,0.0,355.0,360.0,0,0,0
0.0033636733,0.037893437,1.9199437e-05,0.1033625,2250.744478184544,-0.0005374634638428,-0.0495128780603408,-132.03870570010167,0.0101499999999999,0.003558201,0.051900923,-4.611979238688946e-05,1,141.43056215807752,0,0.0,360.0,365.0,0,0,0
0.0027080628,0.027400283,1.2155179e-05,0.0918,2445.4418918549013,-0.0006556105799973,-0.0104931537061929,194.6974136703575,-0.0115624999999999,0.003324291,0.050900012,-0.0011930740438401,1,81.14966719818536,0,0.0,365.0,370.0,0,0,0
0.0033679826,0.06060017,2.7249831e-05,0.08045,2209.065296590635,0.00065991980955,0.0331998839974403,-236.37659526426611,-0.01135,0.003146573,0.04196463,4.309229552745819e-06,1,103.0200260235256,0,0.0,370.0,375.0,0,0,0
0.0025605515,0.022372378,1.123333e-05,0.0943,2220.855323839092,-0.0008074310608208,-0.0382277891039848,11.79002724845668,0.01385,0.0028788655,0.036790945,-0.0001475112512707,1,108.75662230889964,0,0.0,375.0,380.0,0,0,0
0.0021017774,0.015327323,7.074414e-06,0.0743375,2086.378091969672,-0.0004587741568684,-0.007045054808259,-134.47723186941994,-0.0199624999999999,0.0026767703,0.032766625,-0.0012662052176892,1,60.80504439188066,0,0.0,380.0,385.0,0,0,0
0.0021600656,0.023118211,7.466845e-06,0.0808,2207.4669502214906,5.8288220316171646e-05,0.0077908877283334,121.08885825181868,0.0064624999999999,0.0022741314,0.020272637,-0.0004004859365522,1,60.48497153298611,0,0.0,385.0,390.0,0,0,0
0.0026418,0.045272112,1.2081805e-05,0.08755,2355.716892506971,0.0004817345179617,0.0221539009362459,148.2499422854803,0.00675,0.0023012143,0.027905881,0.0005400227382779,1,110.14331394205772,0,0.0,390.0,395.0,0,0,0
0.0027900578,0.043974977,1.628957e-05,0.1014375,2245.096666847079,0.0001482577063143,-0.0012971349060535,-110.62022565989172,0.0138874999999999,0.0025306412,0.0374551,0.000629992224276,1,62.92047475099528,0,0.0,395.0,400.0,0,0,0
0.0027913982,0.024201516,1.3380903e-05,0.10085,2270.2945024344167,1.3404060155153277e-06,-0.0197734609246253,25.19783558733752,-0.0005875,0.0027410854,0.0378162,0.0001495981123298,1,47.33890808607824,0,0.0,400.0,405.0,0,0,0
0.0028799784,0.019755052,1.325842e-05,0.0661875,1912.1276780387425,8.858018554747105e-05,-0.0044464636594057,-358.16682439567444,-0.0346625,0.002820478,0.029310515,8.992059156298637e-05,1,163.22675179843625,0,0.0,405.0,410.0,0,0,0
0.0032150818,0.101568855,2.1137712e-05,0.0685875,1984.7010719259504,0.0003351033665239,0.0818138048052787,72.57339388720811,0.0023999999999999,0.0029621527,0.048508476,0.0004236835520714,1,154.60127178849606,0,0.0,410.0,415.0,0,0,0
0.0027379298,0.05050133,1.2408126e-05,0.073725,2172.309925613928,-0.0004771519452333,-0.0510675236582756,187.60885368797767,0.0051375,0.00294433,0.057275075,-0.0001420485787093,1,109.6250080125172,0,0.0,415.0,420.0,0,0,0
0.0033790073,0.06009101,2.0890153e-05,0.1177625,2430.568209778421,0.000641077524051,0.0095896795392036,258.25828416449303,0.0440375,0.003110673,0.070720404,0.0001639255788177,1,182.7846115387845,0,0.0,420.0,425.0,0,0,0
0.002961539,0.033566058,1.4851442e-05,0.074075,2192.724023591225,-0.0004174683708697,-0.0265249535441398,-237.84418618719565,-0.0436875,0.0030261585,0.0480528,0.0002236091531813,1,117.22908893788744,0,0.0,425.0,430.0,0,0,0
0.002662537,0.04563483,1.3962832e-05,0.10695,2621.5868465140816,-0.0002990020439028,0.0120687708258628,428.86282292285614,0.032875,0.0030010277,0.046430632,-0.0007164704147726,1,175.43004220383713,0,0.0,430.0,435.0,0,0,0
0.0023179234,0.017947108,8.8261095e-06,0.1004375,2342.411122757409,-0.0003446135669946,-0.0276877209544181,-279.1757237566726,-0.0065125,0.002647333,0.032382663,-0.0006436156108975,1,177.7228282958263,0,0.0,435.0,440.0,0,0,0
0.0023088204,0.02893284,9.021033e-06,0.084825,2237.53636941742,-9.10297967493534e-06,0.0109857320785522,-104.87475333998918,-0.0156125,0.0024297603,0.030838259,-0.0003537165466696,1,162.08110712485177,0,0.0,440.0,445.0,0,0,0
0.0021589557,0.015876696,7.5306693e-06,0.0690375,2229.3519114755013,-0.0001498647034168,-0.013056144118309,-8.184457941918481,-0.0157874999999999,0.0022618996,0.020918882,-0.0001589676830917,1,51.47608343861539,0,0.0,445.0,450.0,0,0,0
0.0024804673,0.01978389,1.0430752e-05,0.099525,2427.954054291048,0.00032151164487,0.0039071943610906,198.6021428155468,0.0304875,0.0023160812,0.021531142,0.0001716469414532,1,91.7537109121553,0,0.0,450.0,455.0,0,0,0
0.0018731084,0.015748851,5.5286064e-06,0.0991,2395.861650039144,-0.0006073588738217,-0.0040350388735532,-32.0924042519041,-0.000425,0.0021708438,0.017136479,-0.0002858472289517,1,87.04930057675945,0,0.0,455.0,460.0,0,0,0
0.0021176892,0.020216402,7.5518824e-06,0.085925,2398.594664152846,0.0002445807913318,0.0044675506651401,2.7330141137017563,-0.0131749999999999,0.0021570884,0.018583048,-0.0003627780824899,1,14.527237123954814,0,0.0,460.0,465.0,0,0,0
0.002258928,0.026334172,8.741837e-06,0.1036375,2422.723356889283,0.0001412387937307,0.006117770448327,24.128692736437188,0.0177124999999999,0.002083242,0.020766474,0.0003858195850625,1,12.07023185921966,0,0.0,465.0,470.0,0,0,0
0.0020683461,0.014990246,6.9471157e-06,0.0865,2230.332026359246,-0.0001905818935483,-0.0113439261913299,-192.39133053003707,-0.0171375,0.0021483211,0.020513607,-4.934309981763363e-05,1,85.5757839276896,0,0.0,470.0,475.0,0,0,0
0.0027902806,0.026405424,1.390455e-05,0.0864125,1978.0946315506612,0.0007219344843178,0.0114151779562234,-252.23739480858444,-8.749999999999036e-05,0.0023725182,0.022576615,0.0005313525907695,1,182.06617563682929,0,0.0,475.0,480.0,0,0,0
0.00270516,0.03126401,1.1948591e-05,0.0632625,2096.7962737637463,-8.51205550134182e-05,0.0048585869371891,118.70164221308482,-0.02315,0.0025212623,0.024219895,0.0006368139293044,1,103.0348271352682,1,0.6931471805599453,480.0,485.0,1,6,30
0.0031250536,0.04172657,1.8044404e-05,0.0589625,2105.86682765406,0.000419893534854,0.0104625597596168,9.070553890313477,-0.0042999999999999,0.002873498,0.033132,0.0003347729798406,1,58.21234014751087,2,1.0986122886681096,485.0,490.0,1,5,25
0.0039582513,0.028823927,2.6545993e-05,0.075175,2240.3209005047293,0.000833197729662,-0.0129026435315608,134.4540728506695,0.0162125,0.0032628216,0.03393817,0.0012530912645161,1,65.62476762722771,3,1.3862943611198906,490.0,495.0,1,4,20
0.0023561395,0.017120369,8.925598e-06,0.0868625,2357.043701002148,-0.0016021118499338,-0.0117035582661628,116.72280049741812,0.0116874999999999,0.0031464815,0.029223623,-0.0007689141202718,1,102.62766118732016,4,1.6094379124341003,495.0,500.0,1,3,15
0.0025812846,0.034038763,1.3303462e-05,0.075575,2263.672816106519,0.0002251451369374,0.0169183947145938,-93.37088489562848,-0.0112874999999999,0.0029652251,0.026661018,-0.0013769667129963,1,50.42887870217254,5,1.791759469228055,500.0,505.0,1,2,10
0.0027735487,0.024026074,1.3322362e-05,0.103375,2328.262192276636,0.0001922640949487,-0.0100126899778842,64.5893761701168,0.0277999999999999,0.0025703243,0.025061736,0.0004174092318862,1,39.04169410138383,6,1.9459101490553132,505.0,510.0,1,1,5
0.0024540485,0.03646572,1.0000519e-05,0.0676375,2099.623610964404,-0.0003195002209395,0.0124396458268165,-228.638581312232,-0.0357374999999999,0.0026029607,0.031510185,-0.0001272361259907,1,96.24016837883276,0,0.0,510.0,515.0,0,0,0
0.002345133,0.030801367,9.939997e-06,0.0773625,2344.6882223449297,-0.0001089153811335,-0.0056643523275852,245.064611380526,0.0097249999999999,0.0025242434,0.030431053,-0.000428415602073,1,111.85411087630712,0,0.0,515.0,520.0,0,0,0
0.0023708148,0.021684315,9.133342e-06,0.087775,2539.716839334659,2.5681685656309128e-05,-0.0091170519590377,195.02861698972947,0.0104125,0.0023899989,0.02965047,-8.323369547724724e-05,1,180.05396563048308,0,0.0,520.0,525.0,0,0,0
0.00302432,0.026678484,1.5578114e-05,0.0765875,2351.9355814459936,0.0006535050924867,0.0049941688776016,-187.78125788866555,-0.0111875,0.0025800893,0.026388055,0.000679186778143,1,90.27764979533102,0,0.0,525.0,530.0,0,0,0
0.0029321637,0.029370446,1.4573053e-05,0.11735,2520.58669586429,-9.215623140335084e-05,0.0026919618248939,168.6511144182964,0.0407624999999999,0.0027757662,0.025911083,0.0005613488610833,1,84.37414137701704,0,0.0,530.0,535.0,0,0,0
0.0020724097,0.023599988,7.08648e-06,0.088275,2328.4934288435225,-0.0008597539272159,-0.0057704579085111,-192.0932670207676,-0.0290749999999999,0.0026762977,0.02654964,-0.0009519101586192,1,85.56515136165267,0,0.0,535.0,540.0,0,0,0
0.002684939,0.038352497,1.2232445e-05,0.10665,2708.540018422594,0.00061252922751,0.0147525090724229,380.0465895790717,0.0183749999999999,0.0025631709,0.030440977,-0.0002472246997058,1,155.15643895619283,0,0.0,540.0,545.0,0,0,0
0.0026939078,0.01870805,1.1860704e-05,0.0922,2235.3663625946933,8.968869224190712e-06,-0.019644446671009,-473.1736558279008,-0.0144499999999999,0.002483752,0.026886845,0.0006214980967342,1,204.668124123024,0,0.0,545.0,550.0,0,0,0
0.0023274815,0.015068289,8.57462e-06,0.0862625,2276.0730022205203,-0.0003664263058453,-0.0036397613584995,40.70663962582694,-0.0059374999999999,0.002568776,0.024042943,-0.0003574574366211,1,214.10746501643945,0,0.0,550.0,555.0,0,0,0
0.0030173184,0.032658227,1.566845e-05,0.0854875,2130.659703658596,0.000689836917445,0.0175899378955364,-145.41329856192442,-0.000775,0.0026795694,0.022144854,0.0003234106115996,1,61.25134223821508,0,0.0,555.0,560.0,0,0,0
0.0025620498,0.016681602,1.056378e-05,0.0869,2335.1333909170244,-0.0004552686586976,-0.0159766245633363,204.47368725842853,0.0014125,0.0026356166,0.021469371,0.0002345682587474,1,85.92156998145276,0,0.0,560.0,565.0,0,0,0
0.0028711914,0.02759157,1.3313109e-05,0.076425,2186.39292604773,0.0003091415856033,0.0109099671244621,-148.74046486929456,-0.0104749999999999,0.002816853,0.025643801,-0.0001461270730942,1,86.30656389899912,0,0.0,565.0,570.0,0,0,0
0.002669227,0.037677698,1.2246911e-05,0.087275,2182.921109700133,-0.0002019642852246,0.010086128488183,-3.4718163475963597,0.0108499999999999,0.0027008227,0.027316958,0.0001071773003786,1,70.94940133764749,0,0.0,570.0,575.0,0,0,0
0.0024778037,0.05627106,9.961466e-06,0.0807875,2311.7876216538552,-0.0001914233434945,0.0185933634638786,128.86651195372178,-0.0064875,0.0026727405,0.040513445,-0.0003933876287192,1,59.94669956443993,0,0.0,575.0,580.0,0,0,0
0.0029628926,0.07945344,1.4986448e-05,0.092525,2267.466954856016,0.0004850889090448,0.0231823772192001,-44.320666797839294,0.0117374999999999,0.002703308,0.05780073,0.0002936655655503,1,53.457043337666384,0,0.0,580.0,585.0,0,0,0
0.0026457969,0.17623746,1.8637385e-05,0.0759875,2088.03422834642,-0.0003170957788825,0.0967840254306793,-179.4327265095958,-0.0165374999999999,0.0026954978,0.103987314,0.0001679931301623,1,96.7390567251604,0,0.0,585.0,590.0,0,0,0
0.0041949935,0.19024369,9.815826e-05,0.1137,2396.369933033101,0.0015491966623812,0.0140062272548675,308.3357046866813,0.0377124999999999,0.0032678943,0.14864486,0.0012321008834987,1,126.43970364047571,0,0.0,590.0,595.0,0,0,0
0.003108865,0.02646102,1.6267028e-05,0.07495,1924.7389770096736,-0.0010861284099519,-0.1637826710939407,-471.6309560234277,-0.0387499999999999,0.0033165521,0.13098073,0.0004630682524293,1,195.55391543377945,0,0.0,595.0,600.0,0,0,0
0.0027106293,0.021250777,1.2414548e-05,0.0544125,1665.9766227576831,-0.000398235861212,-0.005210243165493,-258.7623542519907,-0.0205375,0.0033381626,0.07931849,-0.0014843642711639,1,302.3735920187124,0,0.0,600.0,605.0,0,0,0
0.00398874,0.17887874,8.533495e-05,0.056225,2086.95965378787,0.0012781107798218,0.1576279699802398,420.983031030187,0.0018124999999999,0.0032694116,0.07553018,0.0008798749186098,1,173.3654509884225,0,0.0,605.0,610.0,0,0,0
0.0024070544,0.02097018,9.612479e-06,0.0903875,2352.642324023502,-0.0015816856175661,-0.15790855884552,265.68267023563203,0.0341625,0.0030354746,0.0736999,-0.0003035748377442,1,282.7098589197409,0,0.0,610.0,615.0,0,0,0
0.002325256,0.020423923,8.706751e-06,0.09875,2319.5331865842604,-8.179852738976479e-05,-0.0005462579429149,-33.10913743924175,0.0083625,0.0029070165,0.07342428,-0.0016634841449558,1,118.21540809654768,0,0.0,615.0,620.0,0,0,0
0.0023922825,0.01973224,9.564592e-06,0.0882,2265.962390120176,6.702658720314503e-05,-0.000691682100296,-53.5707964640842,-0.01055,0.0023748642,0.020375447,-1.477194018661976e-05,1,35.71407465668883,0,0.0,620.0,625.0,0,0,0
0.0025254781,0.020262837,1.0364259e-05,0.0897,2387.357893821664,0.0001331956591457,0.0005305968225002,121.39550370148754,0.0015,0.0024143388,0.020139666,0.0002002222463488,1,49.673253997804586,0,0.0,625.0,630.0,0,0,0
0.002932799,0.03154389,1.4724348e-05,0.0978875,2299.1134284529508,0.0004073209129273,0.0112810507416725,-88.24446536871301,0.0081875,0.0026168532,0.023846323,0.0005405165720731,1,51.23252583368082,0,0.0,630.0,635.0,0,0,0
0.0032792191,0.022426976,1.7491437e-05,0.0787125,2140.2026448213387,0.0003464200999587,-0.0091169122606515,-158.91078363161205,-0.0191749999999999,0.0029124988,0.024744568,0.0007537410128861,1,102.26623203462384,0,0.0,635.0,640.0,0,0,0
0.0032747795,0.03105745,1.8170738e-05,0.086075,2258.065702832396,-4.439614713191986e-06,0.0086304750293493,117.86305801105708,0.0073624999999999,0.003162266,0.028342774,0.0003419804852455,1,67.35416622992159,0,0.0,640.0,645.0,0,0,0
0.0026547618,0.03547173,1.30401195e-05,0.1049375,2603.2932317968225,-0.0006200177595019,0.0044142790138721,345.2275289644267,0.0188625,0.0030695868,0.029652052,-0.0006244573742151,1,196.50463351729564,0,0.0,645.0,650.0,0,0,0
0.0038107522,0.0796393,3.222905e-05,0.1141375,2542.964200691333,0.0011559904087334,0.0441675707697868,-60.32903110548932,0.0092,0.0032467644,0.04872283,0.0005359726492315,1,150.55039497025209,0,0.0,650.0,655.0,0,0,0
0.003017664,0.026856594,1.51665745e-05,0.08745,2442.954339559504,-0.0007930882275104,-0.0527827069163322,-100.00986113182898,-0.0266875,0.0031610595,0.04732254,0.000362902181223,1,66.12288617215776,0,0.0,655.0,660.0,0,0,0
0.003263691,0.021786826,1.74523e-05,0.096475,2354.0973934111885,0.0002460270188748,-0.0050697680562734,-88.85694614831573,0.009025,0.0033640359,0.04276091,-0.0005470612086355,1,77.14935017700532,0,0.0,660.0,665.0,0,0,0
0.0029032135,0.021050889,1.4061379e-05,0.1141875,2338.672828726981,-0.0003604774829,-0.0007359366863965,-15.424564684207326,0.0177124999999999,0.0030615227,0.023231437,-0.0001144504640251,1,45.956631217819066,0,0.0,665.0,670.0,0,0,0
0.0028005915,0.020575017,1.301257e-05,0.0694625,2079.46081250216,-0.0001026219688355,-0.0004758723080158,-259.2120162248216,-0.044725,0.0029891653,0.021137578,-0.0004630994517356,1,125.9867886038656,0,0.0,670.0,675.0,0,0,0
0.0029342854,0.033026002,1.5803536e-05,0.08495,2438.26870942315,0.0001336939167231,0.012450985610485,358.8078969209905,0.0154875,0.0028793635,0.02488397,3.1071947887539864e-05,1,151.23686929223413,0,0.0,675.0,680.0,0,0,0
0.0028560902,0.024034396,1.3739002e-05,0.1673375,2923.530745906861,-7.81952403485775e-05,-0.0089916065335273,485.26203648371074,0.0823875,0.0028636556,0.025878472,5.549867637455464e-05,1,345.87672875092994,0,0.0,680.0,685.0,0,0,0
0.0023625244,0.020433445,9.201057e-06,0.0824875,2252.917774833613,-0.000493565807119,-0.0036009512841701,-670.612971073248,-0.08485,0.0027176335,0.025831282,-0.0005717610474675,1,282.7554832904261,0,0.0,685.0,690.0,0,0,0
0.0024933557,0.023927286,1.0578634e-05,0.07965,2230.3958941818,0.0001308312639594,0.0034938417375087,-22.521880651813262,-0.0028375,0.0025706568,0.022798374,-0.0003627345431596,1,321.5699189144314,0,0.0,690.0,695.0,0,0,0
0.0027691207,0.044973493,1.3266596e-05,0.057775,1975.1250605272369,0.0002757650800049,0.0210462063550949,-255.2708336545627,-0.021875,0.0025416669,0.029778073,0.0004065963439643,1,125.98025671795374,0,0.0,695.0,700.0,0,0,0
0.0025405693,0.01655323,1.0404465e-05,0.060225,2138.794642914121,-0.0002285514492541,-0.0284202620387077,163.66958238688426,0.00245,0.0026010151,0.02848467,4.721363075077534e-05,1,105.58920396580793,0,0.0,700.0,705.0,0,0,0
0.002707064,0.06842083,1.2391133e-05,0.0815,2314.3599156566383,0.0001664946321398,0.0518675968050956,175.5652727425172,0.021275,0.0026722513,0.043315846,-6.205681711435318e-05,1,138.52042935029775,0,0.0,705.0,710.0,0,0,0
0.0023301952,0.018696098,8.814301e-06,0.0831625,2140.3609854554334,-0.0003768687602132,-0.0497247278690338,-173.99893020120498,0.0016624999999999,0.0025259426,0.03455672,-0.0002103741280734,1,82.3955541770408,0,0.0,710.0,715.0,0,0,0
0.0022425405,0.01670774,7.992928e-06,0.0495125,1845.8963057378332,-8.765468373894691e-05,-0.0019883569329977,-294.4646797175999,-0.03365,0.0024265999,0.034608223,-0.0004645234439522,1,193.3457550982208,0,0.0,715.0,720.0,0,0,0
0.0023239623,0.028070003,8.787076e-06,0.075875,1988.202948115652,8.142180740833282e-05,0.0113622620701789,142.30664237781843,0.0263624999999999,0.0022988992,0.021157948,-6.23287633061409e-06,1,120.23712515651512,0,0.0,720.0,725.0,0,0,0
0.0021638223,0.03022928,7.849205e-06,0.0827625,2264.836880528077,-0.0001601399853825,0.0021592769771814,276.63393241242466,0.0068875,0.0022434418,0.02500234,-7.871817797422409e-05,1,173.93763832425992,0,0.0,725.0,730.0,0,0,0
0.0021826378,0.029236354,7.962624e-06,0.0887875,2495.2556344550326,1.8815509974956512e-05,-0.0009929258376359,230.418753926956,0.006025,0.0022234742,0.029178545,-0.0001413244754076,1,207.28980289204225,0,0.0,730.0,735.0,0,0,0
0.0022389411,0.018604329,8.015397e-06,0.0715625,2061.775863913413,5.630333907902241e-05,-0.010632025077939,-433.4797705416195,-0.017225,0.0021951338,0.02602332,7.511884905397892e-05,1,177.08481649532516,0,0.0,735.0,740.0,0,0,0
0.0022969104,0.017892947,8.592695e-06,0.0787125,2239.022630783154,5.7969242334365845e-05,-0.0007113814353942,177.2467668697409,0.00715,0.0022394964,0.021911211,0.0001142725814133,1,177.9439612179146,0,0.0,740.0,745.0,0,0,0
0.0023153762,0.03405283,8.601198e-06,0.0897875,2441.098999800075,1.84657983481884e-05,0.0161598827689886,202.07636901692103,0.011075,0.0022837427,0.023516702,7.643504068255424e-05,1,154.96856910703255,0,0.0,745.0,750.0,0,0,0
0.002381758,0.045675628,9.568926e-06,0.0975375,2455.4898181719664,6.638187915086746e-05,0.0116227976977825,14.390818371891328,0.0077499999999999,0.0023313481,0.032540467,8.484767749905586e-05,1,98.82644595704062,0,0.0,750.0,755.0,0,0,0
0.0026846349,0.026250929,1.2521866e-05,0.0808625,2443.268551330359,0.0003028768114745,-0.0194246992468833,-12.221266841607305,-0.0166749999999999,0.0024605896,0.035326462,0.0003692586906254,1,6.334753967590155,0,0.0,755.0,760.0,0,0,0
0.0027662523,0.068729535,1.3213474e-05,0.0757875,2441.1323410559835,8.161738514900208e-05,0.0424786061048507,-2.1362102743755718,-0.005075,0.0026108818,0.04688536,0.0003844941966235,1,6.3250815250441175,0,0.0,760.0,765.0,0,0,0
0.0022473182,0.01819978,8.137777e-06,0.110225,2574.276746227204,-0.0005189341027289,-0.0505297556519508,133.14440517122057,0.0344375,0.0025660684,0.03772675,-0.0004373167175799,1,62.26747247235931,0,0.0,765.0,770.0,0,0,0
0.0024558315,0.023560386,1.0667706e-05,0.1047,2419.969288343947,0.0002085133455693,0.0053606070578098,-154.30745788325703,-0.005525,0.0024898006,0.0368299,-0.0003104207571595,1,68.30169917105832,0,0.0,770.0,775.0,0,0,0
0.0023054758,0.020054987,8.607939e-06,0.0864875,2372.145724076759,-0.0001503557432442,-0.0035053994506597,-47.823564267187976,-0.0182125,0.0023362085,0.02060505,5.815760232508183e-05,1,86.25210784747665,0,0.0,775.0,780.0,0,0,0
0.0022101223,0.044079393,8.074276e-06,0.0949375,2601.7865908802664,-9.535346180200575e-05,0.0240244064480066,229.64086680350735,0.00845,0.00232381,0.029231587,-0.0002457092050462,1,98.92733163908612,0,0.0,780.0,785.0,0,0,0
0.002156916,0.021043628,7.733478e-06,0.110925,2721.2092266093714,-5.320622585713864e-05,-0.0230357646942138,119.42263572910495,0.0159875,0.0022241713,0.02839267,-0.0001485596876591,1,144.85319097896163,0,0.0,785.0,790.0,0,0,0
0.002455421,0.04169076,1.0733763e-05,0.1237875,2800.273008073588,0.0002985049504786,0.0206471309065818,79.06378146421685,0.0128624999999999,0.002274153,0.035604592,0.0002452987246215,1,81.5881971816385,0,0.0,790.0,795.0,0,0,0
0.0029766613,0.09090629,2.4391722e-05,0.094675,2558.9264086941103,0.0005212402902543,0.0492155328392982,-241.346599379478,-0.0291125,0.002529666,0.051213562,0.000819745240733,1,100.46280437277244,0,0.0,795.0,800.0,0,0,0
0.0024005072,0.025410589,9.673622e-06,0.1306625,2639.8004616734406,-0.000576154096052,-0.0654956996440887,80.87405297933037,0.0359874999999999,0.0026108632,0.052669216,-5.4913805797696114e-05,1,100.29967964139009,0,0.0,800.0,805.0,0,0,0
0.0025146229,0.0740179,1.0959849e-05,0.10815,2659.910904433983,0.0001141156535595,0.0486073084175586,20.110442760542355,-0.0225124999999999,0.0026305972,0.06344493,-0.0004620384424924,1,43.64364626426797,0,0.0,805.0,810.0,0,0,0
0.0024975077,0.05831694,1.1254937e-05,0.1190625,2553.85142858088,-1.7115147784352303e-05,-0.0157009586691856,-106.05947585310288,0.0109125,0.0024708793,0.052581806,9.700050577521324e-05,1,45.99550535505981,0,0.0,810.0,815.0,0,0,0
0.0024532732,0.031682387,1.0137426e-05,0.1032125,2492.7770723157323,-4.423456266522408e-05,-0.0266345515847206,-61.0743562651478,-0.01585,0.0024884678,0.054672405,-6.134971044957638e-05,1,69.05103366349068,0,0.0,815.0,820.0,0,0,0
0.00204357,0.012614684,6.547179e-06,0.0843125,2313.160723029695,-0.0004097032360732,-0.0190677028149366,-179.61634928603735,-0.0189,0.0023314503,0.03420467,-0.0004539377987384,1,102.15681065171506,0,0.0,820.0,825.0,0,0,0
0.0024654996,0.01992202,9.680648e-06,0.0829875,2097.064565447106,0.0004219296388328,0.0073073357343673,-216.09615758258903,-0.0013249999999999,0.002320781,0.021406362,1.2226402759552002e-05,1,161.7776149688398,0,0.0,825.0,830.0,0,0,0
0.0022698278,0.01822485,8.349276e-06,0.0923375,2290.36326014952,-0.0001956718042492,-0.0016971696168184,193.2986947024137,0.0093499999999999,0.0022596323,0.016920518,0.0002262578345835,1,96.94308697454576,0,0.0,830.0,835.0,0,0,0
0.002205232,0.023110256,7.840176e-06,0.080075,2251.7884572843554,-6.459583528339863e-05,0.0048854053020477,-38.5748028651642,-0.0122625,0.0023135198,0.02041904,-0.0002602676395326,1,83.52769566969863,0,0.0,835.0,840.0,0,0,0
0.002493993,0.020549271,1.0741679e-05,0.0851875,2081.1836295029243,0.0002887609880417,-0.0025609843432903,-170.60482778143114,0.0051125,0.0023230177,0.020628126,0.0002241651527583,1,90.8907406088725,0,0.0,840.0,845.0,0,0,0
0.0025067923,0.021141369,1.0669025e-05,0.0913625,2184.966380154741,1.2799398973584177e-05,0.0005920976400375,103.78275065181651,0.006175,0.0024020057,0.021600299,0.0003015603870153,1,70.19184551174736,0,0.0,845.0,850.0,0,0,0
0.002112088,0.0146142505,7.0948618e-06,0.074225,2104.9543553843405,-0.000394704286009,-0.0065271183848381,-80.01202477040033,-0.0171375,0.0023709575,0.018768298,-0.0003819048870354,1,44.39448270230298,0,0.0,850.0,855.0,0,0,0
0.0023761236,0.015466532,9.010039e-06,0.0722125,2545.1889577223424,0.0002640355378389,0.0008522812277078,440.2346023380019,-0.0020125,0.0023316678,0.01707405,-0.0001306687481701,1,191.4763503217984,0,0.0,855.0,860.0,0,0,0
0.0023094525,0.023890171,8.257855e-06,0.0636125,1958.9553345704087,-6.667105481028557e-05,0.0084236394613981,-586.2336231519337,-0.0085999999999999,0.002265888,0.017990319,0.0001973644830286,1,249.17465540998637,0,0.0,860.0,865.0,0,0,0
0.0022489692,0.017233782,8.04357e-06,0.0597125,1896.120322743111,-6.048334762454033e-05,-0.006656389683485,-62.83501182729765,-0.0039,0.002311515,0.018863494,-0.0001271544024348,1,292.2913676717848,0,0.0,865.0,870.0,0,0,0
0.0033019795,0.03754832,2.1055228e-05,0.0648,1912.242649117902,0.0010530103463679,0.0203145369887352,16.1223263747911,0.0050874999999999,0.0026201338,0.026224092,0.0009925269987434,1,26.646332041216265,0,0.0,870.0,875.0,0,0,0
0.002736387,0.043422304,1.2825108e-05,0.06695,2026.809483039366,-0.0005655924323946,0.0058739855885505,114.56683392146374,0.0021499999999999,0.0027624452,0.0327348,0.0004874179139733,1,58.18089172902784,1,0.6931471805599453,875.0,880.0,1,1,5
0.0019320232,0.014850698,5.8818923e-06,0.104225,2338.888867083461,-0.0008043638663366,-0.028571605682373,312.0793840440949,0.037275,0.0026567967,0.03194044,-0.0013699562987312,1,180.29176868017916,0,0.0,880.0,885.0,0,0,0
0.001891659,0.016313575,5.75253e-06,0.083875,2191.1409376887414,-4.03642188757658e-05,0.0014628767967224,-147.74792939471945,-0.0203499999999999,0.0021866898,0.024862193,-0.0008447280852124,1,127.46582094077372,0,0.0,885.0,890.0,0,0,0
0.0020318702,0.021726828,6.7435244e-06,0.070875,2099.0548788474216,0.0001402111956849,0.0054132528603076,-92.08605884131975,-0.013,0.0019518508,0.017630367,9.984697680920362e-05,1,98.78688328729488,0,0.0,890.0,895.0,0,0,0
0.0021888958,0.020587686,7.808704e-06,0.097225,2395.4175202283345,0.000157025642693,-0.0011391416192054,296.3626413809129,0.02635,0.0020374751,0.019542696,0.000297236838378,1,123.84559365653392,0,0.0,895.0,900.0,0,0,0
0.002782835,0.022840954,1.3169351e-05,0.06915,2054.8039659394053,0.0005939390975981,0.0022532679140567,-340.6135542889292,-0.028075,0.0023345335,0.021718489,0.0007509647402912,1,151.21969002628143,0,0.0,900.0,905.0,0,0,0
0.0024430787,0.016397359,9.436825e-06,0.0705,2195.587780684248,-0.0003397562541067,-0.0064435955137014,140.78381474484286,0.0013499999999999,0.0024716032,0.019942,0.0002541828434914,1,139.7496176364099,0,0.0,905.0,910.0,0,0,0
0.0020738768,0.015624257,6.72919e-06,0.0796125,2139.4252537808643,-0.0003692018799483,-0.0007731020450592,-56.16252690338388,0.0091125,0.0024332635,0.018287523,-0.0007089581340551,1,57.8648562295809,0,0.0,910.0,915.0,0,0,0
0.0023347638,0.022759128,9.106656e-06,0.064375,1934.8426492711328,0.0002608869690448,0.0071348715573549,-204.5826045097317,-0.0152375,0.0022839063,0.018260248,-0.0001083149109035,1,112.04973848539146,0,0.0,915.0,920.0,0,0,0
0.002125734,0.012548603,7.023321e-06,0.0578125,1933.0846734668164,-0.0002090297639369,-0.0102105252444744,-1.7579758043161746,-0.0065624999999999,0.0021781249,0.01697733,5.185720510780811e-05,1,96.8581824864763,0,0.0,920.0,925.0,0,0,0
0.0023481494,0.05113908,1.0963982e-05,0.1004375,2425.600719425777,0.0002224154304713,0.0385904759168624,492.5160459589604,0.0426249999999999,0.002269549,0.028815603,1.338566653430462e-05,1,231.7610429894185,0,0.0,925.0,930.0,0,0,0
0.0021084542,0.019683672,7.3538176e-06,0.119225,2423.132500049137,-0.0002396951895207,-0.0314554050564765,-2.4682193766398086,0.0187875,0.0021941126,0.027790451,-1.727975904941559e-05,1,231.5947178374796,0,0.0,930.0,935.0,0,0,0
0.0020564462,0.012287222,6.6400753e-06,0.084775,2242.7379828748512,-5.200807936489582e-05,-0.007396450266242,-180.3945171742857,-0.0344499999999999,0.0021710165,0.027703324,-0.0002917032688856,1,85.6264849683581,0,0.0,935.0,940.0,0,0,0
0.002477565,0.025212234,1.1009813e-05,0.09225,2211.4973318674474,0.0004211189225316,0.012925012037158,-31.24065100740381,0.0074749999999999,0.0022141552,0.019061044,0.0003691108431667,1,93.2783198064338,0,0.0,940.0,945.0,0,0,0
0.0024825248,0.020889439,1.0312573e-05,0.087025,2243.1481777181384,4.959758371114731e-06,-0.0043227951973676,31.650845850690985,-0.0052249999999999,0.0023388453,0.019462965,0.0004260786809027,1,14.824613835105689,0,0.0,945.0,950.0,0,0,0
0.0026955784,0.08836067,1.37047555e-05,0.0651125,2255.4361647519218,0.0002130535431206,0.0674712285399437,12.287987033783338,-0.0219125,0.0025518893,0.04482078,0.0002180133014917,1,18.509432141047537,0,0.0,950.0,955.0,0,0,0
0.0028358318,0.029314883,1.4583802e-05,0.0982625,2308.090978407476,0.0001402534544467,-0.0590457841753959,52.654813655554335,0.03315,0.0026713116,0.04618833,0.0003533069975674,1,28.16832615982911,0,0.0,955.0,960.0,0,0,0
0.0026135787,0.019862887,1.1058324e-05,0.0766125,2230.0683434693733,-0.0002222531475126,-0.0094519965350627,-78.02263493810278,-0.02165,0.0027149962,0.045846146,-8.199969306588173e-05,1,32.49544809218828,0,0.0,960.0,965.0,0,0,0
0.0024127646,0.02173245,9.9180315e-06,0.0831125,2183.4405073827697,-0.000200814101845,0.0018695630133152,-46.627836086603565,0.0065,0.002620725,0.023636738,-0.0004230672493577,1,51.42354258452789,0,0.0,965.0,970.0,0,0,0
0.0022414837,0.016360704,8.318456e-06,0.0761875,2130.294909158649,-0.0001712809316813,-0.0053717456758022,-53.14559822412093,-0.006925,0.0024226091,0.01931868,-0.0003720950335264,1,40.76129414431635,0,0.0,970.0,975.0,0,0,0
0.0022281872,0.01708651,7.905468e-06,0.07085,2082.670558652015,-1.3296492397785188e-05,0.0007258057594299,-47.62435050663362,-0.0053375,0.0022941453,0.01839322,-0.0001845774240791,1,41.15973752612737,0,0.0,975.0,980.0,0,0,0
0.002191078,0.015439589,7.746886e-06,0.072625,2060.77151737765,-3.71092464774847e-05,-0.0016469210386276,-21.89904127436512,0.0017749999999999,0.0022202495,0.0162956,-5.040573887526989e-05,1,29.023264183236183,0,0.0,980.0,985.0,0,0,0
0.0020435646,0.01510535,6.6492157e-06,0.0706875,2060.497035254316,-0.0001475133467465,-0.0003342386335134,-0.2744821233341099,-0.0019374999999999,0.0021542767,0.01587715,-0.000184622593224,1,10.388607483631567,0,0.0,985.0,990.0,0,0,0
0.0023093566,0.023786027,8.517272e-06,0.082625,2185.0792985932017,0.0002657920122146,0.0086806770414114,124.5822633388857,0.0119375,0.0021813333,0.018110322,0.000118278665468,1,58.66405311395172,0,0.0,990.0,995.0,0,0,0
0.0021174138,0.012396334,6.971097e-06,0.07645,2143.5270359154706,-0.0001919427886605,-0.0113896932452917,-41.55226267773105,-0.006175,0.0021567782,0.017095903,7.384922355413437e-05,1,51.79158220113248,0,0.0,995.0,1000.0,0,0,0
0.001876019,0.011221762,5.499392e-06,0.0700375,2065.397817243528,-0.000241394736804,-0.0011745719239115,-78.12921867194245,-0.0064125,0.0021009299,0.015801374,-0.0004333375254645,1,49.61453900037726,0,0.0,1000.0,1005.0,0,0,0
0.0018280922,0.026160475,5.407632e-06,0.062225,2233.364424198355,-4.792690742760897e-05,0.0149387130513787,167.96660695482706,-0.0078125,0.0019405084,0.016592856,-0.0002893216442316,1,68.62758774371794,0,0.0,1005.0,1010.0,0,0,0
0.0022403938,0.025677394,8.70039e-06,0.118375,2774.384381794662,0.0004123016260564,-0.0004830807447433,541.019957596307,0.0561499999999999,0.0019815017,0.021019876,0.0003643747186288,1,302.50387036705763,0,0.0,1010.0,1015.0,0,0,0
0.0022787133,0.018549781,8.507605e-06,0.0762,2261.430467045408,3.831950016319752e-05,-0.0071276128292083,-512.9539147492546,-0.0421749999999999,0.002115733,0.023462549,0.0004506211262196,1,248.6881170228168,0,0.0,1015.0,1020.0,0,0,0
0.0021882248,0.022524312,7.825016e-06,0.0752625,2225.805695673935,-9.048846550285816e-05,0.0039745308458805,-35.624771371472434,-0.0009375,0.0022357772,0.022250496,-5.216896533966065e-05,1,250.6279708292305,0,0.0,1020.0,1025.0,0,0,0
0.0025945273,0.017902475,1.1111017e-05,0.0731125,2139.2881538222778,0.000406302511692,-0.0046218372881412,-86.51754185165737,-0.0021499999999999,0.0023538216,0.019658856,0.0003158140461891,1,51.28694230917317,0,0.0,1025.0,1030.0,0,0,0
0.002745684,0.021769669,1.3203689e-05,0.075225,1954.561948552653,0.0001511566806584,0.0038671940565109,-184.72620526962464,0.0021125,0.0025094787,0.020732151,0.0005574591923505,1,113.12835694897032,0,0.0,1030.0,1035.0,0,0,0
0.0021309815,0.011826716,7.140155e-06,0.0666625,2084.0521760153647,-0.0006147024687379,-0.009942952543497,129.49022746271157,-0.0085625,0.0024903975,0.017166287,-0.0004635457880795,1,77.4184181114733,0,0.0,1035.0,1040.0,0,0,0
0.002206203,0.019786948,8.4264975e-06,0.0667,2064.2907096676417,7.522152736783028e-05,0.0079602319747209,-19.761466347722944,3.749999999999587e-05,0.0023609563,0.017794445,-0.0005394809413701,1,56.9586941723632,0,0.0,1040.0,1045.0,0,0,0
0.0022986354,0.015964327,8.546614e-06,0.0686625,2063.4166161486846,9.243236854672432e-05,-0.0038226209580898,-0.8740935189571246,0.0019625,0.00221194,0.01585933,0.0001676538959145,1,9.528354893004623,0,0.0,1045.0,1050.0,0,0,0
0.0025589364,0.017054616,1.057654e-05,0.13035,2667.9935357561244,0.0002603009343147,0.0010902881622314,604.5769196074398,0.0616874999999999,0.0023545916,0.017601965,0.0003527333028614,1,284.7944908153014,0,0.0,1050.0,1055.0,0,0,0
0.002213234,0.016970202,7.922569e-06,0.0761625,2042.337974829631,-0.0003457022830843,-8.441321551799774e-05,-625.6555609264933,-0.0541875,0.0023569353,0.016663048,-8.540134876966476e-05,1,290.09623724246387,0,0.0,1055.0,1060.0,0,0,0
0.002392898,0.016541775,8.900832e-06,0.0556625,1817.9013717551195,0.0001796639990061,-0.0004284270107746,-224.43660307451185,-0.0204999999999999,0.0023883563,0.016855532,-0.0001660382840782,1,359.70255567216503,0,0.0,1060.0,1065.0,0,0,0
0.0024354183,0.024472732,9.597937e-06,0.0501625,1847.3468122493096,4.252023063600063e-05,0.0079309567809104,29.44544049419028,-0.0054999999999999,0.0023471836,0.019328237,0.0002221842296421,1,99.58825022726116,0,0.0,1065.0,1070.0,0,0,0
0.0022979127,0.014117718,8.283919e-06,0.0679125,2027.9141715421351,-0.0001375055871903,-0.0103550143539905,180.5673592928256,0.01775,0.0023754097,0.018377408,-9.4985356554389e-05,1,92.84214876293017,0,0.0,1070.0,1075.0,0,0,0
0.0024362497,0.014639384,9.427433e-06,0.0563,1809.421832935136,0.0001383370254188,0.0005216663703322,-218.4923386069995,-0.0116124999999999,0.0023898603,0.017743278,8.314382284879684e-07,1,95.32504470256876,0,0.0,1075.0,1080.0,0,0,0
0.0021983178,0.012328719,7.5022162e-06,0.058875,1931.2224802511903,-0.0002379319630563,-0.0023106653243303,121.80064731605488,0.0025749999999999,0.0023108267,0.013695274,-9.959493763744832e-05,1,89.39524153460235,0,0.0,1080.0,1085.0,0,0,0
0.0022479128,0.02591315,8.431896e-06,0.0695,1965.157040757832,4.959502257406712e-05,0.0135844303295016,33.934560506641446,0.010625,0.0022941602,0.017627085,-0.0001883369404822,1,66.866705748549,0,0.0,1085.0,1090.0,0,0,0
0.002291169,0.013953313,8.344648e-06,0.06055,1974.4713261341792,4.325620830059052e-05,-0.0119598358869552,9.314285376347245,-0.00895,0.0022457999,0.017398393,9.285123087465764e-05,1,18.585457215137783,0,0.0,1090.0,1095.0,0,0,0
0.002437113,0.018345147,9.592761e-06,0.078575,2050.873071951083,0.0001459440682083,0.0043918341398239,76.40174581690394,0.018025,0.0023253981,0.01940387,0.0001892002765089,1,38.40026139879959,0,0.0,1095.0,1100.0,0,0,0
0.0021107034,0.016180811,7.0619813e-06,0.0756625,2179.940097876272,-0.0003264097031205,-0.0021643359214067,129.06702592518877,-0.0029125,0.0022796618,0.016159758,-0.0001804656349122,1,84.79579399045708,0,0.0,1100.0,1105.0,0,0,0
0.002177063,0.02270838,8.377432e-06,0.0869875,2237.3610294596224,6.635952740907669e-05,0.0065275691449642,57.42093158335047,0.011325,0.0022416266,0.019078113,-0.0002600501757115,1,77.98377242932582,0,0.0,1105.0,1110.0,0,0,0
0.002128599,0.034600273,7.2923513e-06,0.0728125,2235.321310265061,-4.846393130719662e-05,0.0118918921798467,-2.0397191945612576,-0.0141749999999999,0.0021387886,0.024496488,1.7895596101880074e-05,1,26.600757140320184,0,0.0,1110.0,1115.0,0,0,0
0.002458644,0.018328082,9.755826e-06,0.0774,2313.1048299131944,0.0003300451207906,-0.0162721909582614,77.78351964813328,0.0045874999999999,0.0022547685,0.025212243,0.0002815811894834,1,36.19631609615471,0,0.0,1115.0,1120.0,0,0,0
0.0024093098,0.08453347,1.14665445e-05,0.0767125,2302.9797299405336,-4.933425225317478e-05,0.0662053823471069,-10.125099972660792,-0.0006874999999999,0.0023321845,0.04582061,0.0002807108685374,1,34.529303708412776,0,0.0,1120.0,1125.0,0,0,0
0.002334634,0.039068136,8.767787e-06,0.0997875,2474.320711379496,-7.46757723391056e-05,-0.0454653315246105,171.34098143896244,0.023075,0.0024008628,0.047309894,-0.0001240100245922,1,78.4933188996079,0,0.0,1125.0,1130.0,0,0,0
0.0023376187,0.025146907,8.726587e-06,0.0755125,2164.9796130467457,2.9846560209989548e-06,-0.0139212291687726,-309.34109833275033,-0.024275,0.002360521,0.049582835,-7.169111631810665e-05,1,126.53224415621774,0,0.0,1130.0,1135.0,0,0,0
0.002226522,0.03291142,8.036041e-06,0.077375,2376.487950675528,-0.0001110967714339,0.0077645126730203,211.5083376287821,0.0018625,0.0022995917,0.03237549,-0.0001081121154129,1,129.09898918235965,0,0.0,1135.0,1140.0,0,0,0
0.0021985415,0.015610203,7.74163e-06,0.1038,2480.7826474474086,-2.7980422601103783e-05,-0.0173012167215347,104.2946967718808,0.026425,0.0022542274,0.024556177,-0.000139077194035,1,131.37931394667703,0,0.0,1140.0,1145.0,0,0,0
0.0024170692,0.019651119,9.924626e-06,0.0858875,2291.608110142632,0.0002185276243835,0.0040409155189991,-189.174537304777,-0.0179124999999999,0.002280711,0.022724247,0.0001905472017824,1,77.36563741100862,0,0.0,1145.0,1150.0,0,0,0
0.0023306576,0.014279563,8.760092e-06,0.0904625,2213.0335767048923,-8.64116009324789e-05,-0.005371555685997,-78.57453343773932,0.0045749999999999,0.0023154228,0.016513629,0.000132116023451,1,112.37364645231844,0,0.0,1150.0,1155.0,0,0,0
0.0025907601,0.025092263,1.1233361e-05,0.0720125,1976.43524369816,0.0002601025626063,0.0108126997947692,-236.59833300673245,-0.01845,0.0024461623,0.019674314,0.0001736909616738,1,133.95134449549124,0,0.0,1155.0,1160.0,0,0,0
0.0021614253,0.014146294,7.3552837e-06,0.06865,2057.1944518284613,-0.0004293348174542,-0.0109459683299064,80.75920813030143,-0.0033624999999999,0.0023609477,0.017839374,-0.0001692322548478,1,98.19858209071944,0,0.0,1160.0,1165.0,0,0,0
0.0020913482,0.044527724,7.0343835e-06,0.07095,2112.5654505622715,-7.007713429629803e-05,0.0303814299404621,55.37099873381021,0.0022999999999999,0.0022811778,0.027922094,-0.0004994119517505,1,55.89616406981668,0,0.0,1165.0,1170.0,0,0,0
0.0019704641,0.0109269945,6.040413e-06,0.0611125,1841.970171336724,-0.0001208840403705,-0.0336007289588451,-270.59527922554776,-0.0098374999999999,0.0020744128,0.023200339,-0.0001909611746668,1,116.71867581359793,0,0.0,1170.0,1175.0,0,0,0
0.0020629093,0.015972765,6.9638936e-06,0.0652875,2154.0893635501125,9.244517423212528e-05,0.0050457706674933,312.1191922133887,0.0041749999999999,0.0020415739,0.023809163,-2.843886613845825e-05,1,138.3893182442249,0,0.0,1175.0,1180.0,0,0,0
0.002173724,0.027586404,7.571718e-06,0.059625,2130.486459252996,0.0001108145806938,0.0116136390715837,-23.60290429711631,-0.0056625,0.0020690325,0.018162055,0.0002032597549259,1,141.89868671860472,0,0.0,1180.0,1185.0,0,0,0
0.0020993117,0.027863812,7.7443865e-06,0.0808375,2134.4367175817474,-7.441220805048943e-05,0.0002774074673652,3.9502583287512607,0.0212125,0.0021119816,0.02380766,3.640237264335156e-05,1,10.322188213749357,0,0.0,1185.0,1190.0,0,0,0
0.0021014228,0.018095374,7.0139736e-06,0.081775,2137.592074687234,2.111075446009636e-06,-0.0097684375941753,3.1553571054864733,0.0009374999999999,0.0021248194,0.024515197,-7.230113260447979e-05,1,2.906899647128653,0,0.0,1190.0,1195.0,0,0,0
0.002249912,0.014814143,8.152738e-06,0.057675,1959.5726428539049,0.0001484891399741,-0.0032812310382723,-178.01943183332924,-0.0241,0.0021502154,0.020257777,0.0001506002154201,1,83.18541473329262,0,0.0,1195.0,1200.0,0,0,0
0.0024179078,0.01820201,9.714932e-06,0.06155,2040.2040904429564,0.00016799592413,0.0033878674730658,80.63144758905173,0.003875,0.0022564142,0.017037176,0.0003164850641041,1,72.78336800680877,0,0.0,1200.0,1205.0,0,0,0
0.0022899192,0.012981592,8.2885235e-06,0.0909625,2224.2667673117826,-0.000127988634631,-0.0052204187959432,184.0626768688262,0.0294125,0.0023192463,0.015332582,4.000728949904442e-05,1,110.77679203342312,0,0.0,1205.0,1210.0,0,0,0
0.0027483392,0.020169169,1.20513205e-05,0.07745,2183.3586395230022,0.0004584200214594,0.0071875769644975,-40.90812778878035,-0.0135124999999999,0.002485389,0.01711759,0.0003304313868284,1,78.91329197825813,0,0.0,1210.0,1215.0,0,0,0
0.0021662547,0.014492249,7.3905812e-06,0.0811125,2384.171366505783,-0.0005820845253765,-0.005676919594407,200.812726982781,0.0036624999999999,0.0024015044,0.015881004,-0.000123664503917,1,86.64660478110567,0,0.0,1215.0,1220.0,0,0,0
0.002280829,0.013468234,8.193134e-06,0.092875,2295.605625625897,0.0001145743299275,-0.0010240152478218,-88.5657408798861,0.0117624999999999,0.0023984744,0.016043218,-0.0004675101954489,1,82.1712491386451,0,0.0,1220.0,1225.0,0,0,0
0.0023500777,0.020967674,9.012136e-06,0.0636875,1945.9058958261248,6.924872286617756e-05,0.0074994396418333,-349.6997297997725,-0.0291875,0.0022657206,0.016309386,0.0001838230527937,1,189.2119370998504,0,0.0,1225.0,1230.0,0,0,0
0.0019953754,0.02099404,6.350301e-06,0.070075,2193.620426411913,-0.0003547023516148,2.63657420873642e-05,247.71453058578825,0.0063875,0.0022087607,0.018476648,-0.0002854536287486,1,146.838297511275,0,0.0,1230.0,1235.0,0,0,0
0.002029483,0.030833445,7.583064e-06,0.0746125,2233.8384766636555,3.4107593819499016e-05,0.0098394062370061,40.21805025174263,0.0045375,0.002124979,0.024265053,-0.0003205947577953,1,127.3163825266936,0,0.0,1235.0,1240.0,0,0,0
0.002359741,0.020589326,9.574842e-06,0.08355,2160.622197761289,0.0003302579279989,-0.0102441199123859,-73.21627890236596,0.0089375,0.0021282,0.024138937,0.0003643655218183,1,29.938823097999084,0,0.0,1240.0,1245.0,0,0,0
0.0024785583,0.025438275,9.920616e-06,0.08145,2313.245668015264,0.0001188174355775,0.0048489496111869,152.62347025397412,-0.0021,0.0022892607,0.025620349,0.0004490753635764,1,62.3253552889331,0,0.0,1245.0,1250.0,0,0,0
0.0022250966,0.061802156,8.143828e-06,0.0789,2251.705340514802,-0.000253461766988,0.0363638810813427,-61.54032750046144,-0.0025499999999999,0.0023544652,0.03594325,-0.0001346443314105,1,62.6961583752116,0,0.0,1250.0,1255.0,0,0,0
0.0021341487,0.08899167,7.8286375e-06,0.0765375,2192.445083913248,-9.094784036278725e-05,0.027189515531063,-59.26025660155437,-0.0023625,0.0022792679,0.058744032,-0.0003444096073508,1,49.31956006014283,0,0.0,1255.0,1260.0,0,0,0
0.0022626247,0.02678896,8.726272e-06,0.0816875,2151.9272920394865,0.0001284759491682,-0.0622027143836021,-40.517791873761325,0.00515,0.0022072901,0.059194263,3.7528108805418015e-05,1,40.97306490359782,0,0.0,1260.0,1265.0,0,0,0
0.002138516,0.02203653,7.5565576e-06,0.07315,1977.0564087730493,-0.0001241087447851,-0.0047524292021989,-174.87088326643698,-0.0085374999999999,0.0021784299,0.045939054,4.367204383015633e-06,1,93.46050779242366,0,0.0,1265.0,1270.0,0,0,0
0.0021780396,0.051903196,9.474166e-06,0.065925,2017.9882208026056,3.952370025217533e-05,0.0298666656017303,40.93181202955634,-0.007225,0.00219306,0.033576228,-8.45850445330143e-05,1,74.68073814891773,0,0.0,1270.0,1275.0,0,0,0
0.002023454,0.016193576,6.4951664e-06,0.07245,2215.508831403588,-0.0001545855775475,-0.0357096195220947,197.52061060098208,0.006525,0.0021133365,0.030044435,-0.0001150618772953,1,104.10964450284594,0,0.0,1275.0,1280.0,0,0,0
0.0023813874,0.031354398,1.1682788e-05,0.080775,2370.644004694012,0.0003579333424568,0.015160821378231,155.13517329042406,0.0083249999999999,0.0021942938,0.03315039,0.0002033477649092,1,144.31732610085197,0,0.0,1280.0,1285.0,0,0,0
0.0019460238,0.01859588,6.0261586e-06,0.0699,2257.271214903582,-0.0004353636177256,-0.0127585176378488,-113.37278979043003,-0.0108749999999999,0.0021169551,0.022047952,-7.743027526885271e-05,1,65.54422436824665,0,0.0,1285.0,1290.0,0,0,0
0.0023913546,0.022979015,9.844033e-06,0.0734125,2201.49730166334,0.0004453308647498,0.004383135586977,-55.77391324024211,0.0035125,0.0022395886,0.024309764,9.967247024178503e-06,1,70.37575814404455,0,0.0,1290.0,1295.0,0,0,0
0.0024154221,0.02121479,9.588408e-06,0.0604625,1975.4979288104248,2.406747080385685e-05,-0.0017642248421907,-225.99937285291503,-0.01295,0.0022509333,0.020929895,0.0004693983355537,1,121.82985890338904,0,0.0,1295.0,1300.0,0,0,0
0.002693679,0.060866468,1.2285426e-05,0.082275,2351.142705845774,0.0002782568335533,0.0396516770124435,375.6447770353491,0.0218125,0.002500152,0.03502009,0.0003023243043571,1,154.40871522494808,0,0.0,1300.0,1305.0,0,0,0
0.002035129,0.042364746,6.686184e-06,0.0734,2186.796695877937,-0.0006585500668734,-0.0185017213225364,-164.34600996783638,-0.0088749999999999,0.00238141,0.041482,-0.0003802932333201,1,153.7551366695819,0,0.0,1305.0,1310.0,0,0,0
0.0036651122,0.45577258,0.0001334198,0.1137625,2482.439597272186,0.0016299833077937,0.4134078323841095,295.6429013942484,0.0403624999999999,0.0027979733,0.1863346,0.0009714332409203,1,120.94682478740468,0,0.0,1310.0,1315.0,0,0,0
0.002167989,0.029982312,7.677603e-06,0.073625,2183.0450640448857,-0.0014971231576055,-0.4257902801036834,-299.39453322730014,-0.0401375,0.0026227434,0.17603987,0.0001328601501882,1,140.26003089999696,0,0.0,1315.0,1320.0,0,0,0
0.0021219593,0.029003032,7.3891206e-06,0.053275,1930.4334998450893,-4.602968692779541e-05,-0.0009792800992727,-252.61156419979625,-0.0203499999999999,0.002651687,0.17158598,-0.0015431528445333,1,225.6251612472317,0,0.0,1320.0,1325.0,0,0,0
0.0020560094,0.038387015,6.740593e-06,0.049925,1866.6348881567824,-6.594997830688953e-05,0.0093839839100837,-63.79861168830735,-0.00335,0.0021153193,0.032457452,-0.0001119796652346,1,136.62530456461482,0,0.0,1325.0,1330.0,0,0,0
0.003248816,0.34566793,7.166045e-05,0.087975,2253.189303616138,0.0011928065214306,0.3072808980941772,386.5544154593561,0.03805,0.0024755949,0.137686,0.0011268565431237,1,169.20266869197476,0,0.0,1330.0,1335.0,0,0,0
0.001886903,0.023548562,5.768118e-06,0.0592375,2079.4898702605656,-0.0013619129313156,-0.3221193552017212,-173.69943335557264,-0.0287375,0.0023972427,0.13586785,-0.0001691064098849,1,158.07981551720195,0,0.0,1335.0,1340.0,0,0,0
0.0018546554,0.014877616,5.7212987e-06,0.0620875,2143.3935263066014,-3.224750980734825e-05,-0.0086709456518292,63.90365604603585,0.0028499999999999,0.0023301246,0.12803137,-0.0013941604411229,1,71.73274714684784,0,0.0,1340.0,1345.0,0,0,0
0.0018872262,0.0119490605,5.5986675e-06,0.0569,1967.650847824039,3.257079515606165e-05,-0.0029285559430718,-175.7426784825625,-0.0051874999999999,0.0018762616,0.016791746,3.23285348713398e-07,1,72.63082696901984,0,0.0,1345.0,1350.0,0,0,0
0.0020904462,0.01715564,7.5250223e-06,0.0741,2147.065121066488,0.0002032199408859,0.0052065793424844,179.41427324244842,0.0172,0.0019441093,0.014660772,0.0002357907360419,1,83.72471498337214,0,0.0,1350.0,1355.0,0,0,0
0.0017208318,0.011665559,4.682426e-06,0.088375,2274.7996596200464,-0.0003696143394336,-0.0054900804534554,127.7345385535591,0.0142749999999999,0.0018995013,0.013590086,-0.0001663943985477,1,125.9832380254108,0,0.0,1355.0,1360.0,0,0,0
0.0024496487,0.021133408,1.0375519e-05,0.0596875,1971.4338314158656,0.0007288168417289,0.0094678485766053,-303.3658282041806,-0.0286874999999999,0.0020869756,0.016651535,0.0003592025022953,1,124.36205564839015,0,0.0,1360.0,1365.0,0,0,0
0.001685639,0.011165302,4.5026613e-06,0.0732625,2176.9325256444763,-0.0007640096591785,-0.0099681057035923,205.49869422861047,0.0135749999999999,0.0019520399,0.0146547565,-3.51928174495697e-05,1,126.42016143895567,0,0.0,1365.0,1370.0,0,0,0
0.0017398156,0.014092477,4.950737e-06,0.0854,2212.276033423316,5.4176547564566135e-05,0.0029271747916936,35.34350777883992,0.0121375,0.0019583676,0.015463729,-0.0007098331116139,1,106.18842955361862,0,0.0,1370.0,1375.0,0,0,0
0.0020012753,0.017866941,6.613325e-06,0.0639375,1990.5447502705367,0.0002614597324281,0.0037744641304016,-221.7312831527795,-0.0214625,0.00180891,0.014374907,0.0003156362799927,1,97.2707151770752,0,0.0,1375.0,1380.0,0,0,0
0.002553147,0.01933005,1.0900311e-05,0.060775,1872.2727818097208,0.0005518717225641,0.001463109627366,-118.27196846081596,-0.0031624999999999,0.0020980793,0.01709649,0.0008133314549922,1,140.931516686491,0,0.0,1380.0,1385.0,0,0,0
0.0018689334,0.0132255405,5.711687e-06,0.054325,1847.012034890833,-0.0006842135917395,-0.0061045102775096,-25.260746918887435,-0.00645,0.0021411187,0.016807511,-0.0001323418691754,1,62.5637490376081,0,0.0,1385.0,1390.0,0,0,0
0.0017616848,0.017471418,4.9043956e-06,0.060125,2044.5386714510023,-0.0001072486629709,0.0042458772659301,197.52663656016895,0.0058,0.002061255,0.01667567,-0.0007914622547104,1,87.76889743941527,0,0.0,1390.0,1395.0,0,0,0
0.0018101761,0.012651166,5.0631947e-06,0.0679,1976.6529561445927,4.849128890782595e-05,-0.0048202518373727,-67.88571530640957,0.007775,0.001813598,0.014449376,-5.8757374063134193e-05,1,81.94307709688844,0,0.0,1395.0,1400.0,0,0,0
0.0021151712,0.027288742,7.726234e-06,0.0930625,2248.125449410996,0.0003049951046705,0.0146375764161348,271.47249326640303,0.0251625,0.0018956773,0.019137109,0.0003534863935783,1,115.35132860722682,0,0.0,1400.0,1405.0,0,0,0
0.0019752858,0.015248348,6.1753235e-06,0.079475,2174.27909165088,-0.0001398853491991,-0.0120403943583369,-73.84635776011555,-0.0135875,0.0019668776,0.018396085,0.0001651097554713,1,114.603998664901,0,0.0,1405.0,1410.0,0,0,0
0.0025284817,0.018015347,1.0195479e-05,0.110775,2555.9425280103706,0.0005531958304345,0.0027669994160532,381.66343635949033,0.0312999999999999,0.002206313,0.020184146,0.0004133104812353,1,165.2848104487199,0,0.0,1410.0,1415.0,0,0,0
0.0031646462,0.047585666,1.8148035e-05,0.120575,2615.57499383232,0.0006361645646393,0.0295703187584877,59.63246582194961,0.0098,0.002556138,0.026949788,0.0011893603950738,1,195.49512154068697,0,0.0,1415.0,1420.0,0,0,0
0.0021960759,0.0148217715,7.632351e-06,0.0865375,2476.166526916428,-0.0009685703553259,-0.0327638946473598,-139.4084669158924,-0.0340375,0.0026297346,0.026807597,-0.0003324057906866,1,57.1109660401828,0,0.0,1420.0,1425.0,0,0,0
0.0022387088,0.012391213,7.794514e-06,0.10065,2529.1509553392125,4.263292066752911e-05,-0.0024305582046508,52.98442842278473,0.0141125,0.0025331436,0.024932884,-0.0009259374346584,1,57.4564421807094,0,0.0,1425.0,1430.0,0,0,0
0.002135241,0.087418005,8.51172e-06,0.095425,2346.218751962557,-0.0001034678425639,0.0750267952680587,-182.93220337665525,-0.005225,0.0021900085,0.03821033,-6.083492189645767e-05,1,76.8533704191075,0,0.0,1430.0,1435.0,0,0,0
0.002011071,0.020156018,6.4095198e-06,0.0645875,1877.785714259124,-0.0001241699792444,-0.0672619864344596,-468.433037703433,-0.0308374999999999,0.0021283403,0.03998841,-0.0002276378218084,1,274.3012089598718,0,0.0,1435.0,1440.0,0,0,0
0.0020489853,0.019789677,6.7458323e-06,0.083225,2051.902292987161,3.791437484323978e-05,-0.0003663413226604,174.11657872803698,0.0186374999999999,0.002065099,0.042454567,-8.625560440123081e-05,1,193.3242158263443,0,0.0,1440.0,1445.0,0,0,0
0.0018951072,0.011018857,5.6013255e-06,0.0535125,1771.679150490851,-0.0001538781216368,-0.0087708197534084,-280.2231424963102,-0.0297124999999999,0.0019850545,0.016988184,-0.0001159637467935,1,115.51825033934615,0,0.0,1445.0,1450.0,0,0,0
0.0019898983,0.024747813,6.2552376e-06,0.0555875,1984.46403390506,9.479105938225985e-05,0.0137289557605981,212.7848834142089,0.002075,0.001977997,0.018518783,-5.908706225454807e-05,1,119.4200499581812,0,0.0,1450.0,1455.0,0,0,0
0.0023033351,0.016500993,8.53446e-06,0.0680875,1972.991593069408,0.0003134368453174,-0.0082468204200267,-11.472440835651923,0.0124999999999999,0.00206278,0.017422555,0.0004082279046997,1,97.7159847297092,0,0.0,1455.0,1460.0,0,0,0
0.0020056537,0.028090829,6.7717747e-06,0.0602875,2019.6212299175,-0.000297681428492,0.0115898363292217,46.62963684809188,-0.0077999999999999,0.0020996288,0.023113212,1.5755416825413704e-05,1,19.838146090492724,0,0.0,1460.0,1465.0,0,0,0
0.0021263545,0.03425045,7.3295214e-06,0.06225,2003.4172757395584,0.000120700802654,0.0061596203595399,-16.20395417794134,0.0019624999999999,0.0021451144,0.026280755,-0.000176980625838,1,19.329348237360747,0,0.0,1465.0,1470.0,0,0,0
0.0021813412,0.033136465,7.68632e-06,0.0621875,2158.6147325912475,5.4986681789159775e-05,-0.0011139847338199,155.1974568516889,-6.250000000000006e-05,0.0021044498,0.031825915,0.0001756874844431,1,69.65630906238441,0,0.0,1470.0,1475.0,0,0,0
0.0023357768,0.01644811,8.770491e-06,0.0605375,1978.52753772582,0.000154435634613,-0.0166883543133735,-180.08719486542736,-0.0016499999999999,0.0022144907,0.027945006,0.0002094223164021,1,79.67792627971605,0,0.0,1475.0,1480.0,0,0,0
0.0018771389,0.010523733,5.4290313e-06,0.065975,2022.7535613293492,-0.0004586379509419,-0.0059243775904178,44.226023603529256,0.0054375,0.002131419,0.020036103,-0.0003042023163288,1,76.62723389887287,0,0.0,1480.0,1485.0,0,0,0
0.0019128738,0.013492368,5.771406e-06,0.0677,2043.0021998508507,3.573496360331774e-05,0.0029686354100704,20.24863852150133,0.0017249999999999,0.0020419299,0.01348807,-0.0004229029873386,1,26.92155390490264,0,0.0,1485.0,1490.0,0,0,0
0.002350338,0.020473246,8.919851e-06,0.06785,2002.262430340889,0.0004374642157927,0.0069808773696422,-40.73976950996166,0.0001499999999999,0.0020467835,0.014829782,0.000473199179396,1,16.632039464992022,0,0.0,1490.0,1495.0,0,0,0
0.0021875922,0.024764016,7.903397e-06,0.07555,2021.0127314108224,-0.0001627458259463,0.0042907707393169,18.75030106993313,0.0077,0.002150268,0.019576544,0.0002747183898463,1,16.64945555403789,0,0.0,1495.0,1500.0,0,0,0
0.0023010778,0.024805317,8.755015e-06,0.0677125,2457.921880027984,0.0001134856138378,4.130043089389801e-05,436.9091486171615,-0.0078375,0.0022796693,0.023347527,-4.926021210849285e-05,1,210.51965124021925,0,0.0,1500.0,1505.0,0,0,0
0.002049834,0.0253545,6.9378807e-06,0.0665125,2181.707518544225,-0.0002512438222765,0.0005491841584444,-276.2143614837587,-0.0011999999999999,0.0021795013,0.024974609,-0.0001377582084387,1,180.4336727157049,0,0.0,1505.0,1510.0,0,0,0
0.002254667,0.022776246,8.228715e-06,0.0671625,1993.3538405511504,0.0002048329915851,-0.0025782547891139,-188.3536779930746,0.0006499999999999,0.0022018596,0.024312021,-4.64108306914568e-05,1,190.7863682548124,0,0.0,1510.0,1515.0,0,0,0
0.0025437009,0.023411173,1.0212016e-05,0.0613375,1874.0271604284428,0.0002890338655561,0.0006349273025989,-119.32668012270756,-0.0058249999999999,0.002282734,0.023847306,0.0004938668571412,1,126.6592837203117,0,0.0,1515.0,1520.0,0,0,0
0.002463264,0.019700639,1.0124492e-05,0.05295,1931.583343972944,-8.043693378567696e-05,-0.0037105344235897,57.55618354450144,-0.0083875,0.002420544,0.021962687,0.0002085969317704,1,48.72503930884166,0,0.0,1520.0,1525.0,0,0,0
0.002090619,0.02180874,6.9461644e-06,0.070475,2043.7899688868547,-0.0003726449795067,0.0021081008017063,112.20662491391045,0.017525,0.0023658613,0.021640183,-0.0004530819132924,1,70.49227859565485,0,0.0,1525.0,1530.0,0,0,0
0.002443748,0.021698263,9.667476e-06,0.0531875,2036.4692191467443,0.0003531291149556,-0.0001104772090911,-7.320749740110386,-0.0172874999999999,0.0023325437,0.021069214,-1.9515864551067352e-05,1,51.25639999313071,0,0.0,1530.0,1535.0,0,0,0
0.0022164562,0.020343676,7.757049e-06,0.05385,1904.9962231951567,-0.0002272918354719,-0.0013545863330364,-131.4729959515871,0.0006625,0.0022502744,0.02128356,0.0001258372794836,1,63.77255233717103,0,0.0,1535.0,1540.0,0,0,0
0.0020738533,0.03730489,7.789768e-06,0.071425,2162.051402275365,-0.0001426029484719,0.0169612132012844,257.05517908020784,0.017575,0.0022446858,0.026448943,-0.0003698947839438,1,104.95152239422744,0,0.0,1540.0,1545.0,0,0,0
0.0020410717,0.023453237,7.0571473e-06,0.0672875,2261.3265642689826,-3.278162330389023e-05,-0.0138516519218683,99.27516199361752,-0.0041375,0.0021104605,0.027033934,-0.0001753845717757,1,150.14964196893914,0,0.0,1545.0,1550.0,0,0,0
0.0018938389,0.014039393,5.5758605e-06,0.057425,2006.5635018243404,-0.0001472327858209,-0.0094138449057936,-254.76306244464217,-0.0098625,0.0020029212,0.024932506,-0.0001800144091248,1,104.84711778039244,0,0.0,1550.0,1555.0,0,0,0
0.0022975106,0.020844378,8.715342e-06,0.0833375,2268.0552238623286,0.0004036717582494,0.0068049849942326,261.4917220379882,0.0259124999999999,0.0020774736,0.019445669,0.0002564389724284,1,121.71342185664754,0,0.0,1555.0,1560.0,0,0,0
0.0023975184,0.019449588,9.3076005e-06,0.06625,2164.721692179592,0.0001000077463686,-0.0013947896659374,-103.33353168273698,-0.0170874999999999,0.0021962894,0.018111119,0.000503679504618,1,107.5328128944151,0,0.0,1560.0,1565.0,0,0,0
0.0025414908,0.024986532,1.0128059e-05,0.0504375,1877.8365306145115,0.0001439724583178,0.0055369436740875,-286.8851615650801,-0.0158125,0.0024121732,0.021760166,0.0002439802046865,1,165.07625956787476,0,0.0,1565.0,1570.0,0,0,0
0.0020582203,0.016553173,6.7712645e-06,0.0525875,1883.4969538700796,-0.0004832705017179,-0.0084333587437868,5.660423255567821,0.0021499999999999,0.0023324098,0.020329764,-0.0003392980434,1,133.92472585370402,0,0.0,1570.0,1575.0,0,0,0
0.002391194,0.019224323,9.215288e-06,0.0690375,2287.9618297410093,0.0003329736646264,0.0026711504906415,404.46487587093,0.01645,0.0023303016,0.020254677,-0.0001502968370914,1,192.01465140519247,0,0.0,1575.0,1580.0,0,0,0
0.0024822708,0.071539745,1.0547142e-05,0.0940125,2632.7948622588788,9.107682853937148e-05,0.0523154214024543,344.83303251786947,0.0249749999999999,0.0023105617,0.035772413,0.0004240504931658,1,306.2223251249883,0,0.0,1580.0,1585.0,0,0,0
0.003338889,0.03524942,1.9430368e-05,0.107,2474.302539046746,0.0008566181641072,-0.0362903252243995,-158.49232321213276,0.0129874999999999,0.0027374513,0.042004496,0.0009476949926465,1,140.93043862417227,0,0.0,1585.0,1590.0,0,0,0
0.0026529853,0.019056885,1.1589353e-05,0.069625,2303.1486031534864,-0.0006859037093818,-0.0161925349384546,-171.1539358932596,-0.0373749999999999,0.002824715,0.04194868,0.0001707144547253,1,134.61060814690342,0,0.0,1590.0,1595.0,0,0,0
0.00230618,0.013350931,8.361004e-06,0.068375,1930.271430259517,-0.0003468052018433,-0.0057059535756707,-372.8771728939694,-0.00125,0.002766018,0.022552414,-0.0010327089112251,1,227.13209645622888,0,0.0,1595.0,1600.0,0,0,0
0.0023663589,0.014722452,8.810157e-06,0.055125,1814.544686782944,6.017880514264107e-05,0.0013715205714106,-115.72674347657288,-0.01325,0.0024418414,0.01571009,-0.0002866263967007,1,208.47697776272656,0,0.0,1600.0,1605.0,0,0,0
0.0021872239,0.0129101435,7.585724e-06,0.05655,1894.5460813028888,-0.0001791350077837,-0.0018123080953955,80.00139451994505,0.001425,0.0022865876,0.013661175,-0.0001189562026411,1,48.384114517635766,0,0.0,1605.0,1610.0,0,0,0
0.0021820508,0.014881332,7.6212427e-06,0.0488625,1844.5606020464825,-5.173031240701675e-06,0.0019711889326572,-49.985479256406734,-0.0076875,0.002245211,0.014171309,-0.0001843080390244,1,32.99785587434512,0,0.0,1610.0,1615.0,0,0,0
0.0021659262,0.026602114,7.6013052e-06,0.0615125,2009.6300445637264,-1.612468622624874e-05,0.0117207812145352,165.06944251724394,0.0126499999999999,0.0021784003,0.018131196,-2.1297717466950417e-05,1,69.11406641621765,0,0.0,1615.0,1620.0,0,0,0
0.0026614636,0.01881091,1.1452659e-05,0.05865,1977.0433703474196,0.0004955374170094,-0.0077912043780088,-32.586674216307074,-0.0028624999999999,0.0023364804,0.020098118,0.0004794127307832,1,71.38432452118536,0,0.0,1620.0,1625.0,0,0,0
0.002053796,0.017218698,6.7803876e-06,0.0648125,2021.328191511694,-0.0006076674908399,-0.0015922114253044,44.28482116427472,0.0061624999999999,0.0022937285,0.020877242,-0.0001121300738304,1,18.737613283469788,0,0.0,1625.0,1630.0,0,0,0
0.0021753265,0.044401128,7.5921043e-06,0.051775,1840.9083438585224,0.0001215303782373,0.0271824300289154,-180.41984765317147,-0.0130374999999999,0.002296862,0.026810244,-0.0004861371126025,1,76.77182082124058,0,0.0,1630.0,1635.0,0,0,0
0.0024010201,0.023722757,9.779842e-06,0.0809625,2259.539761109039,0.0002256936859339,-0.0206783711910247,418.6314172505163,0.0291875,0.0022100478,0.02844753,0.0003472240641713,1,171.44754196948344,0,0.0,1635.0,1640.0,0,0,0
0.002036702,0.021236725,6.8078843e-06,0.0742,2200.966844819672,-0.0003643182571977,-0.0024860315024852,-58.57291628936673,-0.0067625,0.0022043495,0.02978687,-0.0001386245712637,1,185.09012043572693,0,0.0,1640.0,1645.0,0,0,0
0.0018783087,0.013259251,5.6139643e-06,0.06725,2039.908626200697,-0.0001583931734785,-0.0079774744808673,-161.05821861897516,-0.0069499999999999,0.0021053436,0.019406244,-0.0005227114306762,1,92.86093050511673,0,0.0,1645.0,1650.0,0,0,0
0.0020922993,0.02854914,7.028407e-06,0.08665,2170.601207905908,0.000213990570046,0.0152898896485567,130.6925817052104,0.0194,0.0020024367,0.021015039,5.559739656746388e-05,1,69.87478690300982,0,0.0,1650.0,1655.0,0,0,0
0.002352758,0.02071536,9.303425e-06,0.066175,1999.607244652914,0.0002604587934911,-0.0078337807208299,-170.99396325299335,-0.020475,0.0021077888,0.02084125,0.0004744493635371,1,72.98682357217265,0,0.0,1655.0,1660.0,0,0,0
0.0022330913,0.037677884,9.06383e-06,0.0820125,2278.9824945397986,-0.0001196668017655,0.0169625245034694,279.3752498868846,0.0158375,0.0022260495,0.028980793,0.0001407919917255,1,115.00529891692572,0,0.0,1660.0,1665.0,0,0,0
0.0023582114,0.020055767,9.158175e-06,0.1064125,2519.7480298773567,0.0001251201611012,-0.0176221169531345,240.76553533755805,0.0243999999999999,0.0023146868,0.02614967,5.4533593356609344e-06,1,212.5415017537464,0,0.0,1665.0,1670.0,0,0,0
0.0026900272,0.090051316,1.2924291e-05,0.0783,2101.8372574378054,0.0003318157978355,0.0699955523014068,-417.9107724395512,-0.0281125,0.0024271102,0.049261656,0.0004569359589368,1,171.2690838532307,0,0.0,1670.0,1675.0,0,0,0
0.0022820435,0.014732066,8.335619e-06,0.0656625,2056.5042988372284,-0.0004079837817698,-0.0753192529082298,-45.33295860057706,-0.0126374999999999,0.0024434275,0.041613046,-7.616798393428326e-05,1,208.51305453522372,0,0.0,1675.0,1680.0,0,0,0
0.0021976333,0.02273262,7.918037e-06,0.080775,2199.9884194661263,-8.441018871963024e-05,0.0080005535855889,143.48412062889793,0.0151125,0.0023899013,0.042505335,-0.0004923939704895,1,59.88546532584742,0,0.0,1680.0,1685.0,0,0,0
0.0022348668,0.017658543,8.120861e-06,0.07465,2061.229279089929,3.723357804119587e-05,-0.0050740763545036,-138.75914037619714,-0.006125,0.0022381812,0.01837441,-4.717661067843437e-05,1,66.5533347932967,0,0.0,1685.0,1690.0,0,0,0
0.002547826,0.02551828,1.0752749e-05,0.0744875,1985.006546810936,0.0003129590768367,0.0078597366809844,-76.22273227899313,-0.0001624999999999,0.0023267753,0.021969816,0.0003501926548779,1,88.99513689856485,0,0.0,1690.0,1695.0,0,0,0
0.0022168441,0.013008755,7.930412e-06,0.061925,2102.084102941489,-0.00033098179847,-0.0125095248222351,117.07755613055316,-0.0125624999999999,0.0023331789,0.018728526,-1.8022721633315086e-05,1,48.51823906477495,0,0.0,1695.0,1700.0,0,0,0
0.0021570039,0.019955136,7.4581176e-06,0.0681875,2173.7718898196754,-5.984026938676834e-05,0.0069463811814785,71.68778687818622,0.0062624999999999,0.0023072248,0.019494057,-0.0003908220678567,1,77.80220480894847,0,0.0,1700.0,1705.0,0,0,0
0.0026150486,0.020000633,1.1130081e-05,0.0893,2320.893493262506,0.0004580446984618,4.549697041511536e-05,147.12160344283075,0.0211125,0.0023296322,0.017654842,0.0003982044290751,1,91.08082752255272,0,0.0,1705.0,1710.0,0,0,0
0.0027245984,0.022708228,1.1920143e-05,0.0774375,2333.4765570524423,0.0001095498446375,0.0027075950056314,12.583063789936205,-0.0118624999999999,0.0024988835,0.020887999,0.0005675945430994,1,72.50186237443987,0,0.0,1710.0,1715.0,0,0,0
0.0018534367,0.012482841,5.399514e-06,0.07325,2207.310811008488,-0.0008711616974323,-0.0102253872901201,-126.1657460439542,-0.0041875,0.0023976944,0.018397233,-0.0007616118527948,1,56.74225808884157,0,0.0,1715.0,1720.0,0,0,0
0.002435588,0.048813894,1.0747724e-05,0.0769375,2252.4532156154078,0.0005821513477712,0.0363310538232326,45.14240460691917,0.0036875,0.0023378746,0.028001653,-0.0002890103496611,1,52.196651687147614,0,0.0,1720.0,1725.0,0,0,0
0.0020488305,0.012595553,6.6912344e-06,0.070075,2190.328125766804,-0.0003867575433105,-0.0362183414399623,-62.12508984860369,-0.0068625,0.0021126184,0.024630763,0.0001953938044607,1,26.21656617995153,0,0.0,1725.0,1730.0,0,0,0
0.0023229297,0.0149187,8.744839e-06,0.0755,2284.3795044258136,0.0002740991767495,0.0023231469094753,94.05137865900996,0.0054249999999999,0.0022691162,0.025442714,-0.0001126583665609,1,39.05050367232872,0,0.0,1730.0,1735.0,0,0,0
0.002940579,0.025217108,1.4103111e-05,0.083825,2296.5576660360425,0.0006176494061946,0.0102984085679054,12.178161610228926,0.0083249999999999,0.0024374465,0.017577121,0.0008917485829442,1,47.46774890348554,0,0.0,1735.0,1740.0,0,0,0
0.0023642837,0.06214998,1.152645e-05,0.084775,2461.4524812275963,-0.0005762954242527,0.0369328707456588,164.8948151915538,0.00095,0.0025425975,0.03409526,4.13539819419384e-05,1,80.75576815360293,0,0.0,1740.0,1745.0,0,0,0
0.002121798,0.018191576,7.402645e-06,0.0983125,2473.611600217551,-0.0002424856647849,-0.0439584031701087,12.15911898995455,0.0135374999999999,0.0024755534,0.03518622,-0.0008187810890376,1,80.75081001370026,0,0.0,1745.0,1750.0,0,0,0
0.0021525277,0.02118515,7.4708773e-06,0.0768875,2309.4737108963154,3.0729686841368675e-05,0.0029935743659734,-164.13788932123543,-0.021425,0.0022128697,0.033842236,-0.0002117559779435,1,74.67458106630264,0,0.0,1750.0,1755.0,0,0,0
0.002838102,0.02159894,1.3792747e-05,0.0677125,2168.8939912711944,0.000685574254021,0.0004137903451919,-140.57971962512102,-0.009175,0.0023708092,0.020325223,0.0007163039408624,1,124.524306187227,0,0.0,1755.0,1760.0,0,0,0
0.002521875,0.019990211,1.0331751e-05,0.0602,2049.222280735071,-0.0003162268549203,-0.0016087293624877,-119.67171053612356,-0.0075124999999999,0.0025041683,0.020924767,0.0003693473991006,1,106.3614292941721,1,0.6931471805599453,1760.0,1765.0,1,1,5
0.0022110813,0.031001164,7.947934e-06,0.0822375,2310.4034879913747,-0.0003107937518507,0.0110109522938728,261.1812072563039,0.0220375,0.002523686,0.024196772,-0.0006270206067711,1,106.75094534502094,0,0.0,1765.0,1770.0,0,0,0
0.0019110133,0.012823532,5.6999124e-06,0.095225,2494.0722811850483,-0.0003000680590048,-0.0181776322424411,183.66879319367357,0.0129874999999999,0.0022146564,0.021271637,-0.0006108618108555,1,182.52591034256105,0,0.0,1770.0,1775.0,0,0,0
0.0020733103,0.0174877,7.097601e-06,0.086325,2265.503170623136,0.0001622970448806,0.00466416683048,-228.5691105619121,-0.0089,0.002065135,0.020437464,-0.0001377710141241,1,98.87933296928274,0,0.0,1775.0,1780.0,0,0,0
0.0022365346,0.024745364,8.3704e-06,0.0743,2418.507795210757,0.000163224292919,0.0072576645761728,153.00462458762104,-0.0120249999999999,0.0020736195,0.018352197,0.0003255213377997,1,95.08139494887834,0,0.0,1780.0,1785.0,0,0,0
0.0024682449,0.025378594,1.02056e-05,0.07875,2199.78925110126,0.0002317102625966,0.000633230432868,-218.71854410949757,0.0044499999999999,0.0022593634,0.022537218,0.0003949345555156,1,91.63122702896572,0,0.0,1785.0,1790.0,0,0,0
0.0027868527,0.018329069,1.2509737e-05,0.0601125,1965.595626888816,0.0003186077810823,-0.0070495251566171,-234.1936242124434,-0.0186375,0.0024972109,0.022817677,0.0005503180436789,1,184.93659194834547,0,0.0,1790.0,1795.0,0,0,0
0.0030980173,0.01890555,1.5434262e-05,0.06435,1844.837332025429,0.000311164651066,0.0005764812231063,-120.75829486338716,0.0042375,0.0027843716,0.020871071,0.0006297724321484,1,147.35447972517267,0,0.0,1795.0,1800.0,0,0,0
0.0028088489,0.037878558,1.3006662e-05,0.0565625,1873.2678836804037,-0.0002891684416681,0.0189730077981948,28.43055165497435,-0.0077875,0.0028979063,0.025037726,2.1996209397912025e-05,1,51.548546926042384,0,0.0,1800.0,1805.0,0,0,0
0.00282494,0.018640451,1.3042289e-05,0.0673875,2153.494128020249,1.6091158613562584e-05,-0.019238106906414,280.2262443398454,0.010825,0.002910602,0.02514152,-0.0002730772830545,1,139.28550295386836,0,0.0,1805.0,1810.0,0,0,0
0.0023670257,0.015638566,9.052472e-06,0.0773875,2127.6888273993427,-0.0004579143133014,-0.0030018854886293,-25.80530062090611,0.0099999999999999,0.0026669384,0.024052525,-0.0004418231546878,1,126.45714169006288,0,0.0,1810.0,1815.0,0,0,0
0.0028890823,0.023105681,1.377849e-05,0.053175,1871.6453789194009,0.000522056594491,0.0074671152979135,-256.04344847994207,-0.0242124999999999,0.002693683,0.019128233,6.414228118956089e-05,1,127.21935493004416,0,0.0,1815.0,1820.0,0,0,0
0.0026476423,0.01741539,1.1444032e-05,0.0577125,1926.1995774177265,-0.0002414400223642,-0.0056902915239334,54.5541984983256,0.0045375,0.0026345833,0.01871988,0.0002806165721267,1,110.11727381975282,0,0.0,1820.0,1825.0,0,0,0
0.002596382,0.017665785,1.0890926e-05,0.0677625,2049.748304297332,-5.126022733747959e-05,0.0002503953874111,123.54872687960552,0.01005,0.0027110355,0.019395618,-0.0002927002497017,1,74.50659964470185,0,0.0,1825.0,1830.0,0,0,0
0.002384235,0.0636515,9.7870825e-06,0.076575,2225.0216482797878,-0.0002121471334248,0.0459857173264026,175.27334398245557,0.0088125,0.002542753,0.032910895,-0.0002634073607623,1,122.60127924774604,0,0.0,1830.0,1835.0,0,0,0
0.002291311,0.028467001,9.305058e-06,0.0713,2190.000132685038,-9.292387403547764e-05,-0.0351845026016235,-35.02151559474942,-0.005275,0.002423976,0.036594763,-0.0003050710074603,1,75.73185666946539,0,0.0,1835.0,1840.0,0,0,0
0.0027041412,0.020555435,1.1757933e-05,0.0488,1853.0522782530447,0.0004128301516175,-0.0079115666449069,-336.9478544319927,-0.0225,0.0024598956,0.03755798,0.000319906277582,1,167.7039638433577,0,0.0,1840.0,1845.0,0,0,0
0.0021184804,0.032276124,7.2564185e-06,0.0572125,2070.455298544716,-0.000585660804063,0.0117206890136003,217.4030202916706,0.0084124999999999,0.002371311,0.02709952,-0.0001728306524455,1,139.47875075433177,0,0.0,1845.0,1850.0,0,0,0
0.0028673965,0.0335117,1.5860116e-05,0.0619125,1948.7931689122213,0.0007489160634577,0.0012355744838714,-121.6621296324945,0.0047,0.0025633394,0.028781086,0.0001632552593946,1,88.96445305280753,0,0.0,1850.0,1855.0,0,0,0
0.0023238307,0.019755136,8.650918e-06,0.0646375,1894.144795631717,-0.0005435657221823,-0.0137565620243549,-54.6483732805043,0.0027249999999999,0.0024365692,0.02851432,0.0002053503412753,1,73.69118138583008,0,0.0,1855.0,1860.0,0,0,0
0.002585596,0.021830447,1.1657979e-05,0.0724375,1964.196377644727,0.0002617652062326,0.0020753107964992,70.05158201300992,0.0078,0.0025922745,0.025032425,-0.0002818005159497,1,30.057218922115734,0,0.0,1860.0,1865.0,0,0,0
0.0019260406,0.030124815,6.9028497e-06,0.0742125,2119.978470199624,-0.0006595553131774,0.0082943681627511,155.78209255489674,0.0017749999999999,0.0022784893,0.023903467,-0.0003977901069447,1,94.38463450286282,0,0.0,1865.0,1870.0,0,0,0
0.0023896103,0.016446287,9.472685e-06,0.0711375,2246.4733107010447,0.0004635696532204,-0.013678528368473,126.4948405014211,-0.0030749999999999,0.0023004157,0.022800514,-0.0001959856599569,1,115.44564472317376,0,0.0,1870.0,1875.0,0,0,0
0.0021256993,0.019929405,7.4041673e-06,0.0768625,2148.630909676161,-0.0002639109734445,0.0034831184893846,-97.84240102488366,0.0057249999999999,0.0021471167,0.022166835,0.0001996586797758,1,54.15517047209062,0,0.0,1875.0,1880.0,0,0,0
0.0025486087,0.03077567,1.1294906e-05,0.0838375,2288.655029781712,0.0004229093901813,0.0108462646603584,140.02412010555054,0.0069749999999999,0.0023546396,0.022383789,0.0001589984167367,1,58.6507431744599,0,0.0,1880.0,1885.0,0,0,0
0.0024789136,0.03897167,1.1548878e-05,0.0741875,2251.0317016022686,-6.969505921006203e-05,0.0081960000097751,-37.62332817944298,-0.0096499999999999,0.0023844072,0.029892249,0.0003532143309712,1,59.16848938199537,0,0.0,1885.0,1890.0,0,0,0
0.0024039012,0.04839146,1.1452478e-05,0.1139,2454.3546016400587,-7.50124454498291e-05,0.0094197914004325,203.32290003779008,0.0397125,0.002477141,0.0393796,-0.0001447075046598,1,88.32519749772855,0,0.0,1890.0,1895.0,0,0,0
0.0028276325,0.048552025,1.4809838e-05,0.095725,2297.295562207469,0.0004237312823534,0.000160563737154,-157.05903943258954,-0.0181749999999999,0.0025701493,0.045305055,0.0003487188369035,1,87.01729607469636,0,0.0,1895.0,1900.0,0,0,0
0.0025581103,0.042745017,1.2192271e-05,0.062075,1977.6931050978376,-0.0002695221919566,-0.0058070085942745,-319.6024571096316,-0.03365,0.002596548,0.04656283,0.0001542090903967,1,198.3317800342176,0,0.0,1900.0,1905.0,0,0,0
0.0032238613,0.12937921,2.4341554e-05,0.066675,1987.4091149784276,0.0006657510530203,0.0866341963410377,9.716009880589809,0.0046,0.002869868,0.073558755,0.0003962288610637,1,148.4249685549164,0,0.0,1905.0,1910.0,0,0,0
0.003881936,0.041317515,2.740379e-05,0.093725,2320.3201910116686,0.000658074626699,-0.0880616977810859,332.9110760332412,0.02705,0.0032213025,0.071147256,0.0013238256797194,1,159.27527024180984,0,0.0,1910.0,1915.0,0,0,0
0.0026864745,0.023057945,1.2554598e-05,0.0950625,2375.7940577034037,-0.0011954614892601,-0.0182595700025558,55.473866691734656,0.0013374999999999,0.0032640907,0.06458489,-0.0005373868625611,1,171.51287550204688,0,0.0,1915.0,1920.0,0,0,0
0.00226712,0.018088587,8.5638385e-06,0.0942,2321.9459945927165,-0.0004193545319139,-0.0049693584442138,-53.84806311068678,-0.0008624999999999,0.0029451766,0.027488016,-0.0016148160211741,1,25.775972928698547,0,0.0,1920.0,1925.0,0,0,0
0.0022478933,0.024843492,9.01272e-06,0.0992625,2249.4177625018733,-1.922668889164925e-05,0.0067549049854278,-72.52823209084318,0.0050624999999999,0.0024004958,0.021996675,-0.0004385812208056,1,51.78044068721527,0,0.0,1925.0,1930.0,0,0,0
0.0025620055,0.018990614,1.0959176e-05,0.0888625,2469.6085673262705,0.0003141122870147,-0.0058528780937194,220.1908048243972,-0.0104,0.0023590063,0.020640897,0.000294885598123,1,91.62033396682392,0,0.0,1930.0,1935.0,0,0,0
0.002385082,0.018272808,9.186498e-06,0.0804125,2124.2568646635305,-0.0001769235823303,-0.0007178056985139,-345.3517026627401,-0.00845,0.002398327,0.020702304,0.0001371887046843,1,142.75738525708945,0,0.0,1935.0,1940.0,0,0,0
0.0023769494,0.01945368,9.336564e-06,0.0746625,2220.941805712293,-8.132541552186012e-06,0.0011808723211288,96.684941048763,-0.0057499999999999,0.0024413457,0.018905701,-0.0001850561238825,1,145.4689484579819,0,0.0,1940.0,1945.0,0,0,0
0.003505516,0.03664818,2.6407408e-05,0.05515,1998.3673059114035,0.0011285666842013,0.0171945001929998,-222.57449980088995,-0.0195125,0.002755849,0.024791555,0.0011204341426491,1,91.12602189033748,0,0.0,1945.0,1950.0,0,0,0
0.0025291482,0.022791093,1.1099195e-05,0.0723875,2118.305942956612,-0.0009763678535819,-0.0138570871204137,119.93863704520844,0.0172374999999999,0.0028038712,0.026297651,0.0001521988306194,1,90.95713577863762,0,0.0,1950.0,1955.0,0,0,0
0.0023920352,0.049632482,9.422105e-06,0.094075,2494.0822641103146,-0.0001371130347251,0.0268413890153169,375.7763211537026,0.0216875,0.0028088999,0.03635725,-0.001113480888307,1,211.1677689995488,0,0.0,1955.0,1960.0,0,0,0
0.0027623267,0.027917944,1.2841639e-05,0.0849375,2465.4363833848743,0.0003702915273606,-0.0217145383358001,-28.645880725440293,-0.0091375,0.00256117,0.033447172,0.0002331784926354,1,170.79161204171402,0,0.0,1960.0,1965.0,0,0,0
0.002627772,0.026398256,1.1828908e-05,0.09335,2543.171006919002,-0.0001345546916127,-0.0015196874737739,77.73462353412788,0.0084125,0.0025940447,0.034649562,0.0002357368357479,1,32.098741493270445,0,0.0,1965.0,1970.0,0,0,0
0.0047427425,0.04261568,4.2699397e-05,0.0959625,2194.625025218113,0.0021149704698473,0.0162174217402935,-348.5459817008891,0.0026125,0.0033776138,0.032310624,0.0019804157782346,1,149.39350155729852,0,0.0,1970.0,1975.0,0,0,0
0.003652263,0.039800324,2.2451042e-05,0.062975,1944.3496529194372,-0.0010904795490205,-0.0028153546154499,-250.2753722986756,-0.0329875,0.0036742594,0.03627142,0.0010244909208267,1,245.56263680349105,0,0.0,1975.0,1980.0,0,0,0
0.0024652397,0.02136432,1.0005051e-05,0.0701625,1918.041872976188,-0.0011870232410728,-0.0184360034763813,-26.30777994324967,0.0071874999999999,0.0036200816,0.034593437,-0.0022775027900934,1,124.645319637969,0,0.0,1980.0,1985.0,0,0,0
0.0028514804,0.02047577,1.3726446e-05,0.0550625,1950.6669898767989,0.0003862406592816,-0.0008885506540536,32.62511690061115,-0.0151,0.002989661,0.027213471,-0.0008007825817912,1,14.128011122722112,0,0.0,1985.0,1990.0,0,0,0
0.0022310084,0.01662189,8.059386e-06,0.07385,2051.9354346696628,-0.0006204720120877,-0.0038538798689842,101.26844479286387,0.0187875,0.0025159095,0.019487327,-0.000234231352806,1,57.006025048535456,0,0.0,1990.0,1995.0,0,0,0
0.002332489,0.0154421115,8.689289e-06,0.071125,2177.665025318872,0.0001014806330204,-0.0011797780171036,125.7295906492086,-0.002725,0.0024716593,0.017513257,-0.0005189913790673,1,92.85073802742842,0,0.0,1995.0,2000.0,0,0,0
0.0022549992,0.020026328,8.685031e-06,0.0559,1995.6288414404369,-7.748976349830627e-05,0.0045842165127396,-182.03618387843449,-0.0152249999999999,0.0022728322,0.017363444,2.3990869522094727e-05,1,76.09609031198082,0,0.0,2000.0,2005.0,0,0,0
0.0029045413,0.06211765,1.9372823e-05,0.068275,2318.977607144545,0.0006495420821011,0.0420913249254226,323.348765704108,0.012375,0.002497343,0.0325287,0.0005720523186028,1,132.35509573602496,0,0.0,2005.0,2010.0,0,0,0
0.0050190366,0.11003009,7.3615774e-05,0.11705,2981.4614867476,0.0021144952625036,0.0479124411940574,662.4838796030554,0.048775,0.0033928591,0.06405803,0.0027640373446047,1,410.3257946192954,0,0.0,2010.0,2015.0,0,0,0
0.0029357113,0.047213145,1.7661087e-05,0.087775,2365.8390556919267,-0.0020833252929151,-0.0628169476985931,-615.6224310556736,-0.0292749999999999,0.003619763,0.073120296,3.116996958851814e-05,1,301.8593976805854,0,0.0,2015.0,2020.0,0,0,0
0.0022587017,0.021316012,8.718109e-06,0.075775,2080.19333260662,-0.0006770095787942,-0.0258971322327852,-285.64572308530705,-0.012,0.0034044832,0.05951975,-0.0027603348717093,1,376.0716158754452,0,0.0,2020.0,2025.0,0,0,0
0.0021168883,0.019475043,7.015568e-06,0.0690875,2207.576934240691,-0.0001418134197592,-0.0018409695476293,127.38360163407152,-0.0066874999999999,0.0024371005,0.029334733,-0.0008188229985535,1,116.84127893497296,0,0.0,2025.0,2030.0,0,0,0
0.0021585738,0.019399077,7.374182e-06,0.0658375,2354.4875392639724,4.168553277850151e-05,-7.596611976623535e-05,146.91060502328128,-0.00325,0.0021780545,0.020063378,-0.0001001278869807,1,112.0746872201058,0,0.0,2030.0,2035.0,0,0,0
0.0025027115,0.024388071,9.901063e-06,0.076675,2269.665830303846,0.000344137661159,0.004988994449377,-84.82170896012622,0.0108375,0.0022593911,0.021087399,0.0003858231939375,1,60.21487375646594,0,0.0,2035.0,2040.0,0,0,0
0.0027034304,0.024425972,1.18333155e-05,0.0814625,2364.164275684079,0.0002007188741117,3.790110349655152e-05,94.49844538023262,0.0047875,0.002454905,0.022737706,0.0005448565352708,1,42.450386358589085,0,0.0,2040.0,2045.0,0,0,0
0.002818874,0.01745046,1.24208345e-05,0.0785375,2270.1324534206137,0.0001154437195509,-0.0069755129516124,-94.03182226346507,-0.0029249999999999,0.0026750052,0.022088168,0.0003161625936627,1,44.43741856014015,0,0.0,2045.0,2050.0,0,0,0
0.0027376865,0.01949642,1.23511945e-05,0.0589,2004.3071758003523,-8.118757978081703e-05,0.0020459610968828,-265.82527762026143,-0.0196374999999999,0.0027533304,0.020457618,3.4256139770150185e-05,1,152.3891925873439,0,0.0,2050.0,2055.0,0,0,0
0.0031312176,0.024245787,1.5927964e-05,0.0776875,2133.442798882985,0.0003935310523957,0.0047493670135736,129.13562308263295,0.0187875,0.0028959261,0.020397555,0.0003123434726148,1,108.53732027302615,0,0.0,2055.0,2060.0,0,0,0
0.0027529,0.02962415,1.2964867e-05,0.085225,2469.862730047061,-0.0003783176653087,0.0053783617913722,336.41993116407593,0.0075374999999999,0.0028739348,0.024455452,1.5213387086987495e-05,1,196.2414480297568,0,0.0,2060.0,2065.0,0,0,0
0.0046084886,0.053795636,4.1327374e-05,0.1209125,2725.414486672956,0.0018555887509137,0.0241714864969253,255.5517566258945,0.0356875,0.0034975354,0.035888523,0.001477271085605,1,242.42193463828684,0,0.0,2065.0,2070.0,0,0,0
0.0037683635,0.028940357,2.4311026e-05,0.101375,2406.930708017956,-0.0008401251398026,-0.0248552784323692,-318.4837786550001,-0.0195375,0.0037099172,0.03745338,0.001015463611111,1,137.7191413217573,0,0.0,2070.0,2075.0,0,0,0
0.0037634491,0.032235753,2.5179806e-05,0.104675,2470.4850439907195,-4.914356395602226e-06,0.0032953955233097,63.554335972763965,0.0032999999999999,0.004046767,0.038323913,-0.0008450394961982,1,137.6227095413728,0,0.0,2075.0,2080.0,0,0,0
0.0027437482,0.025527082,1.3628547e-05,0.097525,2614.146947003896,-0.0010197008959949,-0.0067086704075336,143.66190301317647,-0.00715,0.0034251867,0.028901065,-0.0010246152523905,1,86.67722095849166,0,0.0,2080.0,2085.0,0,0,0
0.0024021985,0.017208917,9.399839e-06,0.0957,2676.646067900728,-0.0003415497485548,-0.0083181653171777,62.49912089683176,-0.001825,0.0029697986,0.024990583,-0.0013612506445497,1,86.31161262790586,0,0.0,2085.0,2090.0,0,0,0
0.002936248,0.047740974,1.7529987e-05,0.1042,2310.04988453842,0.0005340494681149,0.0305320564657449,-366.5961833623078,0.0085,0.0026940648,0.030158991,0.0001924997195601,1,160.12978249213953,0,0.0,2090.0,2095.0,0,0,0
0.0026810074,0.024450269,1.2192708e-05,0.0871625,2298.132902192051,-0.0002552405931055,-0.0232907049357891,-11.916982346368968,-0.0170374999999999,0.0026731512,0.029800052,0.0002788088750094,1,175.69133057055194,0,0.0,2095.0,2100.0,0,0,0
0.0024807751,0.039922073,1.12416055e-05,0.078675,2387.310232225576,-0.0002002322580665,0.0154718048870563,89.17733003352487,-0.0084875,0.0026993435,0.037371103,-0.000455472851172,1,39.5302584314178,0,0.0,2100.0,2105.0,0,0,0
0.0023396683,0.026836587,9.068904e-06,0.0926375,2336.576558022837,-0.0001411067787557,-0.0130854863673448,-50.73367420273871,0.0139625,0.0025004838,0.030402979,-0.0003413390368223,1,36.52155613645452,0,0.0,2105.0,2110.0,0,0,0
0.0022194707,0.028076103,8.2272745e-06,0.1017,2544.652843791386,-0.000120197655633,0.0012395158410072,208.07628576854904,0.0090625,0.0023466381,0.031611588,-0.0002613044343888,1,88.585391203249,0,0.0,2110.0,2115.0,0,0,0
0.0020742535,0.030765248,7.3504625e-06,0.0819,2247.327247598616,-0.0001452171709388,0.0026891455054283,-297.32559619277026,-0.0197999999999999,0.002211131,0.028559312,-0.0002654148265719,1,124.5720185550066,0,0.0,2115.0,2120.0,0,0,0
0.0023075799,0.032438256,1.0067126e-05,0.078075,2276.600307880373,0.0002333263400942,0.0016730073839426,29.273060281756894,-0.0038249999999999,0.0022004347,0.030426538,8.810916915535927e-05,1,133.79569176670108,0,0.0,2120.0,2125.0,0,0,0
0.0021188771,0.017207779,7.3095634e-06,0.094875,2521.38231950274,-0.0001887027174234,-0.0152304768562316,244.782011622367,0.0167999999999999,0.0021669036,0.026803762,4.462362267076969e-05,1,122.8736151537318,0,0.0,2125.0,2130.0,0,0,0
0.0024056912,0.04338512,1.0048071e-05,0.07715,2267.0475134099925,0.0002868140581995,0.0261773392558097,-254.33480609274736,-0.017725,0.0022773826,0.031010384,9.811134077608584e-05,1,117.70758622126148,0,0.0,2130.0,2135.0,0,0,0
0.0026671619,0.048270553,1.21447865e-05,0.0920375,2410.441884840556,0.0002614706754684,0.0048854351043701,143.39437143056375,0.0148874999999999,0.0023972432,0.036287818,0.0005482847336679,1,104.11314325783384,0,0.0,2135.0,2140.0,0,0,0
0.0028422817,0.02943112,1.4709887e-05,0.0695,1998.2098358139517,0.0001751198433339,-0.0188394337892532,-412.23204902660495,-0.0225374999999999,0.0026383782,0.040362265,0.0004365905188024,1,170.870615410827,0,0.0,2140.0,2145.0,0,0,0
0.0023660355,0.019250955,9.5942105e-06,0.0730875,2124.526897938194,-0.0004762462340295,-0.0101801641285419,126.31706212424274,0.0035874999999999,0.0026251597,0.032317545,-0.0003011263906955,1,172.44601157197994,0,0.0,2145.0,2150.0,0,0,0
0.0018239804,0.01970439,5.4735906e-06,0.0972375,2316.3143455458226,-0.0005420551169663,0.0004534348845481,191.78744760762856,0.02415,0.002344099,0.022795489,-0.0010183013509958,1,130.7792475702229,0,0.0,2150.0,2155.0,0,0,0
0.0022046277,0.018758506,8.011157e-06,0.0854125,2441.768084679011,0.0003806473687291,-0.0009458847343921,125.45373913318826,-0.011825,0.0021315478,0.01923795,-0.0001614077482372,1,130.45349800985653,0,0.0,2155.0,2160.0,0,0,0
0.002579142,0.019153938,1.11480085e-05,0.078925,2350.2027061108306,0.0003745143767446,0.0003954321146011,-91.56537856818022,-0.0064875,0.0022025835,0.019205611,0.0007551617454737,1,52.98981054737075,0,0.0,2160.0,2165.0,0,0,0
0.0025800536,0.02571607,1.1644669e-05,0.0765875,2363.5275284123627,9.115319699048996e-07,0.0065621323883533,13.324822301532096,-0.0023374999999999,0.002454608,0.021209503,0.0003754259087145,1,40.39163016519374,0,0.0,2165.0,2170.0,0,0,0
0.0021254295,0.01726562,7.6384085e-06,0.0904625,2513.631212558256,-0.0004546241834759,-0.0084504503756761,150.10368414589266,0.0138749999999999,0.0024282082,0.020711876,-0.000453712651506,1,74.10019013558846,0,0.0,2170.0,2175.0,0,0,0
0.0024059415,0.023985848,9.981884e-06,0.1117125,2745.3343219063504,0.0002805120311677,0.0067202281206846,231.70310934809504,0.02125,0.0023704749,0.022322513,-0.0001741121523082,1,157.0540863785841,0,0.0,2175.0,2180.0,0,0,0
0.0021305764,0.024140341,7.838229e-06,0.109025,2524.775816485176,-0.0002753650769591,0.0001544933766126,-220.5585054211747,-0.0026875,0.002220649,0.02179727,5.146954208612442e-06,1,106.69613519600917,0,0.0,2180.0,2185.0,0,0,0
0.0020885505,0.02350856,7.2409243e-06,0.0841125,2321.140084870255,-4.202593117952347e-05,-0.0006317812949419,-203.6357316149206,-0.0249124999999999,0.002208356,0.023878252,-0.0003173910081386,1,173.22250182243172,0,0.0,2185.0,2190.0,0,0,0
0.0022811033,0.016869089,8.418721e-06,0.0885125,2204.9541498588146,0.0001925528049468,-0.0066394712775945,-116.1859350114405,0.0043999999999999,0.0021667434,0.021505997,0.0001505268737673,1,132.18361855493538,0,0.0,2190.0,2195.0,0,0,0
0.0023195436,0.017891653,8.857552e-06,0.0788375,2361.553517154087,3.844033926725388e-05,0.0010225642472505,156.59936729527226,-0.0096749999999999,0.0022297325,0.0194231,0.0002309931442141,1,66.37919590480985,0,0.0,2195.0,2200.0,0,0,0
0.0019065366,0.044260085,6.2525464e-06,0.1098625,2406.0675175356487,-0.0004130069864913,0.0263684317469596,44.5140003815618,0.0310249999999999,0.0021690612,0.026340276,-0.0003745666472241,1,86.24992413881799,0,0.0,2200.0,2205.0,0,0,0
0.002209112,0.017658237,8.025876e-06,0.0998875,2411.20069671818,0.0003025754122063,-0.0266018472611904,5.133179182530967,-0.0099749999999999,0.002145064,0.026603326,-0.000110431574285,1,22.29271978112766,0,0.0,2205.0,2210.0,0,0,0
0.0027663049,0.048740633,1.5671385e-05,0.0876,2331.2258971562514,0.0005571928340941,0.0310823954641819,-79.9747995619282,-0.0122875,0.0022939844,0.03688632,0.0008597682463005,1,36.550704864011045,0,0.0,2210.0,2215.0,0,0,0
0.0020640665,0.0217259,7.0648953e-06,0.09995,2468.2866796680555,-0.0007022384088486,-0.0270147323608398,137.06078251180406,0.01235,0.0023464945,0.029374925,-0.0001450455747544,1,56.214308298265685,0,0.0,2215.0,2220.0,0,0,0
0.0021927697,0.022230985,7.985604e-06,0.116775,2595.836146720392,0.0001287031918764,0.0005050841718912,127.5494670523367,0.016825,0.0023410472,0.030899173,-0.0005735352169722,1,108.0499415509534,0,0.0,2220.0,2225.0,0,0,0
0.0028189817,0.02901255,1.4206506e-05,0.0699625,2256.2528550197558,0.0006262119859457,0.0067815650254487,-339.5832917006369,-0.0468125,0.0023586059,0.024323145,0.0007549151778221,1,140.05713966590807,0,0.0,2225.0,2230.0,0,0,0
0.002004005,0.02760692,7.2152675e-06,0.097925,2438.210016812541,-0.0008149766363203,-0.0014056302607059,181.95716179278588,0.0279625,0.0023385854,0.026283486,-0.0001887646503746,1,138.7528648591735,0,0.0,2230.0,2235.0,0,0,0
0.0019756614,0.022448564,6.6357434e-06,0.11135,2524.068382536949,-2.834363840520382e-05,-0.0051583554595708,85.85836572440758,0.013425,0.002266216,0.026356012,-0.0008433202747255,1,111.65682766199537,0,0.0,2235.0,2240.0,0,0,0
0.0028377422,0.054538704,1.7530625e-05,0.1227,2968.234492615003,0.0008620808366686,0.0320901423692703,444.1661100780543,0.0113499999999999,0.0022724695,0.034864727,0.0008337371982634,1,232.27884039480816,0,0.0,2240.0,2245.0,0,0,0
0.0027805143,0.034648776,1.3968901e-05,0.14615,2959.933730777272,-5.722790956497192e-05,-0.0198899284005165,-8.300761837730988,0.02345,0.0025313061,0.037212014,0.0008048529271036,1,207.4530837952993,0,0.0,2245.0,2250.0,0,0,0
0.002992587,0.02876288,1.5387068e-05,0.1382375,2553.3403613788564,0.0002120726276189,-0.0058858953416347,-406.5933693984157,-0.0079124999999999,0.0028702812,0.03931679,0.0001548447180539,1,193.6561129712036,0,0.0,2250.0,2255.0,0,0,0
0.00288023,0.02294548,1.39703125e-05,0.122525,2828.5652099902863,-0.0001123568508774,-0.005817400291562,275.22484861142993,-0.0157125,0.0028844438,0.028785711,9.971577674150468e-05,1,169.4188017854314,1,0.6931471805599453,2255.0,2260.0,1,4,20
0.00283692,0.026703676,1.3809705e-05,0.1358375,2500.999238795356,-4.330999217927456e-05,0.0037581957876682,-327.56597119493017,0.0133125,0.0029032456,0.026137346,-0.0001556668430566,1,143.6770204665711,2,1.0986122886681096,2260.0,2265.0,1,3,15
0.0026754302,0.021723954,1.1910337e-05,0.09315,2384.833328072639,-0.0001614899374544,-0.0049797222018241,-116.1659107227174,-0.0426875,0.0027975265,0.023791037,-0.0002047999296337,1,187.88056706591652,3,1.3862943611198906,2265.0,2270.0,1,2,10
0.0022716522,0.019749295,8.950002e-06,0.1038375,2584.577970127834,-0.0004037779290229,-0.0019746590405702,199.74464205519507,0.0106875,0.0025946675,0.022725642,-0.0005652678664773,1,81.90634568751396,4,1.6094379124341003,2270.0,2275.0,1,1,5
0.0021667266,0.023153206,8.120564e-06,0.1339875,2857.163782694073,-0.0001049255952239,0.0034039113670587,272.5858125662389,0.03015,0.0023712695,0.021542152,-0.0005087035242468,1,193.59092196491872,0,0.0,2275.0,2280.0,0,0,0
0.0021364633,0.018631868,7.8965595e-06,0.1228625,2705.5317549302567,-3.026332706212997e-05,-0.0045213382691144,-151.63202776381604,-0.011125,0.0021916141,0.020511456,-0.000135188922286,1,111.51737040289794,0,0.0,2280.0,2285.0,0,0,0
0.0021382216,0.021035645,7.706412e-06,0.0840625,2358.447262070277,1.7583370208740234e-06,0.0024037770926952,-347.0844928599795,-0.0388,0.0021471372,0.020940239,-2.850499004125595e-05,1,208.74707848141665,0,0.0,2285.0,2290.0,0,0,0
0.001957967,0.018483348,6.2644995e-06,0.110475,2512.481039885948,-0.0001802546903491,-0.0025522969663143,154.03377781567087,0.0264125,0.0020775506,0.01938362,-0.0001784963533282,1,141.99476847607036,0,0.0,2290.0,2295.0,0,0,0
0.0027080113,0.024674196,1.2852842e-05,0.0852375,2404.496081128957,0.0007500443607568,0.0061908476054668,-107.98495875699064,-0.0252375,0.0022680666,0.02139773,0.0005697896704077,1,64.55630596843821,0,0.0,2295.0,2300.0,0,0,0
0.0025829673,0.02159509,1.1016469e-05,0.0906875,2303.789844992866,-0.0001250440254807,-0.003079105168581,-100.70623613609132,0.00545,0.0024163153,0.021584213,0.0006250003352761,1,85.21509525922524,0,0.0,2300.0,2305.0,0,0,0
0.0035661696,0.08466633,3.0479934e-05,0.085,2299.5771563478347,0.0009832023642957,0.0630712360143661,-4.212688645031449,-0.0056874999999999,0.0029523827,0.043645203,0.0008581583388149,1,48.4968195057333,0,0.0,2305.0,2310.0,0,0,0
0.0034387242,0.036174096,2.1517313e-05,0.1087875,2337.4043069729514,-0.0001274454407393,-0.0484922304749488,37.8271506251167,0.0237874999999999,0.0031959538,0.04747851,0.0008557569235563,1,16.926547604431725,0,0.0,2310.0,2315.0,0,0,0
0.0029121852,0.036391627,1.5150125e-05,0.105025,2371.8745553945864,-0.0005265390500426,0.000217530876398,34.470248421635006,-0.0037625,0.003305693,0.05241068,-0.000653984490782,1,29.52589308008547,0,0.0,2315.0,2320.0,0,0,0
0.0027509674,0.03442325,1.4623788e-05,0.10205,2214.3013963423887,-0.000161217758432,-0.0019683763384819,-157.57315905219775,-0.0029749999999999,0.003033959,0.03566299,-0.0006877568084746,1,67.63613850405284,0,0.0,2320.0,2325.0,0,0,0
0.00237646,0.02295605,9.9161425e-06,0.0869375,2282.318042732004,-0.0003745073918253,-0.0114672016352415,68.01664638961529,-0.0151125,0.0026798707,0.031256977,-0.0005357251502573,1,64.5290060533181,0,0.0,2325.0,2330.0,0,0,0
0.0030274952,0.023114698,1.5495703e-05,0.0772625,2236.8985074705897,0.0006510352250188,0.0001586489379405,-45.41953526141424,-0.009675,0.0027183073,0.02683133,0.0002765278331935,1,28.28393301425365,0,0.0,2330.0,2335.0,0,0,0
0.0020676723,0.021550588,7.216443e-06,0.07525,2265.4543344505355,-0.0009598229080438,-0.0015641096979379,28.555826979945778,-0.0020125,0.0024905426,0.022540445,-0.000308787683025,1,18.746122843208344,0,0.0,2335.0,2340.0,0,0,0
0.0022956694,0.020854583,9.292833e-06,0.09605,2284.0241629087423,0.0002279970794916,-0.0006960052996873,18.56982845820676,0.0208,0.0024636125,0.021839956,-0.0007318258285522,1,19.382412371217423,0,0.0,2340.0,2345.0,0,0,0
0.0023919141,0.024824558,1.0259638e-05,0.060075,2107.7905604321736,9.624473750591278e-05,0.0039699748158454,-176.23360247656865,-0.0359749999999999,0.002251752,0.02240991,0.0003242418169975,1,79.06466186929218,0,0.0,2345.0,2350.0,0,0,0
0.0020421394,0.016402608,6.8015092e-06,0.0748875,1977.292988106169,-0.0003497747238725,-0.0084219500422477,-130.49757232600427,0.0148124999999999,0.002243241,0.020693915,-0.0002535299863666,1,125.6856363315574,0,0.0,2350.0,2355.0,0,0,0
0.0026715496,0.025896259,1.2858528e-05,0.057575,1975.2400026233952,0.0006294101476669,0.009493650868535,-2.0529854827741474,-0.0173124999999999,0.0023685344,0.022374475,0.0002796354237943,1,62.00670349763404,0,0.0,2355.0,2360.0,0,0,0
0.0024487597,0.019743122,9.764764e-06,0.1119,2353.7974422460943,-0.0002227898221462,-0.0061531364917755,378.5574396226991,0.054325,0.002387483,0.020680664,0.0004066203255206,1,177.97176861959778,0,0.0,2360.0,2365.0,0,0,0
0.0020301403,0.024298865,7.0122846e-06,0.1123375,2379.931264806753,-0.0004186194855719,0.0045557431876659,26.133822560658245,0.0004375,0.002383483,0.023312747,-0.0006414093077182,1,184.92152373458444,0,0.0,2365.0,2370.0,0,0,0
0.0017444404,0.016958982,4.8189736e-06,0.0829875,2230.500424114894,-0.0002856998471543,-0.007339883595705,-149.43084069185852,-0.02935,0.0020744468,0.020333657,-0.0007043193327262,1,65.16194144126453,0,0.0,2370.0,2375.0,0,0,0
0.0024697767,0.01914332,1.0019402e-05,0.06695,1952.397573662297,0.000725336256437,0.0021843388676643,-278.10285045259707,-0.0160375,0.0020814524,0.020133723,0.0004396364092826,1,177.15524536510588,0,0.0,2375.0,2380.0,0,0,0
0.0024842136,0.026311664,1.0061478e-05,0.066725,2109.758730741512,1.443689689040184e-05,0.0071683432906866,157.361157079215,-0.0002249999999999,0.0022328102,0.020804657,0.0007397731533274,1,113.8626295663335,0,0.0,2380.0,2385.0,0,0,0
0.0025969807,0.025074694,1.1132002e-05,0.0868375,2313.1667097516406,0.0001127670984715,-0.0012369696050882,203.40797901012863,0.0201124999999999,0.0025169903,0.023509895,0.0001272039953619,1,147.6827339779982,0,0.0,2385.0,2390.0,0,0,0
0.0029702066,0.021238446,1.4459455e-05,0.0831,2331.392896831396,0.0003732258919626,-0.0038362480700016,18.226187079755164,-0.0037375,0.0026838004,0.024208268,0.0004859929904341,1,100.4593358300923,0,0.0,2390.0,2395.0,0,0,0
0.00251706,0.020440053,1.0223315e-05,0.0827375,2153.347873898524,-0.0004531466402113,-0.0007983930408954,-178.0450229328717,-0.0003624999999999,0.002694749,0.022251064,-7.992074824869633e-05,1,79.98213993697347,0,0.0,2395.0,2400.0,0,0,0
0.002703882,0.020139012,1.1694086e-05,0.0793,2219.688065705619,0.0001868221443146,-0.0003010407090187,66.34019180709493,-0.0034375,0.0027303828,0.020605838,-0.0002663244958966,1,73.46882977532962,0,0.0,2400.0,2405.0,0,0,0
0.0027492805,0.01611254,1.21551175e-05,0.065175,2007.0818736612705,4.539848305284977e-05,-0.0040264725685119,-212.6061920443485,-0.0141249999999999,0.002656741,0.018897202,0.0002322206273674,1,88.81701336643711,0,0.0,2405.0,2410.0,0,0,0
0.002436491,0.013935188,9.322569e-06,0.0723,2050.0231532616904,-0.0003127895761281,-0.0021773520857095,42.94127960041988,0.007125,0.0026298845,0.016728913,-0.0002673910930752,1,91.79175035791364,0,0.0,2410.0,2415.0,0,0,0
0.0021729989,0.018425293,7.690637e-06,0.07755,2255.8997963316383,-0.0002634921111166,0.0044901054352521,205.87664306994796,0.0052499999999999,0.0024529237,0.016157674,-0.0005762816872447,1,108.5968611667684,0,0.0,2415.0,2420.0,0,0,0
0.002579156,0.028340548,1.1604415e-05,0.1004125,2381.9023140811328,0.0004061572253704,0.009915255010128,126.00251774949449,0.0228625,0.0023962155,0.020233676,0.0001426651142537,1,136.7908395353934,0,0.0,2420.0,2425.0,0,0,0
0.0023770623,0.020901496,9.503613e-06,0.093775,2241.721116758856,-0.0002020937390625,-0.0074390526860952,-140.18119732227706,-0.0066375,0.0023764058,0.022555778,0.0002040634863078,1,63.006558315029125,0,0.0,2425.0,2430.0,0,0,0
0.0027546734,0.026707372,1.3531246e-05,0.0805125,2184.135474362548,0.0003776110243052,0.0058058761060237,-57.585642396307776,-0.0132624999999999,0.0025702973,0.025316471,0.0001755172852426,1,83.05192297270628,0,0.0,2430.0,2435.0,0,0,0
0.0023858433,0.021850113,9.662535e-06,0.072425,2268.082363831251,-0.0003688300494104,-0.0048572588711977,83.94688946870292,-0.0080874999999999,0.0025058596,0.023152992,8.78097489476204e-06,1,35.052503174013324,1,0.6931471805599453,2435.0,2440.0,1,1,5
0.002006877,0.017098442,6.604593e-06,0.1011,2618.92260388029,-0.0003789663314819,-0.0047516711056232,350.84024004903904,0.0286749999999999,0.0023824647,0.021885308,-0.0007477963808923,1,188.3188201733715,0,0.0,2440.0,2445.0,0,0,0
0.0020687366,0.016680893,6.858362e-06,0.093675,2397.517245683015,6.185960955917835e-05,-0.0004175491631031,-221.40535819727484,-0.007425,0.002153819,0.018543148,-0.0003171067219227,1,144.86108108426234,0,0.0,2445.0,2450.0,0,0,0
0.002183324,0.02110489,8.077685e-06,0.081525,2338.879041470979,0.0001145873684436,0.0044239982962608,-58.63820421203627,-0.0121499999999999,0.0020863125,0.018294742,0.0001764469780027,1,120.59259627106916,0,0.0,2450.0,2455.0,0,0,0
0.0025661758,0.02307836,1.0983007e-05,0.0860875,2292.3871425776047,0.0003828518092632,0.0019734688103199,-46.49189889337413,0.0045624999999999,0.0022727454,0.020288048,0.0004974391777068,1,43.0145637286288,0,0.0,2455.0,2460.0,0,0,0
0.0029415688,0.02071011,1.4204011e-05,0.0930875,2406.2263858402275,0.0003753930795937,-0.0023682489991188,113.83924326262286,0.007,0.0025636896,0.021631122,0.000758244888857,1,46.73392149286156,0,0.0,2460.0,2465.0,0,0,0
0.0023069626,0.01896809,8.74528e-06,0.1022125,2687.0595577045174,-0.0006346062291413,-0.0017420202493667,280.83317186428985,0.0091249999999999,0.0026049025,0.020918854,-0.0002592131495475,1,165.86237902686892,0,0.0,2465.0,2470.0,0,0,0
0.0022504902,0.016204663,8.220261e-06,0.124475,2540.542140937804,-5.647237412631512e-05,-0.0027634277939796,-146.51741676671327,0.0222625,0.002499674,0.018627621,-0.0006910786032676,1,114.68572801975002,0,0.0,2470.0,2475.0,0,0,0
0.0024437825,0.02285564,1.0442508e-05,0.1049,2441.9865399028404,0.0001932922750711,0.0066509768366813,-98.55560103496371,-0.019575,0.0023337451,0.019342797,0.0001368199009448,1,100.68727381009136,0,0.0,2475.0,2480.0,0,0,0
0.0038407655,0.040877678,2.8233299e-05,0.102675,2374.9629171907245,0.0013969829306006,0.0180220380425453,-67.02362271211587,-0.0022249999999999,0.0028450128,0.026645994,0.0015902752056717,1,68.00478074167077,1,0.6931471805599453,2480.0,2485.0,1,3,15
0.0031400463,0.047433555,2.0828424e-05,0.0748125,2003.4654869942897,-0.0007007191888988,0.0065558776259422,-371.4974301964348,-0.0278625,0.0031415315,0.037055623,0.0006962637417018,1,192.8739428538855,2,1.0986122886681096,2485.0,2490.0,1,2,10
0.0026094464,0.023758657,1.1537523e-05,0.1193875,2539.0545256576297,-0.0005305998492985,-0.0236748978495597,535.58903866334,0.0445749999999999,0.0031967526,0.03735663,-0.0012313190381973,1,224.0515850691859,3,1.3862943611198906,2490.0,2495.0,1,1,5
0.002264811,0.021642057,8.85043e-06,0.0989375,2401.628683622903,-0.0003446354530751,-0.0021166000515222,-137.42584203472688,-0.0204499999999999,0.0026714345,0.030944757,-0.0008752353023737,1,227.1258612274481,0,0.0,2495.0,2500.0,0,0,0
0.0024079385,0.026006797,1.0045874e-05,0.1151125,2618.2143381356063,0.000143127515912,0.0043647401034832,216.5856545127035,0.016175,0.0024273985,0.023802504,-0.0002015079371631,1,89.48090032775976,0,0.0,2500.0,2505.0,0,0,0
0.002690757,0.026416354,1.2358059e-05,0.08225,2376.895299304009,0.0002828184515237,0.0004095565527677,-241.31903883159748,-0.0328625,0.0024545023,0.024688402,0.0004259459674358,1,108.4004738320765,0,0.0,2505.0,2510.0,0,0,0
0.0023216212,0.025100105,9.4324605e-06,0.1118,2398.1137484572487,-0.0003691357560455,-0.0013162493705749,21.218449153239817,0.0295499999999999,0.0024734389,0.025841085,-8.631730452179909e-05,1,109.10207792289212,0,0.0,2510.0,2515.0,0,0,0
0.00338065,0.057222024,2.6837926e-05,0.120575,2711.6341028954284,0.0010590287856757,0.0321219190955162,313.52035443817977,0.008775,0.002797676,0.036246162,0.0006898930296301,1,153.04149831602518,0,0.0,2515.0,2520.0,0,0,0
0.0023982427,0.02127385,1.0305288e-05,0.0801375,2310.0236605152595,-0.0009824072476476,-0.035948172211647,-401.6104423801689,-0.0404375,0.0027001712,0.034531992,7.6621538028121e-05,1,172.35165075748293,0,0.0,2520.0,2525.0,0,0,0
0.0027607759,0.030154075,1.3482068e-05,0.085775,2486.8967774727275,0.0003625331446528,0.0088802259415388,176.87311695746803,0.0056375,0.0028465565,0.03621665,-0.0006198741029947,1,164.34445951827794,0,0.0,2525.0,2530.0,0,0,0
0.0023978269,0.028367743,1.0125859e-05,0.0906125,2562.444105217644,-0.0003629489801824,-0.0017863325774669,75.5473277449164,0.0048374999999999,0.0025189484,0.026598556,-4.158355295658112e-07,1,105.78152492304206,0,0.0,2530.0,2535.0,0,0,0
0.0035231968,0.10823079,4.3126453e-05,0.109325,2538.9306972516933,0.0011253699194639,0.0798630490899086,-23.51340796595059,0.0187125,0.002893933,0.055584203,0.0007624209392815,1,31.56617016704732,0,0.0,2535.0,2540.0,0,0,0
0.002821138,0.02671462,1.5232366e-05,0.0649125,2150.7941107965894,-0.0007020588964223,-0.0815161764621734,-388.136586455104,-0.0444125,0.002914054,0.054437716,0.0004233110230416,1,188.7557528206603,0,0.0,2540.0,2545.0,0,0,0
0.0031681173,0.027967706,1.9757763e-05,0.06435,2031.8708376683016,0.0003469793591648,0.0012530870735645,-118.92327312828776,-0.0005624999999999,0.0031708174,0.054304373,-0.0003550795372575,1,216.51339600262216,0,0.0,2545.0,2550.0,0,0,0
0.0026467384,0.03678542,1.2993823e-05,0.1034625,2638.752204497622,-0.0005213788244873,0.0088177137076854,606.8813668293205,0.0391124999999999,0.0028786648,0.03048925,-0.0001743994653224,1,262.5834977264937,0,0.0,2550.0,2555.0,0,0,0
0.0028872567,0.032838218,1.594886e-05,0.1079375,2591.8699823233733,0.000240518245846,-0.0039472021162509,-46.88222217424891,0.004475,0.002900704,0.03253045,-0.0002808605786412,1,275.70152503810505,0,0.0,2555.0,2560.0,0,0,0
0.0026182188,0.023473147,1.1472139e-05,0.0974375,2653.37469393639,-0.0002690379042178,-0.0093650706112384,61.50471161301675,-0.0105,0.0027174046,0.031032259,-2.8519658371806145e-05,1,26.235238185782944,0,0.0,2560.0,2565.0,0,0,0
0.002573689,0.055044852,1.1043106e-05,0.1242,2731.6039904999066,-4.452979192137718e-05,0.0315717048943042,78.22929656351653,0.0267625,0.0026930545,0.037118737,-0.0003135676961392,1,57.18220919180919,0,0.0,2565.0,2570.0,0,0,0
0.0029958,0.03005191,1.5384538e-05,0.1153625,2836.0430022635546,0.0004221110139042,-0.0249929428100585,104.43901176364808,-0.0088374999999999,0.002729236,0.03618997,0.0003775812219828,1,74.82946603674407,0,0.0,2570.0,2575.0,0,0,0
0.002651095,0.036765687,1.3518719e-05,0.1413125,2835.5850464777136,-0.0003447050694376,0.0067137777805328,-0.4579557858410226,0.02595,0.0027401943,0.040620815,7.740594446659088e-05,1,49.12543684163028,0,0.0,2575.0,2580.0,0,0,0
0.0031119906,0.021666687,1.6114127e-05,0.117575,2701.815694620849,0.0004608957096934,-0.015099000185728,-133.76935185686443,-0.0237375,0.0029196285,0.029494762,0.0001161906402558,1,63.16769509867883,0,0.0,2580.0,2585.0,0,0,0
0.0026778209,0.020191267,1.2170732e-05,0.1192625,2774.4133328429207,-0.0004341697786003,-0.0014754198491573,72.59763822207151,0.0016874999999999,0.0028136354,0.02620788,2.6725931093096733e-05,1,54.67747364789421,0,0.0,2585.0,2590.0,0,0,0
0.0028853721,0.040351916,1.5884389e-05,0.1557125,2991.354988129377,0.0002075512893497,0.020160648971796,216.94165528645635,0.03645,0.002891728,0.02740329,-0.0002266184892505,1,123.00275577728956,0,0.0,2590.0,2595.0,0,0,0
0.0025102468,0.032652445,1.1560311e-05,0.129075,2921.3489587037857,-0.0003751253243535,-0.0076994709670543,-70.00602942559135,-0.0266375,0.0026911467,0.03106521,-0.0001675740350037,1,90.40317355632092,0,0.0,2595.0,2600.0,0,0,0
0.0030104711,0.031199396,1.6267495e-05,0.1332375,2650.0456042380247,0.0005002242978662,-0.001453049480915,-271.303354465761,0.0041625,0.0028020302,0.034734588,0.0001250989735126,1,147.1954293646548,0,0.0,2600.0,2605.0,0,0,0
0.0033916775,0.039634902,2.2325616e-05,0.110125,2539.014352730199,0.0003812063951045,0.0084355063736438,-111.0312515078258,-0.0231125,0.0029707986,0.03449558,0.0008814306929707,1,160.5937593504341,0,0.0,2605.0,2610.0,0,0,0
0.0030374692,0.02970217,1.7822353e-05,0.1272625,2761.381210518053,-0.0003542082849889,-0.0099327322095632,222.36685778785431,0.0171375,0.0031465394,0.033512156,2.6998110115528107e-05,1,90.78091789184884,0,0.0,2610.0,2615.0,0,0,0
0.002775272,0.029509949,1.4175733e-05,0.1100875,2597.142932895399,-0.0002621973399072,-0.0001922212541103,-164.2382776226541,-0.0171749999999999,0.0030681398,0.032949004,-0.0006164056248962,1,94.1630755131885,0,0.0,2615.0,2620.0,0,0,0
0.0031382851,0.02162693,1.621652e-05,0.1000375,2590.810859791713,0.00036301324144,-0.0078830178827047,-6.332073103686071,-0.01005,0.0029836753,0.026946351,0.0001008159015327,1,78.95747908642778,0,0.0,2620.0,2625.0,0,0,0
0.0023825502,0.021328224,9.431886e-06,0.187,3093.815682030337,-0.0007557349745184,-0.0002987068146467,503.004822238624,0.0869625,0.002765369,0.024155036,-0.0003927217330783,1,235.6404431610813,0,0.0,2625.0,2630.0,0,0,0
0.0025923736,0.023838334,1.2668678e-05,0.1291,2544.3675344819085,0.0002098234836012,0.0025101099163293,-549.4481475484286,-0.0579,0.0027044031,0.022264495,-0.0005459114909172,1,248.7890897271872,0,0.0,2630.0,2635.0,0,0,0
0.0028479751,0.022072136,1.4083198e-05,0.0755375,2484.7676842810265,0.0002556014806032,-0.0017661973834037,-59.59985020088197,-0.0535625,0.0026076331,0.022412898,0.0004654249642044,1,274.14207033556147,0,0.0,2635.0,2640.0,0,0,0
0.0021754045,0.027485676,8.984934e-06,0.1019375,2440.774994517224,-0.0006725706625729,0.0054135397076606,-43.9926897638029,0.0264,0.0025385844,0.024465382,-0.0004169691819697,1,42.45116571224532,0,0.0,2640.0,2645.0,0,0,0
0.0024999615,0.025620563,1.023024e-05,0.063775,2125.2453548012586,0.000324557069689,-0.0018651131540536,-315.529639715965,-0.0381625,0.0025077804,0.02505946,-0.0003480135928839,1,160.12169527737322,0,0.0,2645.0,2650.0,0,0,0
0.0029576675,0.026354175,1.4473468e-05,0.06435,2246.653782647505,0.0004577059298753,0.0007336121052503,121.40842784624692,0.000575,0.0025443444,0.026486805,0.0007822629995644,1,129.94956491276488,0,0.0,2650.0,2655.0,0,0,0
0.003058912,0.032789372,1.6764367e-05,0.0745875,2209.8360076876247,0.0001012445427477,0.0064351968467235,-36.81777495988081,0.0102374999999999,0.002838847,0.028254703,0.0005589504726231,1,50.82774117965663,0,0.0,2655.0,2660.0,0,0,0
0.0021039788,0.015109841,7.1153713e-06,0.0851,2348.874386769552,-0.0009549332316964,-0.0176795311272144,139.03837908192736,0.0105124999999999,0.0027068527,0.024751129,-0.0008536886889487,1,58.81824293514756,0,0.0,2660.0,2665.0,0,0,0
0.0022896265,0.026269305,8.724863e-06,0.092025,2421.2135545701467,0.000185647746548,0.0111594647169113,72.33916780059462,0.006925,0.0024841726,0.024722839,-0.0007692854851484,1,87.71487481980408,0,0.0,2665.0,2670.0,0,0,0
0.0023542459,0.032465585,9.3877325e-06,0.1034125,2542.2416411727186,6.461935117840767e-05,0.006196279078722,121.02808660257188,0.0113875,0.0022492837,0.02461491,0.0002502670977264,1,79.77165189894713,0,0.0,2670.0,2675.0,0,0,0
0.0029466627,0.023501612,1.476773e-05,0.0898375,2316.3387245643034,0.0005924168508499,-0.0089639723300933,-225.90291660841515,-0.013575,0.0025301783,0.027412167,0.0006570362020283,1,92.30303681510924,0,0.0,2675.0,2680.0,0,0,0
0.002696436,0.04397723,1.4436394e-05,0.101375,2635.204623868313,-0.0002502268180251,0.0204756185412406,318.8658993040094,0.0115375,0.0026657814,0.03331481,0.0003421900328248,1,133.8945296462873,0,0.0,2680.0,2685.0,0,0,0
0.002201103,0.021303203,7.917517e-06,0.1214125,2575.6252508991424,-0.0004953329917043,-0.0226740278303623,-59.57937296917044,0.0200375,0.0026147338,0.029594013,-0.0007455598097294,1,138.42553801036914,0,0.0,2685.0,2690.0,0,0,0
0.0024686796,0.019518597,1.0230088e-05,0.0903125,2372.4958001124214,0.0002675766590982,-0.0017846059054136,-203.129450786721,-0.0311,0.0024554061,0.028266346,-0.000227756332606,1,112.46095694828615,0,0.0,2690.0,2695.0,0,0,0
0.002466199,0.02898767,1.0213204e-05,0.0887625,2334.630264694349,-2.480577677488327e-06,0.0094690732657909,-37.865535418071886,-0.00155,0.0023786605,0.023269823,0.0002650960814207,1,105.81637970521308,0,0.0,2695.0,2700.0,0,0,0
0.0020978742,0.014856767,7.0205615e-06,0.0949625,2470.3195798382635,-0.0003683248069137,-0.0141309034079313,135.68931514391397,0.0062,0.002344251,0.02112101,-0.0003708053845912,1,57.16922336029309,0,0.0,2700.0,2705.0,0,0,0
0.002310822,0.033227745,9.337424e-06,0.107175,2818.715388685127,0.0002129478380084,0.0183709785342216,348.3958088468635,0.0122125,0.0022916317,0.025690729,-0.0001553769689053,1,203.8871248551923,0,0.0,2705.0,2710.0,0,0,0
0.002139463,0.0218048,7.686933e-06,0.099475,2491.082106408864,-0.000171358929947,-0.0114229451864957,-327.6332822762629,-0.0077,0.0021827198,0.023296438,4.158890806138516e-05,1,159.56687549139335,0,0.0,2710.0,2715.0,0,0,0
0.0020817795,0.019021492,7.834335e-06,0.0842375,2367.968882168276,-5.768355913460255e-05,-0.0027833078056573,-123.1132242405879,-0.0152374999999999,0.0021773549,0.024684677,-0.0002290424890816,1,190.22584436376792,0,0.0,2715.0,2720.0,0,0,0
0.0022856267,0.027638959,9.059105e-06,0.1228375,2437.1701065212887,0.0002038471866399,0.008617466315627,69.20122435301255,0.0385999999999999,0.0021689564,0.022821749,0.0001461636275053,1,50.38979081646861,0,0.0,2720.0,2725.0,0,0,0
0.002431947,0.029172758,1.0388046e-05,0.0666125,2149.892240784443,0.0001463203225284,0.0015337988734245,-287.2778657368458,-0.056225,0.002266451,0.025277736,0.0003501675091683,1,122.41768350452487,0,0.0,2725.0,2730.0,0,0,0
0.0021355432,0.022516599,7.638768e-06,0.0864625,2245.050932643448,-0.0002964038867503,-0.0066561587154865,95.15869185900463,0.0198499999999999,0.0022843722,0.026442772,-0.0001500835642218,1,119.48664534868338,0,0.0,2730.0,2735.0,0,0,0
0.0021530238,0.017221734,7.697599e-06,0.0705,2125.9036236195097,1.7480691894888878e-05,-0.0052948649972677,-119.14730902393784,-0.0159625,0.0022401714,0.022970363,-0.0002789231948554,1,51.45301161410225,0,0.0,2735.0,2740.0,0,0,0
0.0023121405,0.021614067,8.79378e-06,0.1019375,2458.142378821241,0.0001591166947036,0.0043923333287239,332.2387552017317,0.0314375,0.0022002358,0.0204508,0.0001765973865985,1,137.43145206077003,0,0.0,2740.0,2745.0,0,0,0
0.003132657,0.059981532,2.2067585e-05,0.1280625,2767.824470389929,0.0008205163758248,0.0383674651384353,309.68209156868807,0.0261249999999999,0.0025326072,0.03293911,0.0009796330705285,1,262.1170141187596,0,0.0,2745.0,2750.0,0,0,0
0.00415891,0.11738601,5.4757686e-05,0.1522,2488.7277955997056,0.0010262529831379,0.0574044808745384,-279.0966747902239,0.0241375,0.0032012358,0.06632721,0.0018467693589627,1,139.33708903902783,0,0.0,2750.0,2755.0,0,0,0
0.0037633672,0.051469237,2.6904714e-05,0.1301125,2500.7932042761367,-0.0003955427091568,-0.0659167766571044,12.06540867643116,-0.0220875,0.003684978,0.076278925,0.000630710273981,1,128.81779770402005,0,0.0,2755.0,2760.0,0,0,0
0.0028032917,0.07296,1.7212378e-05,0.147125,2880.950906786137,-0.0009600755292922,0.0214907601475715,380.15770251,0.0170125,0.0035751897,0.08060508,-0.001355618238449,1,182.11852728160144,0,0.0,2760.0,2765.0,0,0,0
0.0023469299,0.022784766,9.600204e-06,0.11105,2331.6269243635584,-0.0004563617985695,-0.0501752309501171,-549.3239824225784,-0.036075,0.0029711963,0.04907133,-0.0014164373278617,1,229.7084980534493,0,0.0,2765.0,2770.0,0,0,0
0.0030920845,0.02514796,1.5614127e-05,0.1172125,3053.2185090188264,0.0007451546844094,0.0023631937801837,721.591584655268,0.0061625,0.0027474351,0.04029757,0.0002887928858399,1,307.7024860855228,0,0.0,2770.0,2775.0,0,0,0
0.002275957,0.01655107,8.427108e-06,0.141425,2719.9239836593183,-0.0008161275181919,-0.0085968896746635,-333.29452535950804,0.0242124999999999,0.002571657,0.021494597,-7.097283378243446e-05,1,294.8736569255185,0,0.0,2775.0,2780.0,0,0,0
0.0027322394,0.024884846,1.2838977e-05,0.1026625,2682.3635686789016,0.00045628240332,0.0083337761461734,-37.56041498041668,-0.0387624999999999,0.002700094,0.022194624,-0.0003598451148718,1,166.67647043920817,0,0.0,2780.0,2785.0,0,0,0
0.0024914262,0.016989177,1.0123744e-05,0.088475,2408.473583067787,-0.0002408132422715,-0.0078956689685583,-273.88998561111475,-0.0141875,0.0024998742,0.01947503,0.0002154691610485,1,138.81556949987962,0,0.0,2785.0,2790.0,0,0,0
0.0024308066,0.019447692,9.7187e-06,0.0754375,2252.1016032097145,-6.061955355107784e-05,0.0024585146456956,-156.37197985807234,-0.0130374999999999,0.0025514907,0.020440571,-0.0003014327958226,1,177.82428256637004,0,0.0,2790.0,2795.0,0,0,0
0.0021054035,0.016057208,7.1453587e-06,0.092925,2424.029124844981,-0.000325403176248,-0.0033904835581779,171.92752163526666,0.0174874999999999,0.0023425454,0.017498026,-0.0003860227297991,1,77.6410856730153,0,0.0,2795.0,2800.0,0,0,0
0.0023539104,0.027315727,9.234993e-06,0.111725,2536.719344219771,0.0002485068980604,0.0112585183233022,112.69021937478963,0.0188,0.002296707,0.020940209,-7.689627818763256e-05,1,117.0305832469306,0,0.0,2800.0,2805.0,0,0,0
0.002488403,0.030078445,1.05018835e-05,0.080975,2534.508444395766,0.0001344927586615,0.0027627181261777,-2.210899824004628,-0.03075,0.0023159056,0.024483794,0.0003829996567219,1,52.60930807922625,0,0.0,2805.0,2810.0,0,0,0
0.002112889,0.017500345,7.5233384e-06,0.09355,2452.980233253781,-0.0003755141515284,-0.0125780999660491,-81.52821114198468,0.0125749999999999,0.002318401,0.02496484,-0.0002410213928669,1,38.96433696402974,0,0.0,2810.0,2815.0,0,0,0
0.0020457746,0.018468142,6.9099715e-06,0.08365,2401.863865873609,-6.711436435580254e-05,0.0009677968919277,-51.11636738017205,-0.0098999999999999,0.002215689,0.022015644,-0.0004426285158842,1,54.62428889695026,0,0.0,2815.0,2820.0,0,0,0
0.002201545,0.020587746,8.737414e-06,0.064775,2109.269589725164,0.0001557704526931,0.0021196044981479,-292.59427614844526,-0.018875,0.0021200695,0.018852077,8.865608833730221e-05,1,151.42335792363872,0,0.0,2820.0,2825.0,0,0,0
0.0023638408,0.028367504,9.761301e-06,0.0988875,2491.890993540028,0.0001622957643121,0.0077797584235668,382.6214038148637,0.0341125,0.0022037204,0.022474462,0.0003180662170052,1,163.33858250339156,0,0.0,2825.0,2830.0,0,0,0
0.0026133847,0.029426243,1.143112e-05,0.09055,2287.336176530786,0.0002495439257472,0.0010587386786937,-204.554817009242,-0.0083374999999999,0.0023929237,0.026127165,0.0004118396900594,1,156.32925408876451,0,0.0,2830.0,2835.0,0,0,0
0.0034881225,0.05044657,2.109119e-05,0.068825,2282.862211054364,0.0008747377432882,0.0210203267633914,-4.473965476422109,-0.021725,0.0028217826,0.036080107,0.0011242816690355,1,97.49969882358486,0,0.0,2835.0,2840.0,0,0,0
0.0035617363,0.034856427,2.182114e-05,0.0999375,2487.810318635988,7.36138317734003e-05,-0.0155901424586772,204.9481075816243,0.0311125,0.0032210813,0.03824308,0.0009483515750616,1,95.57639458754684,1,0.6931471805599453,2840.0,2845.0,1,26,130
0.0037009583,0.05783155,2.3149849e-05,0.09325,2416.651290960673,0.0001392220146954,0.0229751206934452,-71.15902767531497,-0.0066874999999999,0.0035836056,0.04771151,0.0002128358464688,1,84.96198622074208,2,1.0986122886681096,2845.0,2850.0,1,25,125
0.004593473,0.04373292,3.8036305e-05,0.1269,2714.991750155978,0.0008925145957618,-0.0140986293554306,298.3404591953049,0.03365,0.0039520557,0.045473635,0.0010317366104573,1,127.22772218874728,3,1.3862943611198906,2850.0,2855.0,1,24,120
0.004206403,0.044342943,3.1832915e-05,0.1096625,2527.814964992882,-0.0003870697692036,0.0006100237369537,-187.17678516309616,-0.0172375,0.004166945,0.0486358,0.0005054448265582,1,123.10769491302968,4,1.6094379124341003,2855.0,2860.0,1,23,115
0.0037744674,0.0809954,3.3764474e-05,0.1231375,2590.9869370092165,-0.0004319357685744,0.036652460694313,63.17197201633462,0.013475,0.0041914475,0.056357086,-0.0008190055377781,1,77.74819800411787,5,1.791759469228055,2860.0,2865.0,1,22,110
0.0030705582,0.05329387,1.7361739e-05,0.1056375,2700.2971694060843,-0.0007039092015475,-0.0277015343308448,109.31023239686785,-0.0175,0.0036838094,0.05954407,-0.0011358449701219,1,71.25036903945565,6,1.9459101490553132,2865.0,2870.0,1,21,105
0.0027450107,0.049026772,1.4209181e-05,0.0978625,2307.701341466989,-0.0003255475312471,-0.0042670965194702,-392.5958279390952,-0.0077749999999999,0.0031966788,0.061105344,-0.0010294567327946,1,165.43912598615148,7,2.0794415416798357,2870.0,2875.0,1,20,100
0.0044438946,0.04397563,3.7190795e-05,0.091875,2260.131940040093,0.0016988839488476,-0.0050511434674263,-47.56940142689609,-0.0059875,0.0034198212,0.04876542,0.0013733364176005,1,197.24202876728563,8,2.1972245773362196,2875.0,2880.0,1,19,95
0.007676796,0.06354492,0.00011001961,0.0717,1980.866669346137,0.0032329014502465,0.0195692926645278,-279.2652706939557,-0.020175,0.0049552335,0.05218244,0.0049317851662635,1,144.1730604625436,9,2.302585092994046,2880.0,2885.0,1,18,90
0.008029006,0.085976236,0.00013699238,0.067075,2018.512348555596,0.0003522103652358,0.0224313139915466,37.64567920945842,-0.004625,0.0067165657,0.06449893,0.0035851118154823,1,123.73193047338948,10,2.3978952727983707,2885.0,2890.0,1,17,85
0.004518481,0.046517957,3.618194e-05,0.0849125,2242.8431309616235,-0.0035105254501104,-0.0394582785665988,224.33078240602777,0.0178375,0.0067414274,0.06534637,-0.0031583150848746,1,115.64945286828946,11,2.4849066497880004,2890.0,2895.0,1,16,80
0.0031071545,0.02403608,1.611772e-05,0.0923,2359.106977210336,-0.0014113264624029,-0.0224818773567676,116.26384624871208,0.0073874999999999,0.005218214,0.05217676,-0.0049218516796827,1,141.36095757862205,12,2.5649493574615367,2895.0,2900.0,1,15,75
0.0036612053,0.062043265,2.4071309e-05,0.079775,2258.5101588587545,0.000554050784558,0.0380071848630905,-100.59681835158108,-0.0125249999999999,0.0037622803,0.044199098,-0.0008572756778448,1,51.513167216563446,13,2.639057329615259,2900.0,2905.0,1,14,70
0.004245002,0.07392827,3.4454453e-05,0.086425,2323.7675512010246,0.0005837965290993,0.0118850022554397,65.25739234227012,0.00665,0.0036711206,0.05333587,0.0011378473136574,1,41.66949610185361,14,2.70805020110221,2905.0,2910.0,1,13,65
0.008459756,0.07960673,0.0001281142,0.083575,1938.9762473563392,0.0042147543281316,0.0056784600019454,-384.79130384468544,-0.00285,0.005455321,0.07185942,0.0047985510900616,1,168.1351293090172,15,2.772588722239781,2910.0,2915.0,1,12,60
0.004011872,0.03062265,2.766495e-05,0.081275,2340.6446453618646,-0.0044478839263319,-0.0489840768277645,401.66839800552543,-0.0022999999999999,0.0055722096,0.06138588,-0.0002331295982003,1,185.49833355889157,16,2.833213344056216,2915.0,2920.0,1,11,55
0.0034338478,0.025225744,2.0417849e-05,0.08585,2283.4842275922992,-0.0005780244246125,-0.005396906286478,-57.16041776956536,0.0045749999999999,0.0053018257,0.045151707,-0.0050259083509445,1,177.4168236298592,17,2.8903717578961645,2920.0,2925.0,1,10,50
0.004569683,0.04555899,3.7302674e-05,0.0763125,2200.598027990677,0.0011358354240655,0.020333245396614,-82.88619960162214,-0.0095374999999999,0.0040051346,0.03380246,0.000557810999453,1,57.49443497814277,18,2.9444389791664403,2925.0,2930.0,1,9,45
0.004745206,0.0750404,4.452632e-05,0.0957,2240.353095185232,0.0001755226403474,0.0294814109802246,39.75506719455507,0.0193874999999999,0.004249579,0.048608378,0.001311358064413,1,33.84750447843564,19,2.995732273553991,2930.0,2935.0,1,8,40
0.003533847,0.022715447,2.0895144e-05,0.073825,2206.2517885713205,-0.0012113589327782,-0.0523249506950378,-34.101306613911675,-0.0218749999999999,0.004282912,0.047771614,-0.0010358362924307,1,17.5604653479306,20,3.044522437723423,2935.0,2940.0,1,7,35
0.0027012448,0.039508224,1.4072183e-05,0.083775,2473.482009510004,-0.0008326021488755,0.0167927760630846,267.2302209386835,0.00995,0.0036600989,0.04575469,-0.0020439610816538,1,118.75464004500128,21,3.091042453358316,2940.0,2945.0,1,6,30
0.0023349698,0.050892293,9.069946e-06,0.0863375,2454.104617945435,-0.000366274965927,0.0113840699195861,-19.377391564568825,0.0025624999999999,0.0028566874,0.03770532,-0.0011988771148025,1,121.66369828138647,22,3.1354942159291497,2945.0,2950.0,1,5,25
0.0027291987,0.031649854,1.300279e-05,0.1151125,2574.8593707609275,0.0003942288458347,-0.0192424394190311,120.75475281549234,0.028775,0.0025884712,0.04068346,2.795387990772724e-05,1,52.95130153219143,23,3.1780538303479458,2950.0,2955.0,1,4,20
0.0035457108,0.03187367,2.3526332e-05,0.0936875,2291.7387083589047,0.0008165121544152,0.0002238154411315,-283.12066240202284,-0.021425,0.00286996,0.03813861,0.0012107410002499,1,115.99890248635604,24,3.2188758248682006,2955.0,2960.0,1,3,15
0.003063483,0.05531636,1.7615903e-05,0.0882125,2389.9573410820285,-0.0004822278860956,0.0234426893293857,98.21863272312385,-0.005475,0.0031127976,0.039613295,0.0003342842683196,1,117.37545166039548,25,3.258096538021482,2960.0,2965.0,1,2,10
0.0029741346,0.024842048,1.5212944e-05,0.1097125,2540.9836517435824,-8.934829384088516e-05,-0.0304743107408285,151.0263106615539,0.0215,0.003194443,0.037344027,-0.0005715761799365,1,102.51226925423302,26,3.295836866004329,2965.0,2970.0,1,1,5
0.0022961546,0.020178612,8.625933e-06,0.105775,2630.6992528581586,-0.0006779800169169,-0.004663435742259,89.7156011145762,-0.0039375,0.002777924,0.03344567,-0.0007673283107578,1,99.33920770158956,0,0.0,2970.0,2975.0,0,0,0
0.0025271992,0.03106663,1.0990552e-05,0.1019125,2472.4348833417303,0.0002310445997864,0.0108880177140235,-158.26436951642836,-0.0038624999999999,0.0025991627,0.025362432,-0.0004469354171305,1,64.80349218230029,0,0.0,2975.0,2980.0,0,0,0
0.0034907067,0.039518133,2.3208811e-05,0.09885,2286.895157050593,0.0009635074529796,0.0084515027701854,-185.5397262911374,-0.0030625,0.0027713536,0.030254459,0.001194552052766,1,140.5045894800754,0,0.0,2980.0,2985.0,0,0,0
0.003972504,0.032872163,2.7341774e-05,0.08695,2220.120466510545,0.0004817971494048,-0.0066459700465202,-66.77469054004769,-0.0118999999999999,0.0033301364,0.034485642,0.0014453046023845,1,106.74289685957788,0,0.0,2985.0,2990.0,0,0,0
0.0028581142,0.026034638,1.4696247e-05,0.0932125,2601.402652141965,-0.0011143896263092,-0.0068375244736671,381.2821856314199,0.0062625,0.0034404416,0.03280831,-0.0006325924769043,1,166.24945408272646,0,0.0,2990.0,2995.0,0,0,0
0.0023883048,0.02326741,9.412682e-06,0.106825,2786.9022275358566,-0.000469809398055,-0.002767227590084,185.49957539389152,0.0136125,0.0030729743,0.027391404,-0.0015841990243643,1,235.94438190720092,0,0.0,2995.0,3000.0,0,0,0
0.0029586884,0.029040806,1.5206826e-05,0.11295,2427.10215522599,0.0005703836213797,0.0057733952999114,-359.80007230986666,0.0061249999999999,0.0027350357,0.026114285,0.0001005742233246,1,146.91148042676554,0,0.0,3000.0,3005.0,0,0,0
0.004232849,0.06771675,3.895284e-05,0.0835125,2227.8469023484645,0.0012741605751216,0.0386759415268898,-199.25525287752544,-0.0294374999999999,0.0031932807,0.04000832,0.0018445441965013,1,231.34908794908293,0,0.0,3005.0,3010.0,0,0,0
0.0032239188,0.028343828,1.8923733e-05,0.0772875,2294.2420544650927,-0.0010089301504194,-0.0393729209899902,66.3951521166282,-0.006225,0.0034718188,0.041700464,0.0002652304247021,1,82.84039433222885,1,0.6931471805599453,3010.0,3015.0,1,4,20
0.002556406,0.018874444,1.0580009e-05,0.10105,2641.597074613833,-0.0006675128825008,-0.0094693843275308,347.3550201487405,0.0237625,0.0033377248,0.03831167,-0.0016764430329203,1,181.4304370204075,2,1.0986122886681096,3015.0,3020.0,1,3,15
0.0029912505,0.021581706,1.4854184e-05,0.10315,2564.855796106081,0.0004348445218056,0.0027072615921497,-76.74127850775221,0.0021,0.0029238584,0.022933325,-0.0002326683606952,1,148.98789324955678,3,1.3862943611198906,3020.0,3025.0,1,2,10
0.0032914367,0.030662907,1.9442381e-05,0.1216,2922.882375377983,0.0003001862205564,0.0090812016278505,358.02657927190194,0.0184499999999999,0.0029463645,0.023706352,0.0007350307423621,1,153.90966893246977,4,1.6094379124341003,3025.0,3030.0,1,1,5
0.0027285882,0.025999203,1.3423622e-05,0.1661,3315.9795967367527,-0.0005628485232591,-0.0046637039631605,393.0972213587697,0.0445,0.0030037584,0.026081271,-0.0002626623027026,1,306.7564036783349,0,0.0,3030.0,3035.0,0,0,0
0.0027648068,0.036540464,1.4367656e-05,0.147775,3027.873378741,3.621866926550865e-05,0.0105412602424621,-288.106217995753,-0.018325,0.0029282772,0.031067526,-0.0005266298539936,1,166.18387710103093,0,0.0,3035.0,3040.0,0,0,0
0.0032607967,0.03693391,2.1215104e-05,0.1498125,3098.5762764502074,0.00049598980695,0.000393446534872,70.70289770920772,0.0020374999999999,0.002918064,0.03315786,0.0005322084762156,1,122.59612838907236,0,0.0,3040.0,3045.0,0,0,0
0.0037784355,0.04641784,2.5838277e-05,0.1700875,3075.7759770163825,0.0005176388658583,0.0094839297235012,-22.800299433824875,0.020275,0.003268013,0.039964072,0.0010136286728084,1,29.464502786844065,0,0.0,3045.0,3050.0,0,0,0
0.0026438285,0.026739499,1.2691584e-05,0.1634625,3195.953874831964,-0.0011346070095896,-0.0196783412247896,120.17789781558167,-0.0066249999999999,0.0032276867,0.036697082,-0.0006169681437313,1,52.11629884130213,0,0.0,3050.0,3055.0,0,0,0
0.002247918,0.016344454,8.281854e-06,0.13355,2770.8991601184634,-0.0003959105815738,-0.0103950444608926,-425.0547147135008,-0.0299125,0.0028900607,0.029833933,-0.0015305175911635,1,178.9053477572724,0,0.0,3055.0,3060.0,0,0,0
0.0022838041,0.02119696,8.748575e-06,0.135125,2809.6094892087226,3.5886187106370926e-05,0.0048525054007768,38.710329090259165,0.0015749999999999,0.0023918503,0.02142697,-0.0003600243944674,1,191.9004326267637,0,0.0,3060.0,3065.0,0,0,0
0.0021019438,0.021080613,7.5408266e-06,0.133375,2642.503649016229,-0.0001818602904677,-0.0001163464039564,-167.10584019249336,-0.00175,0.002211222,0.019540675,-0.0001459741033613,1,71.42070869613164,0,0.0,3065.0,3070.0,0,0,0
0.0028820592,0.029109413,1.49434045e-05,0.1132875,2664.931726906016,0.0007801153697073,0.0080287996679544,22.42807788978689,-0.0200874999999999,0.0024226024,0.023795662,0.0005982550792396,1,74.05631146423339,0,0.0,3070.0,3075.0,0,0,0
0.0034183022,0.044224706,2.5384337e-05,0.1022,2479.6556641737197,0.0005362429656088,0.0151152927428483,-185.27606273229685,-0.0110875,0.0028007682,0.031471577,0.0013163583353161,1,82.56290818163289,0,0.0,3075.0,3080.0,0,0,0
0.0029211338,0.028677465,1.4505568e-05,0.0957875,2523.7983864048065,-0.0004971683956682,-0.015547240152955,44.14272223108719,-0.0064125,0.0030738318,0.03400386,3.9074569940567017e-05,1,79.01787360997884,0,0.0,3080.0,3085.0,0,0,0
0.0031755206,0.027005363,1.7198256e-05,0.11,2705.9550665635024,0.0002543868031352,-0.0016721021384,182.156680158696,0.0142125,0.0031716523,0.033302512,-0.0002427815925329,1,97.94616184096093,0,0.0,3085.0,3090.0,0,0,0
0.0035676498,0.027001748,2.231617e-05,0.1270875,2640.5646544299057,0.0003921291790902,-3.615394234657288e-06,-65.39041213359678,0.0170874999999999,0.0032214348,0.027561525,0.0006465159822255,1,75.34463298289799,1,0.6931471805599453,3090.0,3095.0,1,2,10
0.0023768798,0.0321341,9.354869e-06,0.10315,2650.7978530215664,-0.0011907699517905,0.0051323529332876,10.233198591660766,-0.0239374999999999,0.0030400166,0.028713739,-0.0007986407727003,1,28.7188334607734,2,1.0986122886681096,3095.0,3100.0,1,1,5
0.0021952584,0.01917686,8.200877e-06,0.0876625,2398.8724574060752,-0.0001816214062273,-0.0129572413861751,-251.9253956154912,-0.0154875,0.0027132628,0.026104236,-0.0013723913580179,1,116.421762671401,0,0.0,3100.0,3105.0,0,0,0
0.0022752914,0.03447357,9.128086e-06,0.103375,2582.780105219117,8.003297261893749e-05,0.015296708792448,183.90764781304188,0.0157124999999999,0.0022824765,0.028594842,-0.0001015884336084,1,106.4136801440832,0,0.0,3105.0,3110.0,0,0,0
0.0034709396,0.039186,2.5051624e-05,0.119225,2490.209747392107,0.0011956482194364,0.0047124326229095,-92.57035782700996,0.01585,0.002647163,0.030945474,0.0012756811920553,1,75.08054535285497,0,0.0,3110.0,3115.0,0,0,0
0.0026434518,0.020780487,1.194915e-05,0.0711,2492.073070439029,-0.000827487790957,-0.0184055138379335,1.8633230469217776,-0.048125,0.0027965608,0.031480018,0.0003681604284793,1,43.20559284731805,0,0.0,3115.0,3120.0,0,0,0
0.003358835,0.040377513,2.1733124e-05,0.0811375,2417.173891389384,0.0007153830956667,0.0195970255881547,-74.89917904964477,0.0100375,0.0031577423,0.033448,-0.0001121046952903,1,34.87691891517054,0,0.0,3120.0,3125.0,0,0,0
0.0028634754,0.029222976,1.4072153e-05,0.111775,2458.011283840357,-0.0004953595343977,-0.0111545361578464,40.8373924509724,0.0306374999999999,0.002955254,0.030126994,0.000220023561269,1,30.61913880565368,0,0.0,3125.0,3130.0,0,0,0
0.0038854722,0.06729443,2.9617142e-05,0.1109125,2345.608225115464,0.0010219968389719,0.0380714572966098,-112.40305872489262,-0.0008625,0.0033692608,0.045631643,0.0005266373045742,1,46.45641305106028,1,0.6931471805599453,3130.0,3135.0,1,40,200
0.0027424567,0.025161903,1.3658309e-05,0.0704875,2106.8994976130493,-0.0011430154554545,-0.0421325303614139,-238.7087275024146,-0.040425,0.0031638015,0.040559772,-0.0001210186164826,1,146.3996776803768,2,1.0986122886681096,3135.0,3140.0,1,39,195
0.0031305666,0.0941588,1.8801453e-05,0.0729375,2332.600158438758,0.0003881098236888,0.0689968913793563,225.70066082570884,0.00245,0.003252832,0.062205046,-0.0007549056317657,1,109.59108574942952,3,1.3862943611198906,3140.0,3145.0,1,38,190
0.00214411,0.038767785,7.793917e-06,0.0923375,2433.1787681687483,-0.000986456638202,-0.0553910136222839,100.57860972999016,0.0194,0.002672378,0.052696165,-0.0005983468145132,1,136.4286575576075,4,1.6094379124341003,3145.0,3150.0,1,37,185
0.0027156884,0.02509962,1.3155508e-05,0.0858375,2307.857598396578,0.0005715785082429,-0.0136681646108627,-125.32116977217038,-0.0065,0.002663455,0.0526754,-0.0004148781299591,1,54.19475846500667,5,1.791759469228055,3150.0,3155.0,1,36,180
0.0022653886,0.022798035,8.746563e-06,0.08395,2202.867832421309,-0.0004502998199313,-0.0023015849292278,-104.98976597526872,-0.0018875,0.0023750623,0.028888479,0.0001212786883115,1,94.14608841668938,6,1.9459101490553132,3155.0,3160.0,1,35,175
0.0023988613,0.030483836,9.899967e-06,0.0913625,2326.681310835017,0.0001334727276116,0.0076858010143041,123.8134784137078,0.0074125,0.0024599796,0.026127165,-0.0003168270923197,1,54.474214640617326,7,2.0794415416798357,3160.0,3165.0,1,34,170
0.003326706,0.057036046,2.6663214e-05,0.0949875,2417.219767595958,0.0009278445504605,0.0265522096306085,90.5384567609408,0.003625,0.0026636517,0.03677264,0.0010613172780722,1,87.85957337496086,8,2.1972245773362196,3165.0,3170.0,1,33,165
0.00250099,0.027455676,1.0773378e-05,0.0679375,2511.8991265510745,-0.0008257159497588,-0.0295803695917129,94.67935895511664,-0.02705,0.0027421855,0.038325187,0.0001021286007016,1,75.62115549341408,9,2.302585092994046,3170.0,3175.0,1,32,160
0.0027554792,0.020675885,1.2502352e-05,0.08405,2464.246478792199,0.0002544892486184,-0.0067797917872667,-47.652647758875446,0.0161125,0.0028610583,0.03505587,-0.0005712267011404,1,38.652967999477895,10,2.3978952727983707,3175.0,3180.0,1,31,155
0.003687936,0.0843606,3.7267055e-05,0.1316375,2643.3332373581807,0.0009324569255113,0.0636847168207168,179.08675856598165,0.0475874999999999,0.0029814683,0.04416405,0.0011869461741298,1,75.73181293643769,11,2.4849066497880004,3180.0,3185.0,1,30,150
0.002870122,0.026709376,1.4223919e-05,0.063725,1909.4240582416096,-0.0008178141433745,-0.0576512217521667,-733.9091791165708,-0.0679124999999999,0.0031045123,0.043915287,0.0001146427821367,1,312.43180031467915,12,2.5649493574615367,3185.0,3190.0,1,29,145
0.0019932815,0.04392144,6.6278294e-06,0.0836375,2275.668741099048,-0.0008768404368311,0.017212064936757,366.2446828574382,0.0199125,0.0028504466,0.051663805,-0.0016946545802056,1,299.61735462315306,13,2.639057329615259,3190.0,3195.0,1,28,140
0.0024010723,0.030638956,1.1569257e-05,0.07615,2247.9349228873766,0.0004077907651662,-0.0132824853062629,-27.733818211671405,-0.0074875,0.002421492,0.03375659,-0.0004690496716648,1,166.4978938395879,14,2.70805020110221,3195.0,3200.0,1,27,135
0.002456676,0.024407264,9.919107e-06,0.10835,2505.239413756247,5.560368299484253e-05,-0.0062316916882991,257.3044908688703,0.0322,0.0022836765,0.03298922,0.0004633944481611,1,115.31476702109528,15,2.772588722239781,3200.0,3205.0,1,26,130
0.0026909993,0.039834306,1.2147569e-05,0.0839625,2202.8753376957407,0.0002343233209103,0.01542704179883,-302.36407606050625,-0.0243875,0.0025162492,0.03162684,0.0002899270039051,1,133.1915920481363,16,2.833213344056216,3205.0,3210.0,1,25,125
0.0028065112,0.022307515,1.33754875e-05,0.06105,2172.3462698458216,0.0001155119389295,-0.0175267904996871,-30.5290678499191,-0.0229124999999999,0.0026513953,0.028849697,0.0003498352598398,1,150.24938666477726,17,2.8903717578961645,3210.0,3215.0,1,24,120
0.0032635026,0.025262153,1.829328e-05,0.0932,2648.119602658,0.00045699137263,0.0029546376317739,475.7733328121785,0.03215,0.0029203377,0.02913466,0.0005725033115595,1,217.44341375804612,18,2.9444389791664403,3215.0,3220.0,1,23,115
0.0064622513,0.14659691,0.00016191855,0.1045375,2086.961829575636,0.0031987486872822,0.1213347539305687,-561.1577730823642,0.0113375,0.004177422,0.06472219,0.0036557400599122,1,246.88027083458425,19,2.995732273553991,3220.0,3225.0,1,22,110
0.005573282,0.14457712,0.0001081743,0.074225,2159.749234619381,-0.0008889692835509,-0.0020197927951812,72.78740504374491,-0.0303125,0.005099679,0.10547873,0.0023097794037312,1,249.1544966931912,20,3.044522437723423,3225.0,3230.0,1,21,105
0.003754868,0.031238012,2.5190871e-05,0.0832625,2332.997320141034,-0.0018184140790253,-0.1133391037583351,173.24808552165314,0.0090375,0.005263467,0.107470684,-0.0027073833625763,1,103.19688199837364,21,3.091042453358316,3230.0,3235.0,1,20,100
0.0030907677,0.07534111,2.3830182e-05,0.0933,2275.4678119461155,-0.0006641002837568,0.0441031008958816,-57.52950819491844,0.0100374999999999,0.0041396394,0.08371875,-0.0024825143627822,1,72.04576677254127,22,3.1354942159291497,3235.0,3240.0,1,19,95
0.0036813226,0.028267987,2.2352182e-05,0.07365,2659.7871628739176,0.0005905549041926,-0.0470731258392334,384.3193509278021,-0.01965,0.003508986,0.044949036,-7.354537956416607e-05,1,169.24755344501182,23,3.1780538303479458,3240.0,3245.0,1,18,90
0.0034920364,0.03148502,2.100279e-05,0.1364,2856.9765779670865,-0.0001892861910164,0.0032170340418815,197.1894150931689,0.06275,0.0034213755,0.045031372,0.0004012687131762,1,241.4625514745933,24,3.2188758248682006,3245.0,3250.0,1,17,85
0.0042585945,0.032305304,3.0296413e-05,0.1116625,2707.2007080574253,0.0007665581069886,0.0008202828466892,-149.7758699096612,-0.0247374999999999,0.003810651,0.030686105,0.0005772719159722,1,84.04001751735126,25,3.258096538021482,3250.0,3255.0,1,16,80
0.0040472373,0.042686373,3.1114938e-05,0.076625,2370.776226316078,-0.0002113571390509,0.0103810690343379,-336.42448174134734,-0.0350375,0.0039326227,0.03549223,0.0005552009679377,1,203.3073822422301,26,3.295836866004329,3255.0,3260.0,1,15,75
0.0032581876,0.037791286,1.9516972e-05,0.10335,2678.2295566642,-0.0007890497799962,-0.0048950873315334,307.4533303481221,0.026725,0.0038546731,0.03759432,-0.0010004069190472,1,152.22363295498823,27,3.332204510175204,3260.0,3265.0,1,14,70
0.003924325,0.03577551,3.0198682e-05,0.0860125,2249.747533648624,0.0006661375518888,-0.0020157769322395,-428.482023015576,-0.0173374999999999,0.00374325,0.038751055,-0.0001229122281074,1,180.36147002877465,28,3.367295829986474,3265.0,3270.0,1,13,65
0.004192285,0.080936894,3.972805e-05,0.1084,2568.3181159624264,0.000267959665507,0.045161385089159,318.57058231380233,0.0223874999999999,0.0037915993,0.05150123,0.0009340972173959,1,181.70934812386977,29,3.4011973816621555,3270.0,3275.0,1,12,60
0.007917261,0.096537896,0.00013327206,0.0870875,2808.500973073153,0.0037249759770929,0.0156010016798973,240.18285711072667,-0.0213124999999999,0.0053446237,0.071083434,0.0039929356426,1,228.8571672060904,30,3.4339872044851463,3275.0,3280.0,1,11,55
0.0042710733,0.05073603,3.5507444e-05,0.1056875,2582.6797119774915,-0.0036461874842643,-0.0458018667995929,-225.8212610956616,0.0186,0.0054602064,0.07607027,7.878849282860756e-05,1,109.9945969646826,31,3.4657359027997265,3280.0,3285.0,1,10,50
0.00405137,0.04336159,2.999764e-05,0.0763875,2306.111310406947,-0.0002197031863033,-0.0073744393885135,-276.56840157054467,-0.0293,0.0054132347,0.063545175,-0.0038658906705677,1,205.44820808931263,32,3.4965075614664802,3285.0,3290.0,1,9,45
0.0036805836,0.050684378,2.407091e-05,0.092375,2467.791422131819,-0.000370786525309,0.0073227882385253,161.6801117248724,0.0159875,0.004001009,0.048260663,-0.0005904897116124,1,113.4459530732667,33,3.5263605246161616,3290.0,3295.0,1,8,40
0.0036115563,0.036526226,2.249638e-05,0.1168375,2579.2145689733693,-6.902730092406273e-05,-0.0141581520438194,111.42314684155008,0.0244624999999999,0.00378117,0.043524068,-0.0004398138262331,1,112.12144507880684,34,3.5553480614894135,3295.0,3300.0,1,7,35
0.0033498737,0.04420624,2.1043032e-05,0.1085875,2531.734175058179,-0.0002616825513541,0.0076800137758255,-47.48039391519024,-0.0082499999999999,0.0035473378,0.043805614,-0.0003307098522782,1,45.65350310304392,35,3.58351893845611,3300.0,3305.0,1,6,30
0.0034284692,0.03363253,2.0396306e-05,0.0906125,2355.108630659978,7.85954762250185e-05,-0.0105737075209617,-176.62554439820087,-0.017975,0.0034632997,0.038121667,-0.0001830870751291,1,96.42178311266248,36,3.6109179126442243,3305.0,3310.0,1,5,25
0.0028129746,0.029485974,1.423133e-05,0.105325,2440.5358519968167,-0.0006154945585876,-0.0041465573012828,85.42722133683856,0.0147125,0.0031971056,0.035774916,-0.0005368990823626,1,72.11990571918611,37,3.6375861597263857,3310.0,3315.0,1,4,20
0.0054116333,0.067829266,6.178193e-05,0.1184875,2478.9965831199797,0.0025986586697399,0.0383432917296886,38.46073112316253,0.0131624999999999,0.003884359,0.043649256,0.0019831641111522,1,51.77436382847843,38,3.6635616461296463,3315.0,3320.0,1,3,15
0.002971375,0.02479676,1.5084366e-05,0.091175,2426.054707629968,-0.0024402583949267,-0.0430325046181678,-52.941875490011626,-0.0273124999999999,0.0037319947,0.040704,0.0001584002748131,1,22.340231673675937,39,3.6888794541139363,3320.0,3325.0,1,2,10
0.002547432,0.042570487,1.1665844e-05,0.1108375,2558.886831410668,-0.0004239429254084,0.0177737269550561,132.83212378069993,0.0196625,0.00364348,0.045065504,-0.0028642013203352,1,54.59921352754584,40,3.713572066704308,3325.0,3330.0,1,1,5
0.002852082,0.028601337,1.3873157e-05,0.1133,2724.468296642583,0.0003046500496566,-0.0139691494405269,165.58146523191544,0.0024624999999999,0.0027902965,0.03198953,-0.0001192928757518,1,122.07113811391078,0,0.0,3330.0,3335.0,0,0,0
0.0032442603,0.05847934,1.9984634e-05,0.123775,2771.7840787861883,0.000392178306356,0.0298780016601085,47.31578214360525,0.0104749999999999,0.002881258,0.04321705,0.0006968283560127,1,91.2756769403564,0,0.0,3335.0,3340.0,0,0,0
0.0039623003,0.02896752,2.6696032e-05,0.0905625,2394.937944614487,0.0007180399261415,-0.0295118186622858,-376.8461341717011,-0.0332124999999999,0.0033528812,0.038682733,0.0011102182324975,1,167.61133778535842,0,0.0,3340.0,3345.0,0,0,0
0.0048680184,0.047195718,4.2774962e-05,0.1163875,2621.125682442625,0.0009057181887328,0.0182281974703073,226.1877378281374,0.025825,0.0040248595,0.044880856,0.0016237581148743,1,154.87337263884694,0,0.0,3345.0,3350.0,0,0,0
0.0029753866,0.028196061,1.50302885e-05,0.098625,2387.348889834203,-0.0018926318734884,-0.0189996566623449,-233.7767926084216,-0.0177625,0.003935235,0.034786433,-0.0009869136847555,1,108.45894013586144,0,0.0,3350.0,3355.0,0,0,0
0.0035291542,0.08929239,3.59261e-05,0.08815,2422.0394849864188,0.0005537676624953,0.0610963329672813,34.69059515221579,-0.0104749999999999,0.0037908528,0.054894727,-0.001338864210993,1,103.00503772570612,0,0.0,3355.0,3360.0,0,0,0
0.004379857,0.04276085,3.4694e-05,0.10555,2469.433395054568,0.0008507026359438,-0.046531543135643,47.393910068149125,0.0174,0.0036281326,0.05341643,0.0014044702984392,1,33.64435911252824,0,0.0,3360.0,3365.0,0,0,0
0.003273324,0.028418465,1.9039207e-05,0.0896625,2372.740083532822,-0.0011065327562391,-0.0143423844128847,-96.69331152174573,-0.0158875,0.0037274451,0.053490568,-0.0002558301202952,1,39.47743404398132,0,0.0,3365.0,3370.0,0,0,0
0.0030731917,0.03585236,1.7363784e-05,0.1139875,2620.6623434573085,-0.0002001323737204,0.0074338968843221,247.9222599244863,0.024325,0.0035754575,0.035677224,-0.0013066651299595,1,102.02681471832386,1,0.6931471805599453,3370.0,3375.0,1,7,35
0.0037369153,0.054461833,2.6076097e-05,0.0966,2344.336475028803,0.0006637235637754,0.0186094716191291,-276.3258684285056,-0.0173875,0.0033611439,0.039577555,0.000463591190055,1,124.10935926068586,2,1.0986122886681096,3375.0,3380.0,1,6,30
0.0027323116,0.02443956,1.2839397e-05,0.109975,2441.011862248808,-0.001004603691399,-0.0300222728401422,96.67538722000472,0.0133749999999999,0.0031808063,0.03825125,-0.0003408801276236,1,114.49231485870888,3,1.3862943611198906,3380.0,3385.0,1,5,25
0.003074473,0.025250828,1.6333657e-05,0.0973125,2543.7450871637666,0.0003421613946557,0.0008112676441669,102.733224914959,-0.0126625,0.0031812333,0.034717407,-0.0006624422967433,1,81.42074577919166,4,1.6094379124341003,3385.0,3390.0,1,4,20
0.0034244233,0.029911866,2.128419e-05,0.1069625,2473.453360246711,0.0003499502781778,0.0046610385179519,-70.29172691705571,0.00965,0.0030770693,0.026534086,0.0006921116728335,1,42.87901994987688,5,1.791759469228055,3390.0,3395.0,1,3,15
0.0041888137,0.03831186,2.9478073e-05,0.068125,2212.2543354029044,0.0007643904536962,0.0083999950438737,-261.19902484380646,-0.0388375,0.0035625703,0.031158185,0.0011143407318741,1,142.61524616772178,6,1.9459101490553132,3395.0,3400.0,1,2,10
0.0037218735,0.026261915,2.2936892e-05,0.0767625,2136.271544163427,-0.0004669402260333,-0.0120499469339847,-75.98279123947759,0.0086374999999999,0.00377837,0.031495214,0.0002974502276629,1,144.41063835893618,7,2.0794415416798357,3400.0,3405.0,1,1,5
0.0030098166,0.026773667,1.5427446e-05,0.1115,2309.509203472966,-0.0007120568770915,0.0005117524415254,173.23765930953914,0.0347375,0.003640168,0.03044915,-0.0011789971031248,1,70.90148135963425,0,0.0,3405.0,3410.0,0,0,0
0.0030826859,0.028218567,1.5509133e-05,0.0773625,2370.449057836562,7.286923937499523e-05,0.0014449004083871,60.93985436359617,-0.0341375,0.0032714587,0.027084716,-0.0006391876377165,1,99.1990481378144,0,0.0,3410.0,3415.0,0,0,0
0.003354712,0.032785397,1.9629493e-05,0.0955125,2546.079420284803,0.0002720260526984,0.0045668296515941,175.6303624482407,0.01815,0.0031490717,0.02925921,0.0003448952920734,1,100.2913298268578,0,0.0,3415.0,3420.0,0,0,0
0.0044133742,0.032092825,3.2548316e-05,0.0846,2262.353371257642,0.0010586623102426,-0.0006925724446773,-283.726049027161,-0.0109125,0.0036169242,0.031032264,0.0013306883629411,1,116.91933238454602,0,0.0,3420.0,3425.0,0,0,0
0.0033050117,0.030474478,1.8476034e-05,0.1274875,2599.808153175185,-0.0011083625722676,-0.0016183461993932,337.45478191754364,0.0428875,0.0036910325,0.031784233,-4.9700262024998665e-05,1,148.04765654402038,0,0.0,3425.0,3430.0,0,0,0
0.0031436412,0.029226089,1.6844946e-05,0.1143625,2550.783638491066,-0.0001613704953342,-0.0012483894824981,-49.02451468411937,-0.0131249999999999,0.0036206758,0.030597797,-0.0012697330676019,1,148.87397800204295,0,0.0,3430.0,3435.0,0,0,0
0.0033874076,0.038663518,2.0687752e-05,0.108725,2508.3775837872568,0.0002437664661556,0.0094374287873506,-42.40605470380933,-0.0056375,0.0032786867,0.032788027,8.239597082138062e-05,1,37.358957774774936,1,0.6931471805599453,3435.0,3440.0,1,5,25
0.0038745063,0.03150211,2.739268e-05,0.0872,2254.5712140963656,0.0004870987031608,-0.007161408662796,-253.8063696908912,-0.021525,0.0034685184,0.03313057,0.0007308651693165,1,130.79149952713033,2,1.0986122886681096,3440.0,3445.0,1,4,20
0.0033344517,0.023602603,1.9947225e-05,0.0881125,2252.4235321648725,-0.000540054636076,-0.0078995060175657,-2.1476819314930253,0.0009124999999999,0.003532122,0.031256076,-5.295593291521072e-05,1,120.15488262852072,3,1.3862943611198906,3445.0,3450.0,1,3,15
0.0035949517,0.026541661,2.1255371e-05,0.0833,2194.836178273661,0.000260500004515,0.0029390584677457,-57.58735389121148,-0.0048124999999999,0.0036013033,0.027215457,-0.000279554631561,1,27.66704893432756,4,1.6094379124341003,3450.0,3455.0,1,2,10
0.0039320043,0.052767634,2.9301727e-05,0.103425,2428.621413220881,0.0003370526246726,0.0262259729206562,233.7852349472205,0.020125,0.0036204692,0.034303967,0.0005975526291877,1,99.4526870739975,5,1.791759469228055,3455.0,3460.0,1,1,5
0.0026851697,0.024353474,1.2689981e-05,0.0860625,2326.3239548195943,-0.0012468346394598,-0.0284141600131988,-102.29745840128726,-0.0173625,0.0034040418,0.034554258,-0.0009097820147871,1,95.69009089281889,0,0.0,3460.0,3465.0,0,0,0
0.0023671018,0.018707316,9.177815e-06,0.0921875,2217.5234505642134,-0.0003180678468197,-0.0056461580097675,-108.80050425538091,0.006125,0.0029947588,0.03194281,-0.0015649024862796,1,86.19401214017411,0,0.0,3465.0,3470.0,0,0,0
0.0027919186,0.035396248,1.5445858e-05,0.077075,2008.270808619588,0.0004248167388141,0.0166889317333698,-209.2526419446258,-0.0151125,0.00261473,0.026152348,0.0001067488919943,1,131.98569859174296,0,0.0,3470.0,3475.0,0,0,0
0.002955626,0.022819586,1.506737e-05,0.07535,2193.253049964228,0.0001637074165046,-0.0125766620039939,184.98224134464,-0.001725,0.002704882,0.025641048,0.0005885241553187,1,93.448827422033,0,0.0,3475.0,3480.0,0,0,0
0.0030732546,0.028573135,1.6172027e-05,0.075175,2168.450194433882,0.000117628602311,0.0057535488158464,-24.802855530344917,-0.0001749999999999,0.0029402664,0.028929656,0.0002813360188156,1,81.98309235933318,0,0.0,3480.0,3485.0,0,0,0
0.002490094,0.026944079,1.0384618e-05,0.1147875,2555.571718237442,-0.0005831606686115,-0.0016290564090013,387.1215238035593,0.0396124999999999,0.0028396582,0.026112266,-0.0004655320663005,1,176.93472531910507,0,0.0,3485.0,3490.0,0,0,0
0.0024073753,0.021576665,9.880677e-06,0.1244375,2511.3783343211485,-8.271867409348488e-05,-0.0053674131631851,-44.19338391629344,0.00965,0.002656908,0.02569796,-0.000665879342705,1,173.01760941222872,0,0.0,3490.0,3495.0,0,0,0
0.0025780709,0.018082075,1.09984085e-05,0.08175,2305.2838589014964,0.0001706955954432,-0.0034945905208587,-206.0944754196521,-0.0426875,0.0024918467,0.02220094,8.797692134976387e-05,1,109.07286072032797,0,0.0,3495.0,3500.0,0,0,0
0.0024228639,0.027402647,1.0449531e-05,0.103575,2413.669661562275,-0.0001552070025354,0.0093205720186233,108.3858026607786,0.0218249999999999,0.0024694365,0.022353796,1.548859290778637e-05,1,84.17534592162262,0,0.0,3500.0,3505.0,0,0,0
0.0022357216,0.022492092,8.52866e-06,0.06815,2044.918488469958,-0.0001871422864496,-0.0049105547368526,-368.751173092317,-0.035425,0.0024122188,0.022658939,-0.0003423492889851,1,154.7453233884391,0,0.0,3505.0,3510.0,0,0,0
0.0031114838,0.022495972,1.635666e-05,0.0665,2020.9517515098291,0.0008757621981203,3.879889845848084e-06,-23.966736960128628,-0.0016499999999999,0.002590023,0.024130238,0.0006886199116706,1,179.74648474802154,1,0.6931471805599453,3510.0,3515.0,1,2,10
0.0030806302,0.030675367,1.6219796e-05,0.108775,2439.121238238746,-3.0853552743792534e-05,0.0081793945282697,418.1694867289168,0.0422749999999999,0.0028092787,0.025221145,0.0008449086453765,1,191.727796639146,2,1.0986122886681096,3515.0,3520.0,1,1,5
0.0026535427,0.021568786,1.1783647e-05,0.104,2550.724243871677,-0.0004270875360816,-0.0091065801680088,111.60300563293094,-0.004775,0.0029485524,0.024913376,-0.0004579410888254,1,228.03017445571,0,0.0,3520.0,3525.0,0,0,0
0.0024876595,0.017625744,1.00585685e-05,0.1095625,2543.2509644131346,-0.0001658832188695,-0.0039430428296327,-7.473279458542493,0.0055624999999999,0.0027406106,0.023289965,-0.0005929707549512,1,50.9401398651426,0,0.0,3525.0,3530.0,0,0,0
0.0024573794,0.019836597,1.02533495e-05,0.087,2239.7984508739,-3.0280090868473053e-05,0.0022108536213636,-303.4525135392346,-0.0225625,0.0025328605,0.019677043,-0.000196163309738,1,144.8424917052395,0,0.0,3530.0,3535.0,0,0,0
0.0029411882,0.022579547,1.4817247e-05,0.1028125,2321.4761981898587,0.000483808806166,0.0027429498732089,81.67774731595864,0.0158125,0.0026287425,0.020013962,0.0004535287152975,1,128.20934673558003,0,0.0,3535.0,3540.0,0,0,0
0.003210946,0.02647661,1.7779781e-05,0.093575,2484.8697020193645,0.000269757816568,0.0038970634341239,163.3935038295058,-0.0092374999999999,0.002869838,0.022964252,0.000753566622734,1,101.88697967099274,1,0.6931471805599453,3540.0,3545.0,1,6,30
0.0030483054,0.028202523,1.6032389e-05,0.086025,2400.343644188569,-0.0001626405864953,0.0017259120941162,-84.52605783079525,-0.00755,0.0030668133,0.025752893,0.0001071172300726,1,66.71845120809051,2,1.0986122886681096,3545.0,3550.0,1,5,25
0.003406881,0.026201688,2.0123116e-05,0.084525,2395.3426026892453,0.000358575489372,-0.0020008347928524,-5.0010414993239465,-0.0015,0.0032220439,0.026960274,0.0001959349028766,1,41.07549469906727,3,1.3862943611198906,3550.0,3555.0,1,4,20
0.0038469604,0.030641112,2.5224192e-05,0.06345,2091.6225212883323,0.0004400794859975,0.0044394247233867,-303.72008140091293,-0.0210749999999999,0.003434049,0.02834844,0.0007986549753695,1,144.3682136402294,4,1.6094379124341003,3555.0,3560.0,1,3,15
0.002966741,0.020092035,1.423984e-05,0.0705875,2220.5329636389515,-0.0008802192751318,-0.0105490777641534,128.91044235061918,0.0071374999999999,0.0034068609,0.025644945,-0.0004401397891342,1,124.46427416826776,5,1.791759469228055,3560.0,3565.0,1,2,10
0.0031806773,0.019842908,1.6433947e-05,0.082675,2250.6639784810523,0.0002139362040907,-0.0002491269260644,30.13101484210074,0.0120875,0.0033314594,0.023525352,-0.0006662830710411,1,68.9766186700899,6,1.9459101490553132,3565.0,3570.0,1,1,5
0.0043829386,0.034520473,3.2983316e-05,0.068175,1937.0084240756703,0.0012022613082081,0.0146775655448436,-313.655554405382,-0.0144999999999999,0.0035101187,0.02481847,0.0014161975122988,1,141.29317408979932,0,0.0,3570.0,3575.0,0,0,0
0.0039750044,0.032827783,2.6923171e-05,0.0692625,2078.5796640034623,-0.0004079341888427,-0.0016926899552345,141.57123992779202,0.0010875,0.003846207,0.029063722,0.0007943271193653,1,128.2511572714787,0,0.0,3575.0,3580.0,0,0,0
0.0032407348,0.028270366,1.7891669e-05,0.0818375,2294.135677924074,-0.000734269618988,-0.004557417705655,215.5560139206118,0.0125749999999999,0.0038662262,0.031872872,-0.0011422038078308,1,146.83576863411332,0,0.0,3580.0,3585.0,0,0,0
0.0028531393,0.02479548,1.4067349e-05,0.0915375,2293.6911884666024,-0.000387595500797,-0.003474885597825,-0.4444894574717182,0.0097,0.0033562928,0.02863121,-0.001121865119785,1,101.50947447027184,0,0.0,3585.0,3590.0,0,0,0
0.0026943039,0.026080608,1.2293705e-05,0.0802875,2267.7842088804755,-0.0001588354352861,0.0012851282954216,-25.90697958612691,-0.0112499999999999,0.0029293925,0.02638215,-0.0005464309360831,1,12.318771055721502,0,0.0,3590.0,3595.0,0,0,0
0.0024794335,0.016440742,9.898669e-06,0.0861375,2236.109964286339,-0.000214870320633,-0.0096398666501045,-31.67424459413633,0.00585,0.0026756257,0.022438943,-0.0003737057559192,1,23.5467071063802,0,0.0,3595.0,3600.0,0,0,0
0.003120099,0.022285538,1.6329082e-05,0.065225,2120.84088392112,0.0006406654138118,0.0058447960764169,-115.26908036521944,-0.0209125,0.0027646122,0.021602295,0.0004257950931787,1,63.14230788813773,0,0.0,3600.0,3605.0,0,0,0
0.0028595005,0.036183003,1.3859352e-05,0.077125,2314.0007432189955,-0.0002605984918773,0.0138974655419588,193.15985929787576,0.0118999999999999,0.0028196776,0.024969762,0.0003800669219344,1,79.34780370478268,0,0.0,3605.0,3610.0,0,0,0
0.002423635,0.02039695,9.416607e-06,0.0827625,2271.1148545103097,-0.000435865484178,-0.0157860536128282,-42.8858887086858,0.0056375,0.0028010781,0.026288496,-0.0006964639760553,1,82.81988283212999,0,0.0,3610.0,3615.0,0,0,0
0.0025270975,0.023747701,1.0921925e-05,0.0908875,2440.203125127478,0.0001034624874591,0.0033507514744997,169.0882706171683,0.0081249999999999,0.002603411,0.026775887,-0.0003324029967188,1,71.7689842558229,0,0.0,3615.0,3620.0,0,0,0
0.0024574199,0.06310058,1.0301836e-05,0.0881375,2431.358930392865,-6.967759691178799e-05,0.0393528752028942,-8.844194734612756,-0.00275,0.002469384,0.03574841,3.378489054739475e-05,1,77.7083056452231,0,0.0,3620.0,3625.0,0,0,0
0.0023696022,0.01731361,9.041308e-06,0.099075,2469.022267644378,-8.781766518950462e-05,-0.0457869656383991,37.663337251512985,0.0109375,0.0024513733,0.03472063,-0.0001574952621012,1,16.080663781332618,0,0.0,3625.0,3630.0,0,0,0
0.0024722798,0.020652507,9.976907e-06,0.096275,2515.643636946136,0.0001026776153594,0.0033388957381248,46.62136930175757,-0.0027999999999999,0.0024331007,0.0336889,1.485995016992092e-05,1,34.47380778256475,0,0.0,3630.0,3635.0,0,0,0
0.0030164176,0.019797042,1.4978632e-05,0.0790875,2216.227585905137,0.0005441377870738,-0.0008554644882678,-299.4160510409988,-0.0171874999999999,0.0026194332,0.019254386,0.0006468154024332,1,131.54157551985065,0,0.0,3635.0,3640.0,0,0,0
0.0025092633,0.025526486,1.0407546e-05,0.0944375,2396.6576450923167,-0.0005071542691439,0.0057294443249702,180.4300591871797,0.0153499999999999,0.002665987,0.021992013,3.698351792991161e-05,1,123.09104315131604,0,0.0,3640.0,3645.0,0,0,0
0.0023574154,0.018106863,8.757216e-06,0.1000125,2555.4203547176307,-0.0001518479548394,-0.0074196234345436,158.76270962531407,0.005575,0.0026276987,0.021143464,-0.0006590022239834,1,138.56901154320457,0,0.0,3645.0,3650.0,0,0,0
0.0028383355,0.0173232,1.2902074e-05,0.0745375,2350.687382772734,0.0004809200763702,-0.0007836632430553,-204.7329719448967,-0.0254749999999999,0.002568338,0.020318849,0.0003290721215307,1,87.70813517741219,0,0.0,3650.0,3655.0,0,0,0
0.0025945667,0.016653135,1.0646058e-05,0.09825,2413.238566197461,-0.000243768794462,-0.000670064240694,62.55118342472679,0.0237124999999999,0.0025967725,0.017361065,0.0002371512819081,1,85.66336007627504,0,0.0,3655.0,3660.0,0,0,0
0.0029500297,0.032957494,1.5090633e-05,0.0838125,2336.915552439455,0.0003554630093276,0.0163043588399887,-76.3230137580058,-0.0144375,0.0027943105,0.022311276,0.0001116942148655,1,33.21230743709858,0,0.0,3660.0,3665.0,0,0,0
0.0025157384,0.024162535,1.0350033e-05,0.0843625,2173.4364606573195,-0.0004342913161963,-0.0087949596345424,-163.47909178213558,0.00055,0.002686778,0.024591053,-7.882830686867237e-05,1,100.0309206087474,0,0.0,3665.0,3670.0,0,0,0
0.0028193635,0.026982734,1.3764268e-05,0.1130875,2348.882953075304,0.0003036251291632,0.002820199355483,175.4464924179847,0.0287249999999999,0.0027617104,0.028034255,-0.000130666187033,1,80.03478676291314,0,0.0,3670.0,3675.0,0,0,0
0.0027810496,0.021366203,1.260723e-05,0.0698625,1993.025525003523,-3.831391222774983e-05,-0.0056165307760238,-355.8574280717812,-0.043225,0.0027053838,0.02417049,0.0002653112169355,1,145.28289893977933,0,0.0,3675.0,3680.0,0,0,0
0.003225865,0.032215163,1.7672104e-05,0.078825,2078.544163484824,0.0004448154941201,0.0108489599078893,85.51863848130097,0.0089625,0.0029420927,0.0268547,0.0004065015818923,1,151.66886730960397,0,0.0,3680.0,3685.0,0,0,0
0.002998194,0.022717599,1.4564158e-05,0.0688,2014.9940950544333,-0.0002276711165904,-0.0094975642859935,-63.55006843039064,-0.010025,0.003001703,0.025432989,0.0002171443775296,1,36.26241824884046,0,0.0,3685.0,3690.0,0,0,0
0.0035905312,0.028863769,2.1369477e-05,0.0883625,2256.692116187013,0.0005923372227698,0.0061461701989173,241.69802113257992,0.0195624999999999,0.0032715301,0.027932176,0.0003646661061793,1,102.3030561446908,0,0.0,3690.0,3695.0,0,0,0
0.0030704571,0.022117771,1.5208745e-05,0.0682375,1864.4217715924472,-0.0005200740415602,-0.0067459978163242,-392.2703445945661,-0.0201249999999999,0.0032197274,0.02456638,7.226318120956421e-05,1,161.5776322736692,0,0.0,3695.0,3700.0,0,0,0
0.0043007466,0.035109732,3.1596566e-05,0.061575,1831.9895235390115,0.0012302894610911,0.0129919610917568,-32.432248053435615,-0.0066625,0.0036539119,0.02869709,0.0007102154195308,1,193.01703038392856,0,0.0,3700.0,3705.0,0,0,0
0.0052442793,0.06200307,5.4496253e-05,0.0616875,1844.128320265941,0.0009435326792299,0.0268933363258838,12.138796726929511,0.0001125,0.0042051612,0.039743524,0.0021738221403211,1,13.3791930769741,1,0.6931471805599453,3705.0,3710.0,1,13,65
0.0049494575,0.04845096,4.1583557e-05,0.083125,2082.809415771865,-0.0002948218025267,-0.0135521069169044,238.68109550592408,0.0214375,0.0048314948,0.048521254,0.0006487108767032,1,115.4828674535203,2,1.0986122886681096,3710.0,3715.0,1,12,60
0.0053639673,0.09083326,6.169828e-05,0.0772375,2107.2572164681715,0.0004145097918808,0.0423822999000549,24.44780069630633,-0.0058875,0.0051859017,0.067095764,0.0001196879893541,1,118.69811209179105,3,1.3862943611198906,3715.0,3720.0,1,11,55
0.00422963,0.060491815,3.183299e-05,0.0637875,1940.245563783664,-0.0011343373917043,-0.0303414463996887,-167.01165268450745,-0.01345,0.004847685,0.066592015,-0.0007198275998234,1,73.64708562160985,4,1.6094379124341003,3720.0,3725.0,1,10,50
0.0048839026,0.07241069,4.6810168e-05,0.066,2022.9888537390077,0.0006542727351188,0.0119188725948333,82.74328995534324,0.0022125,0.004825833,0.07457859,-0.0004800646565854,1,68.18316925108468,5,1.791759469228055,3725.0,3730.0,1,9,45
0.0031561644,0.029790848,1.7095008e-05,0.0738375,2039.224190490708,-0.0017277381848543,-0.042619839310646,16.23533675170097,0.0078374999999999,0.004089899,0.05423112,-0.0010734654497355,1,43.34205904057159,6,1.9459101490553132,3730.0,3735.0,1,8,40
0.0027905346,0.027462069,1.3263333e-05,0.0657,1867.719023072863,-0.0003656297922134,-0.0023287795484066,-171.5051674178453,-0.0081375,0.0036102005,0.0432212,-0.0020933679770678,1,77.30626604296951,7,2.0794415416798357,3735.0,3740.0,1,7,35
0.002997934,0.031256963,1.5137321e-05,0.0673875,1964.971020511445,0.0002073992509394,0.0037948936223983,97.25199743858208,0.0016875,0.0029815442,0.029503293,-0.0001582305412739,1,70.22622706398901,8,2.1972245773362196,3740.0,3745.0,1,6,30
0.00304888,0.07217602,2.134189e-05,0.0972,2277.5898971740235,5.094613879919052e-05,0.0409190542995929,312.6188766625785,0.0298124999999999,0.0029457828,0.043631684,0.0002583453897386,1,174.85951392412008,9,2.302585092994046,3745.0,3750.0,1,5,25
0.0033771012,0.036390975,2.116802e-05,0.1106375,2292.4246973896797,0.0003282211255282,-0.0357850417494773,14.834800215655832,0.0134375,0.0031413052,0.046607986,0.0003791672643274,1,150.98805833732752,10,2.3978952727983707,3750.0,3755.0,1,4,20
0.0040287096,0.037625745,2.9110342e-05,0.0648875,2036.2028594620883,0.0006516084540635,0.0012347698211669,-256.22183792759097,-0.04575,0.003484897,0.04873091,0.0009798295795917,1,117.4437943603352,11,2.4849066497880004,3755.0,3760.0,1,3,15
0.0032514767,0.03264904,1.9261497e-05,0.0833875,2378.8848832852264,-0.0007772329263389,-0.0049767047166824,342.682023823138,0.0185,0.0035524294,0.035555255,-0.0001256244722753,1,145.5090541007317,12,2.5649493574615367,3760.0,3765.0,1,2,10
0.0020693587,0.023622978,7.0201286e-06,0.075475,2177.8984265143968,-0.0011821179650723,-0.0090260617434978,-200.9864567708296,-0.0079125,0.0031165152,0.031299252,-0.0019593508914113,1,140.59562146615517,13,2.639057329615259,3765.0,3770.0,1,1,5
0.003273262,0.03710898,1.9982266e-05,0.0640875,2085.8299430816883,0.0012039032299071,0.0134860016405582,-92.06848343270848,-0.0113874999999999,0.002864699,0.031127,2.178526483476162e-05,1,122.36255755590103,0,0.0,3770.0,3775.0,0,0,0
0.0028525318,0.04020431,1.401373e-05,0.09755,2790.630305565041,-0.0004207300953567,0.0030953288078308,704.8003624833532,0.0334624999999999,0.0027317174,0.03364542,0.0007831731345504,1,312.81171337176244,0,0.0,3775.0,3780.0,0,0,0
0.0027887626,0.029503856,1.3312838e-05,0.06515,2152.523100323825,-6.376928649842739e-05,-0.0107004530727863,-638.1072052412169,-0.0324,0.0029715188,0.035605714,-0.0004844993818551,1,317.69523018843546,0,0.0,3780.0,3785.0,0,0,0
0.0032311494,0.026836343,1.7630864e-05,0.082375,2204.8274912873385,0.0004423868376761,-0.0026675127446651,52.30439096351392,0.017225,0.0029574812,0.032181505,0.0003786175511777,1,289.2675600951282,0,0.0,3785.0,3790.0,0,0,0
0.0027118567,0.021654721,1.1930191e-05,0.0993,2466.0430014094745,-0.0005192926619201,-0.0051816217601299,261.21551012213604,0.0169249999999999,0.0029105896,0.025998307,-7.690582424402237e-05,1,137.13902938226497,0,0.0,3790.0,3795.0,0,0,0
0.0035507393,0.023566011,2.09752e-05,0.0971125,2441.732876430932,0.0008388825226575,0.0019112899899482,-24.31012497854317,-0.0021874999999999,0.0031645817,0.024019025,0.0003195898607373,1,117.82693825874654,0,0.0,3795.0,3800.0,0,0,0
0.0032065948,0.024274725,1.7056942e-05,0.114025,2544.7386849661616,-0.0003441444132477,0.0007087141275405,103.00580853523024,0.0169124999999999,0.0031563968,0.023165151,0.0004947381094098,1,43.96234421376136,0,0.0,3800.0,3805.0,0,0,0
0.0032613152,0.028031234,1.8201781e-05,0.1075875,2763.170688293594,5.472032353281975e-05,0.003756508231163,218.4320033274325,-0.0064374999999999,0.0033395495,0.025290659,-0.0002894240897148,1,134.0169987413241,0,0.0,3805.0,3810.0,0,0,0
0.0034065724,0.022500306,1.9295492e-05,0.128475,2758.815095975521,0.0001452572178095,-0.0055309273302555,-4.355592318072922,0.0208875,0.0032914942,0.024935422,0.0001999775413423,1,101.958717687724,0,0.0,3810.0,3815.0,0,0,0
0.0039706063,0.034780096,2.6636497e-05,0.1108125,2751.0725399622697,0.000564033864066,0.0122797898948192,-7.742556013251487,-0.0176625,0.0035461646,0.028437212,0.0007092910818755,1,5.00314957586519,1,0.6931471805599453,3815.0,3820.0,1,22,110
0.0064994902,0.103190534,0.00011700777,0.087725,2327.6657095146697,0.0025288839824497,0.0684104412794113,-423.4068304476,-0.0230874999999999,0.0046255565,0.05349031,0.0030929178465157,1,201.4456322266823,2,1.0986122886681096,3820.0,3825.0,1,21,105
0.0043083625,0.03289171,3.233964e-05,0.13595,2794.6032495063077,-0.0021911277435719,-0.070298820734024,466.9375399916376,0.0482249999999999,0.004926153,0.056954112,0.0003377562388777,1,210.6073051905244,3,1.3862943611198906,3825.0,3830.0,1,20,100
0.003987887,0.028574616,2.6090902e-05,0.1028875,2594.5570206530183,-0.0003204755485057,-0.0043170936405658,-200.046228853289,-0.0330624999999999,0.004931913,0.054885622,-0.0025116032920777,1,191.27645260576563,4,1.6094379124341003,3830.0,3835.0,1,19,95
0.0039994773,0.035860687,2.7996732e-05,0.11595,2668.251938195097,1.159030944108963e-05,0.0072860717773437,73.69491754207866,0.0130624999999999,0.0040985756,0.032442335,-0.0003088852390646,1,82.60622011824711,5,1.791759469228055,3835.0,3840.0,1,18,90
0.00341261,0.031993948,1.9916057e-05,0.1633,2881.7921255104475,-0.0005868673324584,-0.0038667395710945,213.5401873153505,0.04735,0.0037999914,0.032143082,-0.0005752770230174,1,121.80784408816804,6,1.9459101490553132,3840.0,3845.0,1,17,85
0.0042530624,0.03802535,2.9999417e-05,0.13565,2690.761636972563,0.0008404524996876,0.0060314014554023,-191.0304885378846,-0.02765,0.0038883833,0.03529333,0.0002535851672291,1,95.7999917007362,7,2.0794415416798357,3845.0,3850.0,1,16,80
0.0041604266,0.03910663,2.9639898e-05,0.1195125,2695.284806285621,-9.26358625292778e-05,0.0010812804102897,4.523169313058133,-0.0161375,0.003942033,0.03637531,0.0007478166371583,1,89.00567193917024,8,2.1972245773362196,3850.0,3855.0,1,15,75
0.0042332476,0.06264763,3.495256e-05,0.1687,3019.9540968402407,7.282104343175888e-05,0.0235410034656524,324.6692905546197,0.0491874999999999,0.004215579,0.046593204,-1.981481909751892e-05,1,154.12775470138303,9,2.302585092994046,3855.0,3860.0,1,14,70
0.003577618,0.031269524,2.2193275e-05,0.1665875,3152.3561578759345,-0.00065562967211,-0.0313781090080738,132.4020610356938,-0.0021124999999999,0.003990431,0.044341262,-0.0005828086286783,1,192.0227632456156,10,2.3978952727983707,3860.0,3865.0,1,13,65
0.0037244628,0.044982336,2.4820522e-05,0.1639625,3184.3994551855503,0.0001468448899686,0.0137128122150897,32.04329730961581,-0.0026249999999999,0.0038451094,0.046299834,-0.0005087847821414,1,71.18001791255847,11,2.4849066497880004,3865.0,3870.0,1,12,60
0.00447047,0.042934034,3.6799167e-05,0.1481375,3227.5986230252174,0.0007460070773959,-0.0020483024418354,43.1991678396671,-0.015825,0.0039241835,0.03972863,0.0008928519673645,1,30.829944978242636,12,2.5649493574615367,3870.0,3875.0,1,11,55
0.004042,0.04507626,2.9178578e-05,0.1993875,3301.6954109498656,-0.000428469851613,0.0021422244608402,74.0967879246482,0.0512499999999999,0.0040789773,0.044330876,0.0003175372257828,1,48.43649143346165,13,2.639057329615259,3875.0,3880.0,1,10,50
0.005741341,0.07368244,7.414933e-05,0.111775,2723.9202765942177,0.0016993409954011,0.0286061838269233,-577.7751343556479,-0.0876125,0.00475127,0.05389758,0.001270871143788,1,256.6896778697541,14,2.70805020110221,3880.0,3885.0,1,9,45
0.0034486763,0.03910881,2.1732458e-05,0.1599625,2822.865730270191,-0.0022926647216081,-0.034573633223772,98.94545367597313,0.0481875,0.0044106725,0.0526225,-0.000593323726207,1,252.2988025211884,15,2.772588722239781,3885.0,3890.0,1,8,40
0.003904702,0.037619174,2.5226498e-05,0.1206625,2724.428987104739,0.0004560255911201,-0.0014896355569362,-98.43674316545184,-0.0393,0.0043649063,0.05013681,-0.001836639130488,1,46.52389349636353,16,2.833213344056216,3890.0,3895.0,1,7,35
0.004493964,0.04299118,3.567128e-05,0.1049125,2673.0712239636387,0.0005892619956284,0.0053720064461231,-51.35776314110035,-0.01575,0.003949114,0.039906386,0.0010452875867486,1,62.151969987105176,17,2.8903717578961645,3895.0,3900.0,1,6,30
0.0034526223,0.030921532,1.9665975e-05,0.127825,2800.5845607783444,-0.0010413415729999,-0.0120696481317281,127.51333681470578,0.0229124999999999,0.0039504296,0.037177294,-0.0004520795773714,1,52.38420277360332,18,2.9444389791664403,3900.0,3905.0,1,5,25
0.0048554367,0.04344981,3.9380924e-05,0.1341,2688.628565775713,0.0014028144069015,0.0125282797962427,-111.95599500263096,0.006275,0.004267341,0.03912084,0.0003614728339016,1,56.79967406685385,19,2.995732273553991,3905.0,3910.0,1,4,20
0.0036678764,0.042506494,2.430864e-05,0.1282375,2736.802575314282,-0.0011875603813678,-0.0009433180093765,48.1740095385685,-0.0058624999999999,0.0039919782,0.03895928,0.0002152540255337,1,45.85365813807262,20,3.044522437723423,3910.0,3915.0,1,3,15
0.0035591633,0.029398765,2.1632683e-05,0.137325,2704.922954133452,-0.0001087130513042,-0.0131077282130718,-31.879621180830327,0.0090874999999999,0.004027492,0.03845169,-0.001296273432672,1,20.007089114744996,21,3.091042453358316,3915.0,3920.0,1,2,10
0.0033497913,0.02905738,1.8981025e-05,0.13385,2899.132076244167,-0.0002093720249831,-0.000341385602951,194.20912211071527,-0.003475,0.0035256103,0.033654213,-0.0003180850762873,1,85.03878868544733,22,3.1354942159291497,3920.0,3925.0,1,1,5
0.0040745777,0.037876993,2.8039794e-05,0.1686,3184.1559951983663,0.000724786426872,0.0088196136057376,285.0239189541994,0.03475,0.0036611774,0.032111045,0.0005154144018888,1,196.8135398276334,0,0.0,3925.0,3930.0,0,0,0
0.0029464755,0.025014615,1.47762075e-05,0.1534875,2990.652253197187,-0.0011281021870672,-0.0128623787313699,-193.5037420011795,-0.0151125,0.0034569483,0.030649664,-0.0004033157601952,1,118.81744883736616,0,0.0,3930.0,3935.0,0,0,0
0.0036350228,0.037500896,2.4146331e-05,0.16425,2856.9370235851798,0.0006885472685098,0.0124862808734178,-133.71522961200753,0.0107625,0.0035520252,0.033464167,-0.0004395549185574,1,134.32783949983573,0,0.0,3935.0,3940.0,0,0,0
0.003731461,0.025025386,2.3478908e-05,0.0818875,2393.2685723224527,9.643821977078916e-05,-0.0124755091965198,-463.66845126272665,-0.0823625,0.0034376532,0.029180298,0.0007849854882806,1,255.9807843270041,0,0.0,3940.0,3945.0,0,0,0
0.0025376815,0.020339677,1.1017626e-05,0.1418125,2851.2386648875654,-0.0011937795206904,-0.0046857092529535,457.9700925651128,0.059925,0.0033013886,0.027621986,-0.0010973413009196,1,217.24474413085352,0,0.0,3945.0,3950.0,0,0,0
0.0025250828,0.021722533,1.1089853e-05,0.13185,2889.2751566520674,-1.259869895875454e-05,0.0013828556984663,38.03649176450199,-0.0099625,0.0029314086,0.022362532,-0.0012063782196491,1,225.3900106452961,0,0.0,3950.0,3955.0,0,0,0
0.0023816673,0.021949235,9.482446e-06,0.1414,2955.0621658906184,-0.0001434155274182,0.0002267025411128,65.78700923855104,0.00955,0.0024814773,0.021337146,-0.000156014226377,1,42.88748153383479,0,0.0,3955.0,3960.0,0,0,0
0.0036481794,0.04113581,2.3718101e-05,0.1062125,2603.552771574502,0.0012665120884776,0.0191865749657154,-351.5093943161164,-0.0351875,0.0028516434,0.028269192,0.0011230965610593,1,152.57932953474426,0,0.0,3960.0,3965.0,0,0,0
0.0023974893,0.023428954,9.530327e-06,0.105075,2525.005675560289,-0.0012506900820881,-0.0177068561315536,-78.54709601421291,-0.0011374999999999,0.002809112,0.028838001,1.582200638949871e-05,1,186.9869530386158,0,0.0,3965.0,3970.0,0,0,0
0.0026167312,0.025504626,1.1331103e-05,0.1082,2322.0890690047045,0.0002192419487982,0.0020756721496582,-202.91660655558465,0.003125,0.0028874667,0.03002313,-0.0010314481332898,1,118.5873383594459,0,0.0,3970.0,3975.0,0,0,0
0.0027238443,0.022500962,1.2421556e-05,0.1068125,2411.9868950213827,0.000107113039121,-0.0030036643147468,89.89782601667821,-0.0013874999999999,0.002579355,0.023811514,0.0003263549879193,1,83.01941746969023,0,0.0,3975.0,3980.0,0,0,0
0.0030929002,0.021278942,1.5387393e-05,0.102825,2340.061968376036,0.0003690558951348,-0.0012220200151205,-71.92492664534666,-0.0039875,0.0028111583,0.023094842,0.0004761689342558,1,38.8413286580093,0,0.0,3980.0,3985.0,0,0,0
0.0041533806,0.03269214,3.0955576e-05,0.11125,2372.558032631844,0.0010604804847389,0.011413199827075,32.4960642558076,0.008425,0.003323375,0.02549068,0.0014295363798737,1,29.40866171421324,0,0.0,3985.0,3990.0,0,0,0
0.004945923,0.03889785,4.1090916e-05,0.1453125,2778.51889975799,0.0007925424724817,0.0062057077884674,405.96086712614624,0.0340625,0.004064068,0.030956311,0.0018530229572206,1,199.4728331563556,0,0.0,3990.0,3995.0,0,0,0
0.005245406,0.033696808,4.4386023e-05,0.097175,2334.9865010561343,0.0002994830720126,-0.0052010416984558,-443.5323987018555,-0.0481375,0.00478157,0.0350956,0.0010920255444943,1,200.814130291056,0,0.0,3995.0,4000.0,0,0,0
0.004786372,0.040236473,3.835699e-05,0.0810875,2283.5794201194285,-0.0004590339958667,0.0065396651625633,-51.40708093670583,-0.0160874999999999,0.004992567,0.037610378,-0.0001595509238541,1,222.1933005224517,0,0.0,4000.0,4005.0,0,0,0
0.0037917183,0.02992566,2.3406887e-05,0.0877,2181.484686143895,-0.0009946539066731,-0.0103108137845993,-102.09473397553349,0.0066124999999999,0.004607832,0.034619648,-0.0014536879025399,1,63.79553263471192,0,0.0,4005.0,4010.0,0,0,0
0.0036149803,0.034076944,2.2469685e-05,0.07745,2281.4827839265445,-0.0001767380163073,0.0041512846946716,99.99809778264944,-0.0102499999999999,0.004064357,0.03474636,-0.0011713919229805,1,47.641427057888016,0,0.0,4010.0,4015.0,0,0,0
0.0031533078,0.027318856,1.7180975e-05,0.0760375,2164.9685132945065,-0.0004616724327206,-0.0067580882459878,-116.514270632038,-0.0014125,0.003520002,0.030440487,-0.000638410449028,1,51.47596935211074,0,0.0,4015.0,4020.0,0,0,0
0.0027717643,0.02626232,1.2995631e-05,0.0884625,2612.829244140481,-0.0003815435338765,-0.0010565351694822,447.860730845975,0.012425,0.0031800175,0.029219374,-0.0008432159665971,1,189.72063853967344,0,0.0,4020.0,4025.0,0,0,0
0.0030943283,0.021426868,1.6005773e-05,0.0913125,2388.271679520338,0.0003225640393793,-0.0048354528844356,-224.5575646201437,0.00285,0.003006467,0.025002683,-5.897949449717999e-05,1,182.83861679041868,0,0.0,4025.0,4030.0,0,0,0
0.0027346849,0.021994911,1.2174482e-05,0.1061,2756.289302061762,-0.0003596434835344,0.0005680434405803,368.0176225414243,0.0147874999999999,0.0028669257,0.023228034,-3.707944415509701e-05,1,151.45364474098244,0,0.0,4030.0,4035.0,0,0,0
0.0025848034,0.022011213,1.1209333e-05,0.125575,2643.7235985460425,-0.0001498814672231,1.6301870346069336e-05,-112.56570351571963,0.0194749999999999,0.0028046053,0.021811,-0.0005095249507576,1,153.97102578910616,0,0.0,4035.0,4040.0,0,0,0
0.0026635982,0.030807931,1.2657574e-05,0.1075,2555.975147477553,7.879477925598621e-05,0.0087967179715633,-87.74845106848898,-0.0180749999999999,0.0026610289,0.024938017,-7.10866879671812e-05,1,81.9868477255103,0,0.0,4040.0,4045.0,0,0,0
0.0028847603,0.0220531,1.3527206e-05,0.1058625,2413.6506600802004,0.0002211621031165,-0.0087548308074474,-142.3244873973531,-0.0016375,0.002711054,0.024957413,0.0002999568823724,1,94.80366108269676,0,0.0,4045.0,4050.0,0,0,0
0.0038591053,0.026512656,2.4865492e-05,0.0766375,2142.9887987666907,0.0009743450209498,0.0044595561921596,-270.6618613135097,-0.029225,0.003135821,0.026457896,0.0011955071240663,1,171.29306501631228,0,0.0,4050.0,4055.0,0,0,0
0.0029755002,0.022483122,1.4319119e-05,0.0773125,2133.193399334207,-0.0008836050983518,-0.0040295347571372,-9.79539943248392,0.000675,0.0032397888,0.02368296,9.073992259800434e-05,1,129.9615618920891,0,0.0,4055.0,4060.0,0,0,0
0.0025473805,0.01693136,1.0811752e-05,0.096225,2356.268923650025,-0.0004281196743249,-0.0055517610162496,223.0755243158187,0.0189125,0.0031273288,0.021975713,-0.0013117247726768,1,102.92772602876371,0,0.0,4060.0,4065.0,0,0,0
0.0033672943,0.024977379,1.858453e-05,0.088275,2244.928309761535,0.000819913810119,0.0080460179597139,-111.34061388849068,-0.0079499999999999,0.0029633918,0.021463953,0.000391794135794,1,91.07024886686004,0,0.0,4065.0,4070.0,0,0,0
0.002399762,0.0232088,9.471586e-06,0.0795125,2371.9735194836867,-0.0009675323963165,-0.0017685778439044,127.04520972215188,-0.0087625,0.002771479,0.021705845,-0.0001476185861974,1,56.5526813832418,0,0.0,4070.0,4075.0,0,0,0
0.0026439962,0.018998243,1.144106e-05,0.087025,2439.213453560484,0.0002442342229187,-0.0042105577886104,67.23993407679745,0.0075125,0.0028036842,0.022394806,-0.0007232981733977,1,80.55944054545895,0,0.0,4075.0,4080.0,0,0,0
0.0026453459,0.030495096,1.1900446e-05,0.0990375,2432.222899252978,1.3497192412614822e-06,0.0114968530833721,-6.990554307506045,0.0120124999999999,0.0025630346,0.024234047,0.00024558394216,1,30.18473555874551,0,0.0,4080.0,4085.0,0,0,0
0.0033962494,0.051514927,2.232316e-05,0.106375,2528.884509777335,0.0007509035058319,0.0210198312997818,96.661610524357,0.0073374999999999,0.0028951971,0.033669423,0.0007522532250732,1,44.01165643798157,0,0.0,4085.0,4090.0,0,0,0
0.002536254,0.025072563,1.0938431e-05,0.1062625,2526.138715844278,-0.0008599953725934,-0.0264423638582229,-2.74579393305703,-0.0001125,0.0028592832,0.035694197,-0.0001090918667614,1,44.93351500890076,0,0.0,4090.0,4095.0,0,0,0
0.0028038665,0.034878667,1.4074033e-05,0.1070625,2705.3995516044515,0.0002676125150173,0.009806104004383,179.26083576017345,0.0008,0.0029121235,0.037155386,-0.000592382857576,1,83.864670493591,0,0.0,4095.0,4100.0,0,0,0
0.0024388416,0.018377658,9.7032425e-06,0.109975,2704.816235458184,-0.0003650248982012,-0.0165010094642639,-0.583316146267407,0.0029124999999999,0.0025929874,0.02610963,-9.741238318383694e-05,1,84.36721553261482,0,0.0,4100.0,4105.0,0,0,0
0.0031901929,0.030123282,1.8249206e-05,0.1248625,2693.5406995550497,0.0007513512391597,0.0117456242442131,-11.275535903134369,0.0148874999999999,0.002810967,0.027793204,0.0003863263409584,1,5.458025075865295,0,0.0,4105.0,4110.0,0,0,0
0.003336089,0.02706811,1.9118703e-05,0.1125125,2763.819108098073,0.0001458961050957,-0.0030551720410585,70.27840854302303,-0.01235,0.0029883746,0.025189683,0.0008972473442554,1,30.8176201348836,0,0.0,4110.0,4115.0,0,0,0
0.0034368972,0.04638979,1.9916994e-05,0.1180625,2710.9515407278905,0.0001008082181215,0.0193216782063245,-52.86756737018232,0.0055499999999999,0.0033210597,0.03452706,0.0002467043232172,1,29.88342494376496,0,0.0,4115.0,4120.0,0,0,0
0.003219564,0.03383059,1.906346e-05,0.0824875,2360.2450541423264,-0.0002173332031816,-0.0125591978430747,-350.7064865855641,-0.0355749999999999,0.00333085,0.035762828,-0.00011652498506,1,179.0909255220521,0,0.0,4120.0,4125.0,0,0,0
0.003982291,0.029750569,2.7261132e-05,0.0847625,2417.618180878349,0.0007627271115779,-0.0040800217539072,57.37312673602264,0.0022749999999999,0.003546251,0.036656983,0.0005453939083963,1,153.59802349903055,0,0.0,4125.0,4130.0,0,0,0
0.0032038514,0.023453379,1.6676171e-05,0.118875,2676.4264003854782,-0.0007784396875649,-0.0062971897423267,258.80821950712925,0.0341124999999999,0.0034685687,0.029011512,-1.5712575986981392e-05,1,137.53545557744172,1,0.6931471805599453,4130.0,4135.0,1,36,180
0.0031290557,0.02649457,1.7111182e-05,0.133,2656.281991232511,-7.479568012058735e-05,0.0030411910265684,-20.14440915296745,0.014125,0.0034383994,0.026566172,-0.0008532353676855,1,117.5433282181227,2,1.0986122886681096,4135.0,4140.0,1,35,175
0.0029880754,0.021048808,1.5657908e-05,0.10445,2442.311793195287,-0.0001409803517162,-0.0054457616060972,-213.97019803722375,-0.02855,0.0031069939,0.023665585,-0.0002157760318368,1,105.93430467775168,3,1.3862943611198906,4140.0,4145.0,1,34,170
0.0035300674,0.03726403,2.1507069e-05,0.104475,2416.498291092982,0.0005419920198619,0.0162152219563722,-25.813502102304938,2.4999999999997247e-05,0.0032157328,0.028269136,0.0004010116681456,1,107.4687579363716,4,1.6094379124341003,4145.0,4150.0,1,33,165
0.0039305887,0.029091224,2.5891739e-05,0.0884,2357.685727229556,0.0004005213268101,-0.0081728063523769,-58.81256386342602,-0.0160749999999999,0.0034829106,0.029134689,0.000942513346672,1,35.41315762979052,5,1.791759469228055,4150.0,4155.0,1,32,160
0.0042874743,0.046252035,3.4798413e-05,0.1067375,2487.977488209678,0.0003568856045603,0.0171608105301857,130.29176098012204,0.0183374999999999,0.0039160433,0.037535764,0.0007574069313704,1,53.2751101651067,6,1.9459101490553132,4155.0,4160.0,1,31,155
0.003906531,0.048196815,2.9585868e-05,0.1005,2541.9689491297427,-0.0003809435293078,0.0019447803497314,53.99146092006458,-0.0062374999999999,0.0040415316,0.041180026,-2.405792474746704e-05,1,77.35296209619436,7,2.0794415416798357,4160.0,4165.0,1,30,150
0.003037333,0.06203793,1.8861238e-05,0.1191,2625.4178984793143,-0.0008691977709531,0.0138411149382591,83.44894934957165,0.0185999999999999,0.0037437796,0.05216226,-0.001250141300261,1,56.537766507506745,8,2.1972245773362196,4165.0,4170.0,1,29,145
0.0030488102,0.09792225,1.8643788e-05,0.1359875,2856.135453096348,1.147715374827385e-05,0.0358843207359313,230.71755461703333,0.0168875,0.0033308913,0.06938567,-0.0008577206172049,1,132.8720810782603,9,2.302585092994046,4170.0,4175.0,1,28,140
0.002631054,0.074150585,1.3145527e-05,0.1375,2692.862898880276,-0.0004177561495453,-0.0237716659903526,-163.27255421607197,0.0015125,0.0029057323,0.07803693,-0.000406278995797,1,96.86034909875237,10,2.3978952727983707,4175.0,4180.0,1,27,135
0.0023754248,0.0465324,9.161171e-06,0.119725,2558.041987666886,-0.0002556291874498,-0.027618184685707,-134.82091121338954,-0.017775,0.0026850963,0.07286841,-0.0006733853369951,1,121.88077926691513,11,2.4849066497880004,4180.0,4185.0,1,26,130
0.0029071278,0.046237394,1.5791733e-05,0.1168375,2503.427597973856,0.0005317030008882,-0.0002950057387351,-54.61438969303026,-0.0028875,0.002637869,0.055640128,0.0002760738134384,1,79.61375013251072,12,2.5649493574615367,4185.0,4190.0,1,25,125
0.003628267,0.055841155,2.6682117e-05,0.117125,2588.5727163779416,0.0007211391348391,0.0096037611365318,85.14511840408568,0.0002875,0.0029702734,0.049536984,0.0012528421357274,1,35.22080847266918,13,2.639057329615259,4190.0,4195.0,1,24,120
0.004485448,0.04359506,3.9010127e-05,0.081275,2174.042628290508,0.0008571809157729,-0.0122460946440696,-414.5300880874338,-0.03585,0.0036736142,0.048557866,0.001578320050612,1,178.7547492364023,14,2.70805020110221,4195.0,4200.0,1,23,115
0.0029846977,0.024757976,1.5514732e-05,0.074125,2330.690952901884,-0.0015007501933723,-0.01883708499372,156.6483246113762,-0.00715,0.003699471,0.041398063,-0.0006435692775994,1,170.9050728935829,15,2.772588722239781,4200.0,4205.0,1,22,110
0.0041452446,0.03731308,2.9820781e-05,0.085275,2260.0149299846644,0.0011605469044297,0.0125551056116819,-70.6760229172196,0.01115,0.0038717967,0.03522204,-0.0003402032889425,1,64.05295940559874,16,2.833213344056216,4205.0,4210.0,1,21,105
0.0037756786,0.032038152,2.4518728e-05,0.0785375,2258.3104994333376,-0.000369566027075,-0.0052749291062355,-1.7044305513268228,-0.0067375,0.003635207,0.031369735,0.0007909808773547,1,33.72591378090289,17,2.8903717578961645,4210.0,4215.0,1,20,100
0.0037137256,0.030038077,2.3455923e-05,0.0858375,2356.330917322885,-6.195297464728355e-05,-0.0020000748336315,98.0204178895474,0.0073,0.003878216,0.03312977,-0.0004315190017223,1,45.81081486054244,18,2.9444389791664403,4215.0,4220.0,1,19,95
0.0035483085,0.040394507,2.1746659e-05,0.1162875,2426.608626958905,-0.0001654170919209,0.0103564299643039,70.27770963602006,0.03045,0.0036792376,0.034156915,-0.0002273700665682,1,69.01788699197913,19,2.995732273553991,4220.0,4225.0,1,18,90
0.005016381,0.10215203,5.513717e-05,0.0750375,2153.1133160032923,0.0014680724125355,0.0617575198411941,-273.4953109556127,-0.04125,0.004092805,0.05752821,0.0013026553206145,1,115.96744517918282,20,3.044522437723423,4225.0,4230.0,1,17,85
0.0052928315,0.113262236,5.8888854e-05,0.100875,2400.3898969968222,0.0002764505334198,0.011110208928585,247.27658099352996,0.0258375,0.0046191737,0.08526959,0.0017445229459553,1,123.2129206894317,21,3.091042453358316,4230.0,4235.0,1,16,80
0.004313231,0.039269526,3.6016176e-05,0.0863,2287.395327081449,-0.0009796004742383,-0.0739927142858505,-112.99456991537318,-0.014575,0.0048741475,0.0848946,-0.0007031499408185,1,101.07485610916964,22,3.1354942159291497,4235.0,4240.0,1,15,75
0.0036935506,0.04883364,2.7415424e-05,0.09565,2414.9675941795144,-0.0006196803878992,0.0095641128718853,127.57226709806535,0.0093499999999999,0.0044332044,0.0671218,-0.0015992808621376,1,57.013609893750186,23,3.1780538303479458,4240.0,4245.0,1,14,70
0.0054916535,0.06810186,5.590993e-05,0.0824875,2305.7647194193064,0.0017981028649955,0.0192682221531867,-109.20287476020803,-0.0131624999999999,0.0044994783,0.05206834,0.0011784224770963,1,56.31004031579285,24,3.2188758248682006,4245.0,4250.0,1,13,65
0.006124417,0.056328524,7.2422525e-05,0.082725,2277.0009136496537,0.0006327633745968,-0.0117733366787433,-28.763805769652663,0.0002375,0.0051032067,0.057754677,0.0024308662395924,1,59.43009835529153,25,3.258096538021482,4250.0,4255.0,1,12,60
0.004265662,0.03386811,3.319272e-05,0.0735875,2261.721711087038,-0.0018587550148367,-0.0224604122340679,-15.279202562615865,-0.0091375,0.005293911,0.052766163,-0.0012259916402399,1,18.259235520871883,26,3.295836866004329,4255.0,4260.0,1,11,55
0.0050505195,0.09608996,5.84783e-05,0.08995,2352.06609142106,0.0007848576642572,0.062221847474575,90.34438033402148,0.0163625,0.005146866,0.062095534,-0.0010738973505795,1,39.48324820975839,27,3.332204510175204,4260.0,4265.0,1,10,50
0.0062552984,0.08400002,7.2929324e-05,0.1057,2456.7654136751576,0.0012047789059579,-0.0120899379253387,104.6993222540982,0.01575,0.0051904935,0.071319364,0.0019896365702152,1,79.69811168660057,28,3.367295829986474,4265.0,4270.0,1,9,45
0.0052210633,0.049215533,4.924768e-05,0.102875,2537.201787880763,-0.0010342351160943,-0.0347844883799552,80.43637420560526,-0.002825,0.0055089607,0.07643517,0.0001705437898635,1,75.79737937380679,29,3.4011973816621555,4270.0,4275.0,1,8,40
0.0048299734,0.0422345,4.019559e-05,0.15425,2542.0981322522,-0.0003910898230969,-0.0069810338318347,4.896344371437408,0.051375,0.005435445,0.058483347,-0.0014253249391913,1,39.1232487620804,30,3.4339872044851463,4275.0,4280.0,1,7,35
0.004489338,0.038186148,3.4442062e-05,0.100725,2407.021970831063,-0.0003406354226171,-0.0040483511984348,-135.0761614211374,-0.053525,0.0048467913,0.04321206,-0.0007317252457141,1,62.55338017296039,31,3.4657359027997265,4280.0,4285.0,1,6,30
0.004006643,0.06493697,2.8661052e-05,0.1034,2371.50589970421,-0.0004826951771974,0.0267508253455162,-35.516071126852694,0.002675,0.0044419845,0.048452538,-0.0008233305998146,1,73.49124702096188,32,3.4965075614664802,4285.0,4290.0,1,5,25
0.004040564,0.051418178,3.2194857e-05,0.0887125,2289.7542177890696,3.3921096473932266e-05,-0.0135187953710556,-81.75168191514058,-0.0146875,0.004178848,0.051513765,-0.0004487740807235,1,49.09905487635277,33,3.5263605246161616,4290.0,4295.0,1,4,20
0.005200032,0.07149206,5.556044e-05,0.0790125,2135.1733363798958,0.0011594682000577,0.0200738832354545,-154.58088140917425,-0.0097,0.0044157463,0.06261574,0.0011933892965316,1,97.99754355233875,34,3.5553480614894135,4295.0,4300.0,1,3,15
0.003295571,0.025005963,1.780203e-05,0.1100125,2750.424392660331,-0.0019044610671699,-0.046486098319292,615.2510562804355,0.031,0.004178722,0.049305398,-0.0007449928671121,1,261.33123323291954,35,3.58351893845611,4300.0,4305.0,1,2,10
0.0037360669,0.06014998,2.796759e-05,0.07515,2299.7896795551987,0.0004404957871884,0.0351440161466598,-450.6347131051321,-0.0348625,0.004077223,0.052216005,-0.0014639652799814,1,260.0649592676469,36,3.6109179126442243,4305.0,4310.0,1,1,5
0.00554223,0.09009211,6.018552e-05,0.1164375,2457.6880241827425,0.0018061629962176,0.0299421288073062,157.8983446275438,0.0412875,0.004191289,0.05841602,0.002246658783406,1,186.6958647762331,0,0.0,4310.0,4315.0,0,0,0
0.0030146926,0.022969645,1.5265678e-05,0.0832125,2403.074487511402,-0.0025275372900068,-0.0671224594116211,-54.61353667134063,-0.033225,0.004097663,0.057737246,-0.0007213742937892,1,65.47457282404473,1,0.6931471805599453,4315.0,4320.0,1,4,20
0.0031003223,0.034042295,1.7021024e-05,0.106775,2464.766489086296,8.562975563108921e-05,0.0110726505517959,61.69200157489422,0.0235625,0.0038857486,0.049034685,-0.0024419075343757,1,27.56536899698496,2,1.0986122886681096,4320.0,4325.0,1,3,15
0.0034668725,0.028825311,2.0749321e-05,0.0805,2216.5653275102345,0.0003665501717478,-0.005216984078288,-248.2011615760616,-0.0262749999999999,0.0031939624,0.028612418,0.0004521799273788,1,105.51218277755842,3,1.3862943611198906,4325.0,4330.0,1,2,10
0.0044774874,0.04321416,3.689614e-05,0.0843375,2204.553086769754,0.0010106149129569,0.0143888499587774,-12.012240740480593,0.0038374999999999,0.003681561,0.03536059,0.0013771650847047,1,119.9347624893838,4,1.6094379124341003,4330.0,4335.0,1,1,5
0.004491421,0.0699274,4.1851188e-05,0.0774125,2176.540925379545,1.3933517038822174e-05,0.026713240891695,-28.012161390208803,-0.006925,0.0041452604,0.047322292,0.0010245484299957,1,16.769442710138318,0,0.0,4335.0,4340.0,0,0,0
0.0035836152,0.034245595,2.2749615e-05,0.09175,2248.3512282305373,-0.0009078057482838,-0.0356818065047264,71.81030285099223,0.0143375,0.004184175,0.049129054,-0.000893872231245,1,29.55160829750242,0,0.0,4340.0,4345.0,0,0,0
0.003487584,0.04229489,2.0125452e-05,0.08555,2603.978756524853,-9.603123180568218e-05,0.0080492943525314,355.62752829431565,-0.0061999999999999,0.0038542068,0.04882263,-0.0010038369800895,1,186.88402760668927,0,0.0,4345.0,4350.0,0,0,0
0.0031419017,0.032366738,1.741713e-05,0.104425,2430.828854932898,-0.000345682259649,-0.0099281519651412,-173.14990159195486,0.018875,0.0034043668,0.036302406,-0.0004417134914547,1,145.200976255118,0,0.0,4350.0,4355.0,0,0,0
0.003073696,0.05139823,1.8121344e-05,0.0942625,2595.0249443588978,-6.820564158260822e-05,0.0190314911305904,164.19608942599962,-0.0101625,0.003234394,0.042019952,-0.0004138879012316,1,79.59719073518286,0,0.0,4355.0,4360.0,0,0,0
0.0036478408,0.038352814,2.4097855e-05,0.0967875,2443.9971818257595,0.0005741447675973,-0.0130454152822494,-151.02776253313823,0.0025249999999999,0.0032878127,0.04070593,0.0005059391260147,1,74.49321048235359,1,0.6931471805599453,4360.0,4365.0,1,2,10
0.002603128,0.034313396,1.1762969e-05,0.1023875,2480.25991013471,-0.0010447127278894,-0.0040394179522991,36.2627283089505,0.0056,0.0031082213,0.041354813,-0.0004705679602921,1,64.37337579452974,2,1.0986122886681096,4365.0,4370.0,1,1,5
0.0022582202,0.02558478,8.603879e-06,0.1115,2723.330776936606,-0.0003449078649282,-0.0087286159396171,243.07086680189605,0.0091124999999999,0.0028363962,0.03275033,-0.0013896205928176,1,124.01867651006988,0,0.0,4370.0,4375.0,0,0,0
0.0026715463,0.028192893,1.21945095e-05,0.1210625,2783.5626415165007,0.0004133260808885,0.0026081129908561,60.23186457989459,0.0095625,0.0025109649,0.02936369,6.84182159602642e-05,1,131.10804308840963,0,0.0,4375.0,4380.0,0,0,0
0.0027114705,0.021983124,1.2125338e-05,0.1344875,2896.8574705858514,3.992416895925999e-05,-0.0062097683548927,113.29482906935073,0.013425,0.002547079,0.0252536,0.0004532502498477,1,71.937557192535,0,0.0,4380.0,4385.0,0,0,0
0.0035696106,0.026031084,2.1103975e-05,0.1092375,2683.4784441775846,0.0008581401780247,0.0040479600429534,-213.3790264082668,-0.02525,0.002984209,0.025402367,0.000898064346984,1,87.16725542297553,0,0.0,4385.0,4390.0,0,0,0
0.0039964663,0.038924873,2.8566012e-05,0.1230125,2780.726467180982,0.0004268556367605,0.0128937885165214,97.24802300339752,0.0137749999999999,0.003425849,0.028979694,0.0012849958147853,1,87.22524917376651,0,0.0,4390.0,4395.0,0,0,0
0.0047772625,0.058413688,4.2731015e-05,0.0789375,2160.586722810169,0.0007807961665093,0.0194888152182102,-620.1397443708133,-0.044075,0.0041144467,0.041123215,0.0012076518032699,1,272.3246087547698,0,0.0,4395.0,4400.0,0,0,0
0.005146076,0.08948442,5.2392417e-05,0.112625,2379.176377726175,0.0003688135184347,0.0310707353055477,218.5896549160061,0.0336875,0.004639935,0.062274326,0.0011496096849441,1,256.81753447530275,0,0.0,4400.0,4405.0,0,0,0
0.0036511654,0.056005683,2.4318584e-05,0.0923125,2376.4254231617438,-0.0014949105679988,-0.0334787406027317,-2.750954564431595,-0.0203124999999999,0.004524835,0.06796793,-0.0011260970495641,1,102.4019040387059,0,0.0,4405.0,4410.0,0,0,0
0.003428121,0.032077577,2.078705e-05,0.0870875,2315.1942366946905,-0.0002230443060398,-0.0239281058311462,-61.2311864670528,-0.005225,0.0040751207,0.05918923,-0.0017179548740386,1,29.534424957536725,0,0.0,4410.0,4415.0,0,0,0
0.0038401748,0.047758933,2.7300333e-05,0.0957875,2434.5564720210677,0.0004120536614209,0.0156813561916351,119.36223532637678,0.0087,0.0036398203,0.04528073,0.0001890093553811,1,48.73490679146776,0,0.0,4415.0,4420.0,0,0,0
0.0029788106,0.039275765,1.5618058e-05,0.1180625,2466.8744393296524,-0.0008613641839474,-0.0084831677377223,32.31796730858514,0.022275,0.003415702,0.03970409,-0.0004493105225265,1,65.23349353110225,1,0.6931471805599453,4420.0,4425.0,1,13,65
0.005019759,0.063153036,6.1404804e-05,0.070025,2233.902485179812,0.0020409482531249,0.0238772705197334,-232.97195414984023,-0.0480375,0.003946248,0.05006258,0.0011795840691775,1,103.054680667134,2,1.0986122886681096,4425.0,4430.0,1,12,60
0.005934109,0.050322823,6.0778963e-05,0.083575,2194.3333678451754,0.0009143501520156,-0.0128302127122879,-39.56911733463676,0.0135499999999999,0.004644226,0.05091721,0.0029552984051406,1,120.24063008675762,3,1.3862943611198906,4430.0,4435.0,1,11,55
0.0049586594,0.063158795,5.0169016e-05,0.0740875,2241.0410458922747,-0.0009754495695233,0.0128359720110893,46.70767804709931,-0.0094874999999999,0.005304176,0.058878217,-6.109941750764847e-05,1,20.543399275785905,4,1.6094379124341003,4435.0,4440.0,1,10,50
0.00483171,0.04805348,4.3023967e-05,0.088075,2458.1951745465662,-0.0001269495114684,-0.0151053145527839,217.15412865429155,0.0139875,0.0052414928,0.053845033,-0.0011023990809917,1,114.96887299317063,5,1.791759469228055,4440.0,4445.0,1,9,45
0.0040293657,0.044726714,2.9808878e-05,0.09425,2443.3390810901024,-0.0008023441769182,-0.003326766192913,-14.856093456463896,0.006175,0.0046065785,0.05197966,-0.0009292936883866,1,99.05167795386927,6,1.9459101490553132,4445.0,4450.0,1,8,40
0.0031645524,0.027657006,1.7588898e-05,0.093875,2547.117546982892,-0.0008648133371025,-0.0170697085559368,103.77846589278896,-0.000375,0.0040085427,0.040145736,-0.0016671575140208,1,45.823164709023246,7,2.0794415416798357,4450.0,4455.0,1,7,35
0.0034845795,0.10605934,2.7432225e-05,0.093725,2511.2938646277144,0.0003200271166861,0.0784023404121398,-35.82368235517697,-0.0001499999999999,0.0035594993,0.05948102,-0.0005447862204164,1,43.03894722766176,8,2.1972245773362196,4455.0,4460.0,1,6,30
0.0035903375,0.058393,2.3728813e-05,0.1191875,2522.327604884663,0.0001057579647749,-0.0476663410663604,11.033740256948477,0.0254625,0.0034131564,0.06403645,0.000425785081461,1,14.98006405110155,9,2.302585092994046,4460.0,4465.0,1,5,25
0.0028231216,0.018071998,1.3001254e-05,0.09665,2539.855175921515,-0.0007672158535569,-0.0403210036456584,17.52757103685235,-0.0225375,0.0032993462,0.060841445,-0.000661457888782,1,11.760138289677766,10,2.3978952727983707,4465.0,4470.0,1,4,20
0.0031600902,0.023562875,1.635065e-05,0.0978375,2459.021676884702,0.0003369685728102,0.0054908767342567,-80.83349903681301,0.0011874999999999,0.003191183,0.033342626,-0.0004302472807466,1,34.71936832650322,11,2.4849066497880004,4470.0,4475.0,1,3,15
0.003912598,0.059584513,2.908498e-05,0.1063125,2573.1033204817086,0.0007525077089667,0.036021638661623,114.0816435970064,0.008475,0.0032986032,0.033739794,0.001089476281777,1,47.905132048229056,12,2.5649493574615367,4475.0,4480.0,1,2,10
0.0035752372,0.028461654,2.1074406e-05,0.0897125,2543.5644785061377,-0.0003373606596142,-0.0311228595674037,-29.538841975570904,-0.0166,0.0035493085,0.037203014,0.0004151470493525,1,48.344423896607125,13,2.639057329615259,4480.0,4485.0,1,1,5
0.0027346138,0.025645068,1.2822106e-05,0.111525,2862.901850476571,-0.0008406233973801,-0.0028165858238935,319.3373719704332,0.0218125,0.003407483,0.037897076,-0.0011779840569943,1,144.08025861744312,0,0.0,4485.0,4490.0,0,0,0
0.0029681074,0.024669353,1.4392031e-05,0.1144625,2843.584146639827,0.0002334935124963,-0.000975714996457,-19.31770383674393,0.0029374999999999,0.003092653,0.026258692,-0.0006071298848837,1,146.1967213819775,1,0.6931471805599453,4490.0,4495.0,1,37,185
0.006971357,0.106240034,0.00010866089,0.0847,2332.827903556401,0.0040032495744526,0.0815706849098205,-510.7562430834255,-0.0297624999999999,0.004224693,0.05218482,0.0042367428541183,1,245.4527568786,2,1.0986122886681096,4495.0,4500.0,1,36,180
0.004909291,0.038785536,4.3058033e-05,0.0888,2519.387082590809,-0.0020620659925043,-0.0674545019865036,186.5591790344074,0.0041,0.004949585,0.05656497,0.0019411835819482,1,211.0239595319005,3,1.3862943611198906,4500.0,4505.0,1,35,175
0.0043767816,0.031686477,3.2877066e-05,0.096625,2475.9419411094696,-0.0005325092934072,-0.0070990584790706,-43.445141481339306,0.0078249999999999,0.005419143,0.05890401,-0.0025945752859115,1,79.70322407048305,4,1.6094379124341003,4505.0,4510.0,1,34,170
0.003451587,0.021482617,1.934658e-05,0.1172875,2707.013265834825,-0.0009251947049051,-0.0102038607001304,231.07132472535568,0.0206625,0.004245886,0.030651545,-0.0014577039983123,1,100.26909464446248,5,1.791759469228055,4510.0,4515.0,1,33,165
0.0030103612,0.022828776,1.4701655e-05,0.1059,2619.7114630409897,-0.0004412257112562,0.0013461597263813,-87.30180279383558,-0.0113875,0.0036129102,0.025332624,-0.0013664204161614,1,95.26876444961286,6,1.9459101490553132,4515.0,4520.0,1,32,160
0.005129311,0.07034408,4.5943398e-05,0.0866625,2379.1491976082816,0.0021189495455473,0.0475153066217899,-240.56226543270805,-0.0192374999999999,0.003863753,0.038218495,0.0016777238342911,1,138.6388816535126,7,2.0794415416798357,4520.0,4525.0,1,31,155
0.0042156875,0.0408269,3.072495e-05,0.10945,2616.164657491501,-0.0009136232547461,-0.0295171812176704,237.0154598832196,0.0227875,0.0041184532,0.04466659,0.0012053262908011,1,112.57546190266066,8,2.1972245773362196,4525.0,4530.0,1,30,150
0.003573095,0.033380054,2.1333335e-05,0.1207,2713.035250460142,-0.0006425925530493,-0.0074468478560447,96.87059296864072,0.0112499999999999,0.0043060314,0.04818368,-0.0015562158077955,1,140.2537923015692,9,2.302585092994046,4530.0,4535.0,1,29,145
0.0029901036,0.021254187,1.4554754e-05,0.12025,2863.625385072468,-0.0005829914007335,-0.0121258664876222,150.59013461232598,-0.00045,0.0035929622,0.031820383,-0.0012255839537829,1,101.81579888294785,10,2.3978952727983707,4535.0,4540.0,1,28,140
0.003577665,0.030799609,2.1491012e-05,0.1171625,2672.3387589825543,0.0005875614006072,0.0095454212278127,-191.28662608991365,-0.0030874999999999,0.0033802881,0.028477952,4.569999873638153e-06,1,82.27607076315032,11,2.4849066497880004,4540.0,4545.0,1,27,135
0.0038834373,0.030733787,2.6185295e-05,0.13125,2711.708834336083,0.000305772293359,-6.582215428352356e-05,39.37007535352859,0.0140875,0.0034837353,0.02759586,0.0008933336939662,1,82.47505652677029,12,2.5649493574615367,4545.0,4550.0,1,26,130
0.004388568,0.038503587,3.272567e-05,0.101325,2609.2530706331368,0.0005051307380199,0.007769800722599,-102.45576370294611,-0.029925,0.00394989,0.03334566,0.0008109030313789,1,42.19925015634004,13,2.639057329615259,4550.0,4555.0,1,25,125
0.0041513513,0.032654878,2.9904384e-05,0.1210375,2701.317461603161,-0.000237216707319,-0.0058487094938755,92.06439097002476,0.0197125,0.004141119,0.033964083,0.0002679140307009,1,46.04468388654898,14,2.70805020110221,4555.0,4560.0,1,24,120
0.004259922,0.040559426,3.270397e-05,0.1053625,2659.582959858086,0.0001085707917809,0.0079045481979846,-41.7345017450757,-0.015675,0.0042666136,0.0372393,-0.000128645915538,1,37.63969310004023,15,2.772588722239781,4560.0,4565.0,1,23,115
0.0034052387,0.032241393,2.0640793e-05,0.1336125,2824.830414791349,-0.0008546833414584,-0.0083180330693721,165.24745493326373,0.0282499999999999,0.0039388374,0.0351519,-0.0007461125496774,1,70.16167013334139,16,2.833213344056216,4565.0,4570.0,1,22,110
0.0035628453,0.03209071,2.1553318e-05,0.131825,2765.417399668011,0.0001576065551489,-0.0001506842672824,-59.41301512333848,-0.0017874999999999,0.0037426688,0.034963842,-0.0006970767863094,1,68.3435410081936,17,2.8903717578961645,4570.0,4575.0,1,21,105
0.0033957171,0.03637679,1.9946214e-05,0.113525,2730.738010866229,-0.0001671281643211,0.0042860805988311,-34.6793888017819,-0.0182999999999999,0.0034546002,0.03356963,-9.521609172224998e-06,1,38.85292331360982,18,2.9444389791664403,4575.0,4580.0,1,20,100
0.0032706307,0.024339275,1.9145715e-05,0.1163375,2702.3597896273977,-0.0001250864006578,-0.0120375137776136,-28.37822123883143,0.0028124999999999,0.003409731,0.030935591,-0.000292214564979,1,25.785968691819107,19,2.995732273553991,4580.0,4585.0,1,19,95
0.0048082154,0.032054804,3.7977887e-05,0.097975,2319.718101439877,0.0015375846996903,0.0077155288308858,-382.6416881875202,-0.0183624999999999,0.0038248543,0.030923622,0.0014124982990324,1,187.4262376167464,20,3.044522437723423,4585.0,4590.0,1,18,90
0.0038711235,0.027845077,2.5183097e-05,0.0836625,2382.195906119186,-0.0009370918851345,-0.0042097270488739,62.47780467930852,-0.0143125,0.003983323,0.028079718,0.0006004928145557,1,167.6050416636289,21,3.091042453358316,4590.0,4595.0,1,17,85
0.0037856007,0.038586095,2.8249062e-05,0.1236625,2754.270392491736,-8.552288636565208e-05,0.0107410177588462,372.0744863725499,0.0399999999999999,0.0041549797,0.03282866,-0.0010226147715002,1,191.8270613354533,22,3.1354942159291497,4595.0,4600.0,1,16,80
0.0067518926,0.08796045,9.4625604e-05,0.0891375,2237.3562315443323,0.002966291969642,0.0493743568658828,-516.9141609474036,-0.034525,0.004802872,0.051463872,0.0028807690832763,1,217.7200558638712,23,3.1780538303479458,4600.0,4605.0,1,15,75
0.0062111304,0.079861894,7.8700185e-05,0.120525,2628.019573302369,-0.0005407622084021,-0.0080985575914382,390.6633417580365,0.0313875,0.0055828746,0.06880281,0.0024255297612398,1,220.03973523169276,24,3.2188758248682006,4605.0,4610.0,1,14,70
0.007343112,0.16471866,0.00013096297,0.1166875,2477.9642070761874,0.0011319816112518,0.0848567634820938,-150.05536622618138,-0.0038374999999999,0.0067687114,0.110847,0.0005912194028496,1,160.9094491446691,25,3.258096538021482,4610.0,4615.0,1,13,65
0.004564217,0.04146726,3.7570568e-05,0.12475,2592.022878034535,-0.0027788951992988,-0.1232513934373855,114.05867095834763,0.0080625,0.0060394867,0.095349275,-0.001646913588047,1,63.96331884956784,26,3.295836866004329,4615.0,4620.0,1,12,60
0.005189578,0.05998195,5.379619e-05,0.0881375,2509.9357802682757,0.0006253612227737,0.0185146890580654,-82.08709776625983,-0.0366125,0.005698969,0.088722624,-0.002153533976525,1,48.039166350488486,27,3.332204510175204,4620.0,4625.0,1,11,55
0.00435127,0.03684213,3.2676184e-05,0.095925,2537.3624343683086,-0.0008383081294596,-0.0231398195028305,27.42665410003337,0.0077875,0.0047016884,0.04609711,-0.0002129469066858,1,34.121151922392805,28,3.367295829986474,4625.0,4630.0,1,10,50
0.0040389737,0.046388615,3.1124633e-05,0.1113875,2736.810760348512,-0.0003122962079942,0.0095464847981929,199.4483259802032,0.0154625,0.004526607,0.047737565,-0.0011506043374538,1,101.10726574498108,29,3.4011973816621555,4630.0,4635.0,1,9,45
0.0031674064,0.028503867,1.6650056e-05,0.1112625,2676.162022468241,-0.0008715672884136,-0.0178847480565309,-60.648737880270346,-0.000125,0.0038525502,0.03724487,-0.0011838634964078,1,83.4820205523229,30,3.4339872044851463,4635.0,4640.0,1,8,40
0.0028375129,0.021090843,1.3299693e-05,0.1331875,2771.415170529397,-0.0003298935480415,-0.0074130240827798,95.25314806115604,0.0219249999999999,0.0033479643,0.031994443,-0.0012014608364552,1,39.36848263663211,31,3.4657359027997265,4640.0,4645.0,1,7,35
0.0035954453,0.034651242,2.2516218e-05,0.118025,2715.7712050748078,0.0007579324301332,0.0135603994131088,-55.643965454590216,-0.0151624999999999,0.0032001215,0.028081983,0.0004280388820916,1,39.07016544888954,32,3.4965075614664802,4645.0,4650.0,1,6,30
0.0030932755,0.025349595,1.6229924e-05,0.1290875,2772.0771517529934,-0.0005021698307245,-0.0093016475439071,56.30594667818605,0.0110624999999999,0.0031754111,0.02703056,0.0002557625994086,1,26.388231261468636,33,3.5263605246161616,4650.0,4655.0,1,5,25
0.0032258057,0.035979033,1.8018925e-05,0.1138,2644.4990851948924,0.0001325302291661,0.0106294378638267,-127.578066558101,-0.0152874999999999,0.0033048422,0.03199329,-0.0003696396015584,1,52.20284982664255,34,3.5553480614894135,4655.0,4660.0,1,4,20
0.003750084,0.042116925,2.5189824e-05,0.1191,2789.069953381309,0.0005242782644927,0.0061378926038742,144.5708681864162,0.0052999999999999,0.0033563885,0.03448185,0.0006568084936589,1,64.52015559502546,35,3.58351893845611,4660.0,4665.0,1,3,15
0.004171998,0.039549306,3.4552722e-05,0.1207,2711.675517782825,0.000421913806349,-0.0025676190853118,-77.3944355984836,0.0016,0.0037159624,0.039215088,0.0009461920708417,1,59.06992813138509,36,3.6109179126442243,4665.0,4670.0,1,2,10
0.0034851485,0.02793462,2.1026226e-05,0.0992625,2690.0102838835514,-0.0006868492346256,-0.0116146858781576,-21.66523389927352,-0.0214374999999999,0.00380241,0.036533616,-0.0002649354282766,1,42.52071278607499,37,3.6375861597263857,4670.0,4675.0,1,1,5
0.0023332639,0.01746446,8.702497e-06,0.137975,3083.4247558423745,-0.0011518846731632,-0.0104701593518257,393.414471958823,0.0387124999999999,0.0033301366,0.028316127,-0.0018387339077889,1,180.56756971788377,0,0.0,4675.0,4680.0,0,0,0
0.0030254172,0.020503469,1.5037895e-05,0.161925,3096.1640553833054,0.0006921533495187,0.0030390080064535,12.739299540930917,0.02395,0.0029479433,0.021967515,-0.0004597313236445,1,188.5317900110416,0,0.0,4680.0,4685.0,0,0,0
0.0027455417,0.016132813,1.2000584e-05,0.135275,2979.9192162791546,-0.0002798754721879,-0.0043706558644771,-116.24483910415074,-0.02665,0.0027014075,0.01803358,0.0004122778773307,1,52.056111917191735,0,0.0,4685.0,4690.0,0,0,0
0.006161178,0.14574277,0.00012211406,0.1027,2697.8620985065163,0.0034156362526118,0.1296099573373794,-282.0571177726383,-0.032575,0.003977379,0.060793016,0.0031357607804238,1,167.23686766461162,1,0.6931471805599453,4690.0,4695.0,1,41,205
0.004223078,0.053733513,3.8982736e-05,0.114975,2630.164850376805,-0.0019380999729037,-0.0920092612504959,-67.69724812971117,0.0122749999999999,0.0043765996,0.0718697,0.0014775362797081,1,151.46222541841846,2,1.0986122886681096,4695.0,4700.0,1,40,200
0.0037836365,0.025782064,2.379086e-05,0.0936375,2591.107533258961,-0.0004394415300339,-0.0279514491558074,-39.05731711784392,-0.0213374999999999,0.004722631,0.07508612,-0.0023775415029376,1,44.1020642323312,3,1.3862943611198906,4700.0,4705.0,1,39,195
0.003802649,0.028043024,2.3663923e-05,0.0858875,2395.6078567562186,1.901248469948769e-05,0.0022609606385231,-195.49967650274263,-0.0077499999999999,0.003936454,0.035852868,-0.0004204290453344,1,102.61177146542244,4,1.6094379124341003,4705.0,4710.0,1,38,190
0.0052918764,0.055677835,5.443113e-05,0.0870375,2415.556674878654,0.0014892274048179,0.0276348106563091,19.94881812243557,0.0011499999999999,0.0042927205,0.036500975,0.0015082398895174,1,87.83582079666945,5,1.791759469228055,4710.0,4715.0,1,37,185
0.0043929834,0.04974413,3.4346736e-05,0.0998375,2553.007647074405,-0.0008988929912447,-0.0059337057173252,137.4509721957511,0.0127999999999999,0.0044958363,0.04448833,0.0005903344135731,1,69.97254945433029,6,1.9459101490553132,4715.0,4720.0,1,36,180
0.003747796,0.06274457,2.8672295e-05,0.115725,2714.8988709877767,-0.0006451874505728,0.0130004435777664,161.8912239133715,0.0158875,0.0044775517,0.056055512,-0.0015440804418176,1,122.34163845975606,7,2.0794415416798357,4720.0,4725.0,1,35,175
0.003738733,0.029774915,2.3528844e-05,0.107775,2628.931918590489,-9.062932804226875e-06,-0.032969657331705,-85.96695239728751,-0.0079499999999999,0.0039598374,0.047421206,-0.000654250383377,1,66.13419042614538,8,2.1972245773362196,4725.0,4730.0,1,34,170
0.003404967,0.051027432,2.44091e-05,0.127575,2690.517753549512,-0.0003337659873068,0.021252516657114,61.58583495902258,0.0197999999999999,0.0036304984,0.047848973,-0.000342828920111,1,36.174839106784844,9,2.302585092994046,4730.0,4735.0,1,33,165
0.0054885764,0.07370181,5.6558452e-05,0.08295,2339.518202438424,0.0020836093463003,0.02267437428236,-350.99955111108784,-0.044625,0.004210759,0.051501382,0.0017498433589935,1,153.02643164743844,10,2.3978952727983707,4735.0,4740.0,1,32,160
0.003082444,0.023798097,1.565294e-05,0.1069625,2645.379996830832,-0.0024061324074864,-0.0499037094414234,305.8617943924078,0.0240125,0.003991996,0.04950911,-0.000322523061186,1,155.91648021749887,11,2.4849066497880004,4740.0,4745.0,1,31,155
0.00639532,0.12071202,0.00010019847,0.1057125,2362.618795847441,0.0033128759823739,0.096913918852806,-282.7612009833906,-0.00125,0.0049887802,0.07273731,0.0009067435748875,1,139.05992771558024,12,2.5649493574615367,4745.0,4750.0,1,30,150
0.0050391983,0.051807057,4.6798574e-05,0.113575,2603.931451981593,-0.0013561216183006,-0.0689049661159515,241.3126561341519,0.0078624999999999,0.0048389877,0.06543906,0.0019567543640732,1,124.67899968506154,13,2.639057329615259,4750.0,4755.0,1,29,145
0.0064934096,0.054132342,7.623762e-05,0.0897875,2249.0014945586045,0.0014542113058269,0.0023252852261066,-354.92995742298854,-0.0237874999999999,0.005975976,0.075550474,9.808968752622604e-05,1,147.99247872741603,14,2.70805020110221,4755.0,4760.0,1,28,140
0.006745862,0.07653573,9.027022e-05,0.09995,2402.8880421542517,0.0002524522133171,0.0224033892154693,153.8865475956468,0.0101624999999999,0.0060928236,0.060825046,0.001706663519144,1,145.3252279246626,15,2.772588722239781,4760.0,4765.0,1,27,135
0.0058512175,0.21137947,9.20758e-05,0.09295,2381.9397134797323,-0.0008946442976593,0.1348437368869781,-20.94832867451896,-0.0069999999999999,0.006363496,0.11401585,-0.0006421920843422,1,68.14402399418834,16,2.833213344056216,4765.0,4770.0,1,26,130
0.003632608,0.02642851,2.2851878e-05,0.1315875,2657.0407236050737,-0.0022186094429343,-0.1849509626626968,275.1010101253414,0.0386374999999999,0.005409896,0.10478124,-0.0031132537405937,1,125.03909776762808,17,2.8903717578961645,4770.0,4775.0,1,25,125
0.0033311893,0.025322175,1.8750627e-05,0.09345,2462.7791250185155,-0.000301418825984,-0.001106334850192,-194.2615985865582,-0.0381374999999999,0.0042716716,0.08771005,-0.0025200282689183,1,115.447508473825,18,2.9444389791664403,4775.0,4780.0,1,24,120
0.0032324486,0.024850037,1.7597336e-05,0.103125,2515.0974434579384,-9.874068200588226e-05,-0.0004721377044916,52.31831843942291,0.0096749999999999,0.0033987488,0.025533572,-0.0004001595079898,1,82.07223776694262,19,2.995732273553991,4780.0,4785.0,1,23,115
0.0036425064,0.054938063,2.558285e-05,0.091675,2520.2650591631823,0.0004100578371435,0.0300880260765552,5.167615705243861,-0.0114499999999999,0.003402048,0.035036758,0.0003113171551376,1,25.96695190449008,20,3.044522437723423,4785.0,4790.0,1,22,110
0.0033908782,0.08100349,2.0875064e-05,0.1229375,2701.274544006223,-0.0002516282256692,0.0260654240846633,181.0094848430408,0.0312625,0.0034219446,0.053597197,0.0001584296114742,1,86.57241710061533,21,3.091042453358316,4790.0,4795.0,1,21,105
0.0036778434,0.04742156,2.290464e-05,0.12875,2872.705441809328,0.0002869651652872,-0.0335819274187088,171.43089780310447,0.0058124999999999,0.0035704093,0.061121035,3.533693961799145e-05,1,143.9008955436896,22,3.1354942159291497,4795.0,4800.0,1,20,100
0.0035616227,0.030009199,2.2721624e-05,0.124725,2800.944435647577,-0.0001162206754088,-0.0174123607575893,-71.76100616175063,-0.004025,0.003543448,0.052811414,0.0001707444898784,1,70.2948409887671,23,3.1780538303479458,4800.0,4805.0,1,19,95
0.0044377297,0.08071591,4.0879775e-05,0.104425,2589.4353624465,0.0008761070203036,0.050706710666418,-211.50907320107672,-0.0203,0.0038923987,0.052715555,0.0007598863448947,1,120.24404254771385,24,3.2188758248682006,4805.0,4810.0,1,18,90
0.0030967912,0.02930608,1.650707e-05,0.1237625,2749.700205098929,-0.0013409384991973,-0.0514098294079303,160.26484265242834,0.0193374999999999,0.0036987143,0.046677064,-0.0004648314788937,1,90.09062042762466,25,3.258096538021482,4810.0,4815.0,1,17,85
0.002865768,0.023116056,1.3919088e-05,0.119125,2812.119457204291,-0.0002310231793671,-0.0061900243163108,62.419252105362375,-0.0046375,0.0034667628,0.04437935,-0.0015719616785645,1,93.79006633131792,26,3.295836866004329,4815.0,4820.0,1,16,80
0.0039633675,0.031482328,2.7763266e-05,0.0946875,2392.2120344793625,0.0010975995101034,0.0083662718534469,-419.9074227249285,-0.0244375,0.003308642,0.027968153,0.0008665763307362,1,184.9973569858675,27,3.332204510175204,4820.0,4825.0,1,15,75
0.0036140655,0.029488295,2.2164211e-05,0.098175,2502.803006195214,-0.0003493020776659,-0.0019940324127674,110.59097171585154,0.0034875,0.003481067,0.028028892,0.0007482974324375,1,177.71052415199736,28,3.367295829986474,4825.0,4830.0,1,14,70
0.0031641175,0.029180786,1.6423917e-05,0.1035125,2530.0902859271578,-0.0004499480128288,-0.0003075096756219,27.287279731943727,0.0053374999999999,0.003580517,0.03005047,-0.0007992500904947,1,59.61484796641324,29,3.4011973816621555,4830.0,4835.0,1,13,65
0.0063165342,0.16584945,0.00015153966,0.09085,2293.130417265633,0.0031524167861789,0.1366686671972274,-236.95986866152495,-0.0126624999999999,0.004364906,0.07483951,0.0027024687733501,1,105.86005937593568,30,3.4339872044851463,4835.0,4840.0,1,12,60
0.0039484636,0.039681435,2.9358882e-05,0.08435,2436.905059997553,-0.0023680706508457,-0.1261680126190185,143.77464273192027,-0.0065,0.0044763717,0.07823722,0.0007843461353331,1,97.47057309791845,31,3.4657359027997265,4840.0,4845.0,1,11,55
0.0075369608,0.1580834,0.00023731256,0.0891125,2353.9330766751536,0.0035884971730411,0.1184019595384597,-82.97198332239941,0.0047625,0.0059339865,0.121204756,0.0012204265221953,1,58.92788558947287,32,3.4965075614664802,4845.0,4850.0,1,10,50
0.0034034203,0.047578234,2.190443e-05,0.093675,2586.522731284038,-0.0041335402056574,-0.1105051636695861,232.5896546088843,0.0045624999999999,0.004962948,0.08178102,-0.000545043265447,1,96.24491040437948,33,3.5263605246161616,4850.0,4855.0,1,9,45
0.0033063912,0.032803927,1.908145e-05,0.12085,2797.6606064094326,-9.702914394438268e-05,-0.0147743076086044,211.13787512539463,0.027175,0.004748924,0.079488516,-0.0042305695824325,1,181.22155574128723,34,3.5553480614894135,4855.0,4860.0,1,8,40
0.0034915206,0.027214926,2.1115697e-05,0.0927375,2436.5326361043512,0.0001851294655352,-0.0055890008807182,-361.12797030508136,-0.0281125,0.003400444,0.035865694,8.810032159090042e-05,1,148.1326889804265,35,3.58351893845611,4860.0,4865.0,1,7,35
0.0042616026,0.059701726,3.4437715e-05,0.084125,2323.002660460538,0.0007700819987803,0.0324868001043796,-113.52997564381305,-0.0086124999999999,0.0036865047,0.03990686,0.0009552114643156,1,202.3755123413393,36,3.6109179126442243,4865.0,4870.0,1,6,30
0.004200599,0.07026083,3.6691155e-05,0.1061125,2750.7367768316903,-6.1003491282463074e-05,0.0105591043829917,427.73411637115214,0.0219874999999999,0.003984574,0.052392494,0.0007090785074979,1,180.9142742748929,37,3.6375861597263857,4870.0,4875.0,1,5,25
0.0036279003,0.031280093,2.3297738e-05,0.134775,2839.377062725373,-0.0005726988893002,-0.0389807373285293,88.64028589368263,0.0286625,0.004030034,0.053747553,-0.0006337023805826,1,225.451669594244,38,3.6635616461296463,4875.0,4880.0,1,4,20
0.0031941438,0.028771307,1.7923974e-05,0.1420875,2926.3031472875305,-0.0004337565042078,-0.0025087855756282,86.92608456215748,0.0073124999999999,0.0036742145,0.04343741,-0.001006455393508,1,71.67580941344966,39,3.6888794541139363,4880.0,4885.0,1,3,15
0.005072837,0.27676713,0.0001434727,0.13375,2859.2903168647267,0.001878693467006,0.2479958236217498,-67.01283042280375,-0.0083374999999999,0.0039649606,0.11227285,0.0014449369627982,1,37.183331553864136,40,3.713572066704308,4885.0,4890.0,1,2,10
0.0037005844,0.061951354,3.2715852e-05,0.0964875,2531.960905213649,-0.0013722528237849,-0.2148157805204391,-327.32941165107786,-0.0372625,0.0039891885,0.122496605,0.0005064406432211,1,172.28563719622136,41,3.7376696182833684,4890.0,4895.0,1,1,5
0.0022612985,0.02298791,8.3590985e-06,0.1156875,2881.8801724959844,-0.0014392859302461,-0.0389634445309639,349.9192672823356,0.0191999999999999,0.00367824,0.12056879,-0.002811538754031,1,159.89522226365352,0,0.0,4895.0,4900.0,0,0,0
0.003487616,0.033025905,2.0432157e-05,0.10315,2561.7052706903687,0.001226317603141,0.0100379958748817,-320.1749018056157,-0.0125374999999999,0.0031498328,0.039321724,-0.000212968327105,1,158.40882012454531,0,0.0,4900.0,4905.0,0,0,0
0.0028022458,0.02332904,1.2663478e-05,0.119225,2622.1200880235683,-0.0006853702943772,-0.0096968654543161,60.41481733319961,0.0160749999999999,0.0028503865,0.026447618,0.0005409473087638,1,138.8993318057507,0,0.0,4905.0,4910.0,0,0,0
0.0028335017,0.018705877,1.2912242e-05,0.1071375,2648.398268871642,3.125588409602642e-05,-0.0046231634914875,26.27818084807359,-0.0120875,0.0030411212,0.025020273,-0.0006541144102811,1,36.295345394487306,0,0.0,4910.0,4915.0,0,0,0
0.0045348974,0.036279447,3.6308913e-05,0.0907,2578.5701761439905,0.0017013957258313,0.0175735708326101,-69.82809272765144,-0.0164374999999999,0.003390215,0.026104787,0.0017326516099274,1,28.79641209785333,0,0.0,4915.0,4920.0,0,0,0
0.005159149,0.08846092,7.102821e-05,0.0981625,2393.5061731851515,0.0006242515519261,0.0521814748644828,-185.06400295883896,0.0074624999999999,0.0041758493,0.047815412,0.0023256472777575,1,107.54566377362254,0,0.0,4920.0,4925.0,0,0,0
0.004133409,0.034397293,2.9440274e-05,0.0809125,2239.6382903929166,-0.0010257400572299,-0.0540636293590068,-153.86788279223492,-0.01725,0.0046091517,0.053045888,-0.0004014885053038,1,138.56359700107748,1,0.6931471805599453,4925.0,4930.0,1,456,2280
0.0034095082,0.037884973,2.01416e-05,0.0944875,2471.730990413521,-0.0007239007391035,0.0034876801073551,232.0927000206043,0.013575,0.004234022,0.05358106,-0.0017496407963335,1,96.41430782953266,2,1.0986122886681096,4930.0,4935.0,1,455,2275
0.003338271,0.024742886,1.8374134e-05,0.0861125,2433.603670197097,-7.12370965629816e-05,-0.0131420865654945,-38.12732021642432,-0.008375,0.0036270628,0.03234172,-0.0007951378356665,1,101.62200249088654,3,1.3862943611198906,4935.0,4940.0,1,454,2270
0.0046382057,0.05696696,3.999826e-05,0.0990125,2421.4271211314604,0.0012999346945434,0.0322240740060806,-12.176549065636207,0.0129,0.0037953283,0.03986494,0.0012286975979804,1,21.428019452162363,4,1.6094379124341003,4940.0,4945.0,1,453,2265
0.0045371377,0.09749853,5.6270088e-05,0.0922125,2490.7751756644466,-0.0001010680571198,0.0405315682291984,69.34805453298623,-0.0068,0.004171205,0.05973612,0.0011988666374236,1,30.23243668655886,5,1.791759469228055,4945.0,4950.0,1,452,2260
0.003117835,0.058733348,2.1343643e-05,0.1097625,2690.6622897846614,-0.0014193027745932,-0.0387651808559894,199.88711412021485,0.0175499999999999,0.004097726,0.07106628,-0.001520370831713,1,114.14006361510184,6,1.9459101490553132,4950.0,4955.0,1,451,2255
0.0032852525,0.0412028,1.925363e-05,0.122075,2600.9415770830688,0.0001674175728112,-0.0175305493175983,-89.72071270159267,0.0123125,0.0036467416,0.06581156,-0.0012518852017819,1,81.74574449033929,7,2.0794415416798357,4955.0,4960.0,1,450,2250
0.0048017236,0.08690831,5.1694526e-05,0.0889625,2425.10216212726,0.0015164711512625,0.0457055121660232,-175.83941495580893,-0.0331125,0.003734937,0.062281486,0.0016838887240737,1,110.29832654170151,8,2.1972245773362196,4960.0,4965.0,1,449,2245
0.0068960586,0.1308062,0.00013813857,0.0648125,2230.7647635204157,0.0020943349227309,0.0438978821039199,-194.33739860684452,-0.02415,0.0049943444,0.08630577,0.0036108060739934,1,151.18693272776815,9,2.302585092994046,4965.0,4970.0,1,448,2240
0.0033251862,0.04174245,1.919947e-05,0.0948,2524.269905902986,-0.0035708723589777,-0.0890637412667274,293.50514238257074,0.0299875,0.0050076563,0.086485654,-0.0014765374362468,1,121.90457766806188,10,2.3978952727983707,4970.0,4975.0,1,447,2235
0.002802485,0.032458123,1.3341831e-05,0.1188,2733.8982336108297,-0.0005227013025432,-0.0092843286693096,209.6283277078437,0.024,0.0043412433,0.06833559,-0.0040935734286904,1,206.3526089832704,11,2.4849066497880004,4975.0,4980.0,1,446,2230
0.0034022399,0.062278014,2.0275686e-05,0.1174,2481.851325346177,0.000599754974246,0.0298198908567428,-252.0469082646528,-0.0013999999999999,0.003176637,0.04549286,7.705367170274258e-05,1,110.18722234845558,12,2.5649493574615367,4980.0,4985.0,1,445,2225
0.0031817746,0.04314673,1.7941407e-05,0.1098125,2493.0527684682656,-0.000220465241,-0.0191312842071056,11.201443122088676,-0.0075875,0.0031288331,0.04596095,0.0003792897332459,1,116.2658134398766,13,2.639057329615259,4985.0,4990.0,1,444,2220
0.0031967557,0.03138567,1.778018e-05,0.0862875,2364.17628008496,1.4981022104620934e-05,-0.0117610581219196,-128.8764883833055,-0.0235249999999999,0.0032602567,0.045603473,-0.0002054842188954,1,58.29240265273674,14,2.70805020110221,4990.0,4995.0,1,443,2215
0.003171201,0.040671244,1.6559094e-05,0.088775,2671.770843570061,-2.5554560124874115e-05,0.0092855729162693,307.5945634851014,0.0024875,0.0031832438,0.038401216,-1.057353802025318e-05,1,126.12327087756182,15,2.772588722239781,4995.0,5000.0,1,442,2210
0.0039428268,0.039261922,2.7348706e-05,0.11515,2499.739425553339,0.0007716256659477,-0.0014093220233917,-172.03141801672243,0.0263749999999999,0.003436928,0.03710628,0.0007460711058229,1,125.86879883421612,16,2.833213344056216,5000.0,5005.0,1,441,2205
0.003709877,0.03541182,2.355254e-05,0.0844,2413.9359505266466,-0.0002329498529434,-0.0038501024246215,-85.80347502669247,-0.03075,0.003607968,0.03844833,0.0005386758130043,1,107.2048284475459,17,2.8903717578961645,5005.0,5010.0,1,440,2200
0.0035383366,0.06482026,2.1660519e-05,0.122275,2827.099699060229,-0.0001715403050184,0.0294084399938583,413.1637485335823,0.0378749999999999,0.0037303467,0.046498,-0.0004044901579618,1,178.02349036620083,18,2.9444389791664403,5010.0,5015.0,1,439,2195
0.004592282,0.10136825,3.7163405e-05,0.0895,2518.049281633537,0.0010539456270635,0.0365479886531829,-309.0504174266921,-0.032775,0.003946832,0.06720011,0.000882405322045,1,175.4537068821247,19,2.995732273553991,5015.0,5020.0,1,438,2190
0.003680275,0.025575997,2.2050179e-05,0.0998125,2584.548273897972,-0.0009120071772485,-0.0757922530174255,66.49899226443495,0.0103125,0.0039369646,0.0639215,0.0001419384498149,1,132.81794989635668,20,3.044522437723423,5020.0,5025.0,1,437,2185
0.0031853297,0.037678346,1.7218907e-05,0.1556125,3047.75893939136,-0.0004949453286826,0.012102348729968,463.2106654933882,0.0557999999999999,0.003819296,0.054874197,-0.0014069525059312,1,235.6029046512427,21,3.091042453358316,5025.0,5030.0,1,436,2180
0.002704156,0.023210643,1.2006275e-05,0.1245125,2770.2425628223323,-0.0004811736289411,-0.0144677031785249,-277.51637656902767,-0.0310999999999999,0.0031899202,0.028821662,-0.0009761189576238,1,190.339412871368,22,3.1354942159291497,5030.0,5035.0,1,435,2175
0.003586603,0.04414647,2.096504e-05,0.0995625,2714.786181914717,0.0008824469987303,0.0209358278661966,-55.45638090761531,-0.02495,0.0031586962,0.03501182,0.0004012733697891,1,145.66384690976847,23,3.1780538303479458,5035.0,5040.0,1,434,2170
0.0042111883,0.46225947,5.2462005e-05,0.110075,2483.0638559944823,0.0006245851982384,0.4181129932403564,-231.72232592023465,0.0105125,0.003500649,0.17653887,0.0015070321969687,1,124.38392901218306,24,3.2188758248682006,5040.0,5045.0,1,433,2165
0.0056214943,0.4357088,0.00016271076,0.094,2441.910245836716,0.0014103059656918,-0.026550680398941,-41.15361015776625,-0.016075,0.0044730953,0.31403825,0.0020348911639302,1,120.1157462382505,25,3.258096538021482,5045.0,5050.0,1,432,2160
0.0037801703,0.0740156,2.8284925e-05,0.1085875,2881.557442759341,-0.0018413239158689,-0.3616932034492492,439.6471969226254,0.0145875,0.0045376173,0.32399464,-0.0004310179501771,1,198.264810595342,26,3.295836866004329,5050.0,5055.0,1,431,2155
0.004155764,0.06336803,3.438607e-05,0.11875,2587.0869953615565,0.0003755935467779,-0.0106475725769996,-294.47044739778494,0.0101624999999999,0.0045191427,0.1910308,-0.001465730369091,1,182.90215682926447,27,3.332204510175204,5055.0,5060.0,1,430,2150
0.0033094124,0.02961714,1.8053157e-05,0.099775,2565.5027211977185,-0.0008463514968752,-0.0337508916854858,-21.584274163838018,-0.0189749999999999,0.0037484486,0.055666927,-0.0004707579500973,1,144.1717002216556,28,3.367295829986474,5060.0,5065.0,1,429,2145
0.0036443763,0.106272325,2.5993675e-05,0.0841125,2425.074825967629,0.0003349639009684,0.0766551867127418,-140.4278952300897,-0.0156624999999999,0.0037031842,0.06641916,-0.0005113875959068,1,71.82835843690111,29,3.4011973816621555,5065.0,5070.0,1,428,2140
0.003330916,0.03765026,1.8411798e-05,0.0992125,2624.926472824989,-0.0003134603612124,-0.0686220675706863,199.8516468573603,0.0150999999999999,0.003428235,0.057846576,2.150353975594044e-05,1,83.79330175285932,30,3.4339872044851463,5070.0,5075.0,1,427,2135
0.0034898217,0.05881454,2.3546376e-05,0.1306875,2694.670342048557,0.0001589057501405,0.0211642794311046,69.7438692235678,0.031475,0.0034883711,0.06757904,-0.0001545546110719,1,114.25440926906892,31,3.4657359027997265,5075.0,5080.0,1,426,2130
0.003322241,0.047311626,1.9344967e-05,0.079325,2406.0585332567275,-0.0001675807870924,-0.0115029141306877,-288.6118087918294,-0.0513625,0.0033809927,0.047925472,-8.675036951899529e-06,1,122.95625167749787,32,3.4965075614664802,5080.0,5085.0,1,425,2125
0.00771521,0.08075028,0.00012187357,0.08075,2139.5714513282464,0.004392968956381,0.0334386527538299,-266.4870819284811,0.0014249999999999,0.0048424243,0.062292147,0.0042253881692886,1,226.67816624941275,33,3.5263605246161616,5085.0,5090.0,1,424,2120
0.004735643,0.058866687,4.2884076e-05,0.0872625,2298.165202182052,-0.0029795668087899,-0.0218835920095443,158.59375085380543,0.0065125,0.005257698,0.062309533,0.0014134021475911,1,109.4472544374308,34,3.5553480614894135,5090.0,5095.0,1,423,2115
0.0057910695,0.089319885,7.291252e-05,0.106275,2627.704190122008,0.0010554264299571,0.0304531976580619,329.5389879399563,0.0190124999999999,0.006080641,0.07631228,-0.0019241403788328,1,203.3118822194852,35,3.58351893845611,5095.0,5100.0,1,422,2110
0.00455615,0.07535344,4.4399483e-05,0.0746125,2181.2481442639155,-0.0012349192984402,-0.0139664411544799,-446.4560458580927,-0.0316624999999999,0.005027621,0.07451334,-0.000179492868483,1,189.02925813745424,36,3.6109179126442243,5100.0,5105.0,1,421,2105
0.0036981935,0.031375505,2.3887284e-05,0.0929125,2454.0733813260617,-0.0008579567074775,-0.0439779385924339,272.82523706214624,0.0182999999999999,0.004681804,0.06534961,-0.0020928760059177,1,183.7583765662562,37,3.6375861597263857,5105.0,5110.0,1,420,2100
0.0056313425,0.07679522,6.481634e-05,0.090725,2332.798634210357,0.001933149062097,0.0454197153449058,-121.27474711570494,-0.0021874999999999,0.004628562,0.06117472,0.0010751923546195,1,111.6088035501187,38,3.6635616461296463,5110.0,5115.0,1,419,2095
0.005821594,0.07858169,6.917084e-05,0.1193625,2663.081186007919,0.000190251506865,0.001786470413208,330.28255179756206,0.0286374999999999,0.0050503765,0.062250804,0.002123400568962,1,136.4137459381148,39,3.6888794541139363,5115.0,5120.0,1,418,2090
0.0056269583,0.06350511,6.8950525e-05,0.08835,2531.780706480386,-0.000194635707885,-0.0150765776634216,-131.30047952753284,-0.0310125,0.0056932983,0.072960675,-4.384201020002365e-06,1,135.77769618466817,40,3.713572066704308,5120.0,5125.0,1,417,2085
0.00551311,0.06841344,6.155466e-05,0.094875,2699.751190461105,-0.00011384813115,0.0049083232879638,167.9704839807191,0.006525,0.005653888,0.070166744,-0.000308483839035,1,72.10993816502517,41,3.7376696182833684,5125.0,5130.0,1,416,2080
0.0061763595,0.08519396,9.7806944e-05,0.1103625,2469.6583870092622,0.0006632492877542,0.0167805254459381,-230.09280345184288,0.0154875,0.005772143,0.072370835,0.0005494011566042,1,97.1916573154517,42,3.7612001156935624,5130.0,5135.0,1,415,2075
0.008034159,0.095931016,0.00014960924,0.0775375,2239.3122596063727,0.0018577999435365,0.0107370540499687,-230.3461274028896,-0.032825,0.0065745427,0.083179474,0.0025210492312908,1,187.9734158676244,43,3.784189633918261,5135.0,5140.0,1,414,2070
0.004969021,0.3179391,7.166879e-05,0.111525,2582.374057592548,-0.0030651385895907,0.22200807929039,343.0617979861754,0.0339875,0.0063931798,0.1663547,-0.0012073386460542,1,142.77237440612143,44,3.8066624897703196,5140.0,5145.0,1,413,2065
0.0062110457,0.14298649,9.6579904e-05,0.10115,2477.701238395543,0.0012420248240232,-0.1749526113271713,-104.67281919700508,-0.0103749999999999,0.006404742,0.18561888,-0.0018231137655675,1,143.55684182940678,45,3.828641396489095,5145.0,5150.0,1,412,2060
0.0049215234,0.05938696,6.1609055e-05,0.09085,2364.5900453624954,-0.0012895222753286,-0.0835995301604271,-113.11119303304758,-0.0103,0.0053671966,0.17343752,-4.749745130538941e-05,1,88.93219455232172,46,3.8501476017100584,5150.0,5155.0,1,411,2055
0.0037814155,0.08316355,3.493351e-05,0.089575,2394.967290425633,-0.0011401078663766,0.0237765908241271,30.377245063137707,-0.0012749999999999,0.004971328,0.095179,-0.0024296301417052,1,47.79798363212619,47,3.8712010109078907,5155.0,5160.0,1,410,2050
0.0055321176,0.12404019,7.577905e-05,0.11245,2614.8675849835545,0.0017507020384073,0.0408766344189643,219.90029455792137,0.0228749999999999,0.004745019,0.088863574,0.0006105941720306,1,111.51370787837764,48,3.8918202981106265,5160.0,5165.0,1,409,2045
0.0049850466,0.07715131,5.4204465e-05,0.12805,2702.43280154885,-0.0005470709875226,-0.0468888729810714,87.56521656529549,0.0156,0.004766193,0.09478501,0.0012036310508847,1,129.33971085180153,49,3.912023005428146,5165.0,5170.0,1,408,2040
0.005269709,0.070536695,6.1720886e-05,0.082425,2187.5984257194955,0.0002846624702215,-0.0066146180033683,-514.8343758293545,-0.045625,0.005262291,0.09057606,-0.000262408517301,1,224.9150546183909,50,3.9318256327243257,5170.0,5175.0,1,407,2035
0.0028794408,0.030848553,1.3552396e-05,0.0867375,2401.6614624290937,-0.0023902682587504,-0.0396881401538848,214.06303670959824,0.0043124999999999,0.0043780655,0.059512183,-0.0021056057885289,1,211.17155128705383,51,3.9512437185814275,5175.0,5180.0,1,406,2030
0.005495281,0.0680205,6.709534e-05,0.0898625,2243.600898742081,0.0026158401742577,0.0371719449758529,-158.06056368701277,0.003125,0.0045481436,0.056468587,0.0002255719155073,1,90.6411743960378,52,3.970291913552122,5180.0,5185.0,1,405,2025
0.0049337326,0.18606472,6.098162e-05,0.084275,2389.618465594501,-0.0005615483969449,0.1180442199110984,146.0175668524198,-0.0055874999999999,0.0044361516,0.09497792,0.0020542917773127,1,71.84033639128363,53,3.9889840465642745,5185.0,5190.0,1,404,2020
0.0042988244,0.18478294,4.0006158e-05,0.105725,2583.9981270994326,-0.0006349082104861,-0.0012817829847335,194.37966150493185,0.0214499999999999,0.0049092793,0.1462894,-0.0011964566074311,1,139.43331967074593,54,4.007333185232471,5190.0,5195.0,1,403,2015
0.004976649,0.06648291,4.925564e-05,0.0705875,2227.045101481436,0.000677824486047,-0.1183000281453132,-356.95302561799645,-0.0351375,0.0047364016,0.14577685,4.2916275560855865e-05,1,145.91817114155037,55,4.02535169073515,5195.0,5200.0,1,402,2010
0.0031139455,0.03517735,1.6157186e-05,0.0880625,2480.251421299496,-0.0018627033568918,-0.0313055589795112,253.2063198180599,0.017475,0.0041298065,0.09548107,-0.0011848788708448,1,149.92304761591166,56,4.04305126783455,5200.0,5205.0,1,401,2005
0.0049729636,0.3265972,6.766297e-05,0.0962,2614.4488060323883,0.0018590181134641,0.2914198637008667,134.19738473289226,0.0081374999999999,0.0043545193,0.14275248,-3.685243427753449e-06,1,160.62517056273003,57,4.060443010546419,5205.0,5210.0,1,400,2000
0.0049146884,0.08926228,5.358691e-05,0.082075,2469.6890872825606,-5.827518180012703e-05,-0.2373349368572235,-144.7597187498277,-0.0141249999999999,0.0043338654,0.15034561,0.0018007429316639,1,65.8920642174782,58,4.07753744390572,5210.0,5215.0,1,399,1995
0.0059737833,0.10931851,8.1038044e-05,0.119475,2511.6822282241683,0.0010590949095785,0.0200562328100204,41.99314094160764,0.0374,0.0052871457,0.17505933,0.0010008197277784,1,60.80914548640771,59,4.0943445622221,5215.0,5220.0,1,398,1990
0.00485541,0.056413554,4.524159e-05,0.1016875,2387.584665207759,-0.0011183731257915,-0.0529049560427665,-124.09756301640935,-0.0177874999999999,0.0052479603,0.08499811,-5.92782162129879e-05,1,51.537219729467374,60,4.110873864173311,5220.0,5225.0,1,397,1985
0.005836416,0.07929496,6.891998e-05,0.0836,2192.335522948732,0.0009810058400034,0.0228814035654068,-195.2491422590269,-0.0180875,0.005555203,0.08167567,-0.000137367285788,1,131.44696897303143,61,4.127134385045092,5225.0,5230.0,1,396,1980
0.005591082,0.08142688,6.419029e-05,0.084175,2219.781955952203,-0.0002453341148793,0.0021319240331649,27.44643300347116,0.000575,0.005427636,0.072378464,0.0007356717251241,1,86.30262225384216,62,4.143134726391533,5230.0,5235.0,1,395,1975
0.005147911,0.057154126,4.5922894e-05,0.0914875,2246.929580677181,-0.0004431707784533,-0.0242727547883987,27.14762472497796,0.0073124999999999,0.0055251364,0.07262532,-0.0006885048933327,1,22.28804201579229,63,4.1588830833596715,5235.0,5240.0,1,394,1970
0.0038929184,0.07534161,3.1115807e-05,0.0946,2345.7262619784656,-0.0012549927923828,0.0181874856352806,98.79668130128448,0.0031125,0.0048773037,0.07130754,-0.0016981635708361,1,54.11894922277188,64,4.174387269895637,5240.0,5245.0,1,393,1965
0.0061681545,0.09238283,8.435015e-05,0.10015,2392.479734794113,0.0022752361837774,0.0170412212610244,46.75347281564791,0.0055499999999999,0.0050696614,0.074959524,0.0010202433913946,1,60.67355164222334,65,4.189654742026425,5245.0,5250.0,1,392,1960
0.0051761298,0.13400532,6.0739898e-05,0.1276125,2620.1678323349506,-0.000992024783045,0.0416224896907806,227.68809754083716,0.0274624999999999,0.005079068,0.10057659,0.0012832114007323,1,119.88231846357718,66,4.204692619390966,5250.0,5255.0,1,391,1955
0.007043738,0.112603076,0.00011009463,0.1061375,2497.469717300189,0.001867608167231,-0.0214022472500801,-122.69811503476149,-0.0214749999999999,0.0061293407,0.11299708,0.000875583384186,1,93.04693774976356,67,4.219507705176107,5255.0,5260.0,1,390,1950
0.0054555186,0.089965165,5.984906e-05,0.1036125,2416.489860219888,-0.0015882193110883,-0.0226379111409187,-80.97985708030137,-0.0025249999999999,0.0058917957,0.11219119,0.0002793888561427,1,83.7305738735419,68,4.23410650459726,5260.0,5265.0,1,389,1945
0.004988015,0.07203221,5.102676e-05,0.0991125,2378.30293057998,-0.0004675034433603,-0.0179329514503479,-38.1869296399077,-0.0044999999999999,0.0058290903,0.09153348,-0.0020557227544486,1,49.68422721469069,69,4.248495242049359,5265.0,5270.0,1,388,1940
0.0055005923,0.058907863,6.6672015e-05,0.085975,2291.212350753334,0.0005125771276652,-0.0131243504583835,-87.09057982664626,-0.0131375,0.005314709,0.07363508,4.507368430495262e-05,1,52.42716118367064,70,4.2626798770413155,5270.0,5275.0,1,387,1935
0.0062373965,0.09867464,9.526897e-05,0.089925,2229.339869446657,0.0007368042133748,0.0397667773067951,-61.87248130667695,0.00395,0.0055753347,0.07653824,0.0012493813410401,1,61.10370657951277,71,4.276666119016055,5275.0,5280.0,1,386,1930
0.006177834,0.10811095,7.521564e-05,0.0814,2196.1076483631005,-5.956273525953293e-05,0.0094363093376159,-33.2322210835564,-0.008525,0.0059719407,0.088564485,0.0006772414781153,1,39.40881017957267,72,4.290459441148391,5280.0,5285.0,1,385,1925
0.005433757,0.101379216,6.4856744e-05,0.1005625,2344.020709565091,-0.00074407691136,-0.0067317336797714,147.91306120199033,0.0191625,0.0059496625,0.1027216,-0.0008036396466195,1,63.36345711892788,73,4.304065093204169,5285.0,5290.0,1,384,1920
0.005637397,0.06648551,5.924599e-05,0.07345,2121.3244186971588,0.0002036402001976,-0.0348937064409256,-222.696290867932,-0.0271124999999999,0.005749663,0.091991894,-0.0005404367111623,1,92.5349441981228,74,4.31748811353631,5290.0,5295.0,1,383,1915
0.0061231055,0.07710372,7.0437214e-05,0.0711125,2046.3826461157776,0.0004857084713876,0.0106182098388671,-74.94177258138097,-0.0023375,0.00573142,0.08165615,0.0006893486715853,1,126.40249824264257,75,4.330733340286331,5295.0,5300.0,1,382,1910
0.006005903,0.07441193,7.378148e-05,0.0904,2381.1641483308003,-0.0001172027550637,-0.0026917904615402,334.78150221502256,0.0192875,0.005922135,0.072667055,0.0003685057163238,1,143.45406101647646,76,4.343805421853684,5300.0,5305.0,1,381,1905
0.0065840804,0.12191226,9.205325e-05,0.076875,2180.2899362600733,0.000578177627176,0.0475003346800804,-200.87421207072703,-0.0135249999999999,0.0062376964,0.09114263,0.0004609748721122,1,137.58240587378538,77,4.356708826689592,5305.0,5310.0,1,380,1900
0.004753122,0.06729455,4.3353633e-05,0.0833625,2279.742845720982,-0.0018309582956135,-0.0546177104115486,99.4529094609088,0.0064875,0.0057810354,0.08787292,-0.0012527806684374,1,82.00786608500665,78,4.3694478524670215,5310.0,5315.0,1,379,1895
0.007316056,0.10706948,0.00011089446,0.075175,2080.9492348826843,0.0025629340671002,0.0397749245166778,-198.7936108382978,-0.0081875,0.006217753,0.09875876,0.0007319757714867,1,81.15715608929511,79,4.382026634673881,5315.0,5320.0,1,378,1890
0.0069107427,0.081590235,0.00010411099,0.0877,2328.0762685762597,-0.0004053134471178,-0.0254792422056198,247.12703369357496,0.0125249999999999,0.0063266405,0.08531809,0.0021576206199824,1,106.9406846274144,80,4.394449154672439,5320.0,5325.0,1,377,1885
0.007295961,0.10874751,0.00012215454,0.078375,2341.154619990472,0.0003852182999253,0.0271572768688201,13.078351414212648,-0.009325,0.0071742535,0.099135734,-2.009514719247818e-05,1,119.69853637691976,81,4.406719247264253,5325.0,5330.0,1,376,1880
0.0052908547,0.08215934,5.9847833e-05,0.097925,2512.308021861788,-0.0020051063038408,-0.0265881717205047,171.15340187131596,0.0195499999999999,0.006499186,0.09083236,-0.0016198880039155,1,83.93507356317322,82,4.418840607796598,5330.0,5335.0,1,375,1875
0.0037030778,0.028631289,2.2781127e-05,0.0855625,2458.1515234248427,-0.0015877769328653,-0.0535280518233776,-54.15649843694519,-0.0123624999999999,0.0054299645,0.07317938,-0.0035928832367062,1,71.42571020788469,83,4.430816798843313,5335.0,5340.0,1,374,1870
0.0053064553,0.07053867,5.8852016e-05,0.0762,2273.9435501371354,0.0016033775173127,0.0419073812663555,-184.2079732877073,-0.0093624999999999,0.0047667962,0.0604431,1.560058444738388e-05,1,102.0256640514686,84,4.442651256490317,5340.0,5345.0,1,373,1865
0.005303386,0.15494537,8.259123e-05,0.1163375,2815.237331767158,-3.069173544645309e-06,0.084406703710556,541.2937816300227,0.0401374999999999,0.004770973,0.084705114,0.0016003083437681,1,224.70766440312823,85,4.454347296253507,5345.0,5350.0,1,372,1860
0.0029036053,0.045959763,1.5095024e-05,0.115475,2800.0370133267493,-0.0023997807875275,-0.1089856103062629,-15.200318440408864,-0.0008625,0.004504482,0.090481274,-0.0024028499610722,1,251.6621058577601,86,4.465908118654584,5350.0,5355.0,1,371,1855
0.0041797333,0.13622516,3.6148933e-05,0.114025,2563.932935763127,0.0012761279940605,0.0902654007077217,-236.10407756362247,-0.0014499999999999,0.0041289083,0.11237677,-0.001123652793467,1,115.050754294601,87,4.477336814478207,5355.0,5360.0,1,370,1850
0.0038112565,0.049251694,2.5580233e-05,0.089025,2571.019373319812,-0.000368476845324,-0.0869734734296798,7.086437556685269,-0.0249999999999999,0.0036315315,0.07714554,0.0009076511487364,1,109.6684054947058,88,4.48863636973214,5360.0,5365.0,1,369,1845
0.0036957508,0.05437006,2.4079021e-05,0.128875,2843.9541885873136,-0.0001155056525021,0.005118366330862,272.9348152675016,0.0398499999999999,0.00389558,0.07994897,-0.0004839824978262,1,130.36509971596317,89,4.499809670330265,5365.0,5370.0,1,368,1840
0.0037757477,0.10288463,3.255784e-05,0.122525,2745.405572573987,7.999688386917114e-05,0.0485145673155784,-98.54861601332686,-0.0063499999999999,0.0037609183,0.06883546,-3.5508768633008e-05,1,112.84984595744127,90,4.51085950651685,5370.0,5375.0,1,367,1835
0.0034403005,0.044216726,2.383541e-05,0.0942625,2619.672141038967,-0.0003354472573846,-0.0586679019033908,-125.73343153501992,-0.0282624999999999,0.0036372663,0.06715714,-0.0002554503735154,1,91.7866865050534,91,4.5217885770490405,5375.0,5380.0,1,366,1830
0.003130548,0.047221027,1.8600316e-05,0.1189125,2984.538228569052,-0.0003097525332123,0.0030043013393878,364.8660875300848,0.02465,0.0034488654,0.064774126,-0.0006451997905969,1,151.33501643643228,92,4.532599493153256,5380.0,5385.0,1,365,1825
0.0027192465,0.037593104,1.23912e-05,0.1272625,2753.7565353899577,-0.0004113013856112,-0.0096279233694076,-230.781693179094,0.0083499999999999,0.0030966986,0.043010283,-0.0007210539188235,1,150.68955450955485,93,4.543294782270004,5385.0,5390.0,1,364,1820
0.003075542,0.05435583,1.5944795e-05,0.1199625,2843.167237113822,0.0003562953788787,0.016762726008892,89.41070172386435,-0.0073,0.002975112,0.046389986,-5.5006006732583046e-05,1,95.00890058562229,94,4.553876891600541,5390.0,5395.0,1,363,1815
0.0038872077,0.1199497,3.4384073e-05,0.1296,2770.815597195503,0.0008116657845675,0.0655938684940338,-72.35163991831905,0.0096374999999999,0.003227332,0.070632875,0.0011679611634463,1,38.75857607077913,95,4.564348191467836,5395.0,5400.0,1,362,1810
0.0033837436,0.029909886,1.90823e-05,0.124025,2879.863048732097,-0.0005034641362726,-0.090039812028408,109.04745153659452,-0.0055749999999999,0.003448831,0.068071805,0.0003082016482949,1,45.30475701760736,96,4.574710978503383,5400.0,5405.0,1,361,1805
0.003465,0.04586113,2.0551786e-05,0.1079875,2564.510501169478,8.125649765133858e-05,0.0159512422978878,-315.35254756261884,-0.0160374999999999,0.0035786505,0.065240234,-0.0004222076386213,1,130.76712489815492,97,4.584967478670572,5405.0,5410.0,1,360,1800
0.003069194,0.032548066,1.567128e-05,0.117975,2737.6280308868063,-0.0003958060406148,-0.0133130624890327,173.11752971732767,0.0099874999999999,0.003305979,0.036106363,-0.0003145495429635,1,128.9477536968252,98,4.59511985013459,5410.0,5415.0,1,359,1795
0.0032154992,0.029639713,1.6786633e-05,0.1453,2874.4732404407905,0.0001463051885366,-0.0029083527624607,136.8452095539842,0.027325,0.0032498979,0.036016304,-0.0002495008520781,1,126.83024096531508,99,4.605170185988092,5415.0,5420.0,1,358,1790
0.0031166947,0.060234495,1.6911028e-05,0.109775,2882.914471457866,-9.880447760224342e-05,0.0305947810411453,8.441231017075552,-0.035525,0.0031337962,0.040807426,4.750071093440056e-05,1,66.5883002509246,100,4.61512051684126,5420.0,5425.0,1,357,1785
0.0032311336,0.04383064,1.968021e-05,0.140175,2881.1172000666133,0.0001144388224929,-0.01640385389328,-1.797271391252707,0.0303999999999999,0.0031877758,0.04456828,1.5634344890713692e-05,1,3.6305304945546,101,4.624972813284271,5425.0,5430.0,1,356,1780
0.004133179,0.08074437,3.6729012e-05,0.1364125,2796.9239388710293,0.0009020452853292,0.0369137302041053,-84.193261195584,-0.0037625,0.0034936692,0.06160317,0.0010164841078221,1,40.119414958858165,102,4.634728988229636,5430.0,5435.0,1,355,1775
0.004541361,0.09313917,4.2555534e-05,0.103,2470.995443609768,0.0004081819206476,0.0123948007822036,-325.9284952612616,-0.0334125,0.003968558,0.0725714,0.0013102272059768,1,176.86081921897613,103,4.6443908991413725,5435.0,5440.0,1,354,1770
0.004121502,0.042258114,2.9679159e-05,0.1021,2550.658930591313,-0.0004198588430881,-0.0508810579776763,79.6634869815457,-0.0008999999999999,0.004265347,0.07204722,-1.167692244052887e-05,1,138.7332009787682,104,4.653960350157523,5440.0,5445.0,1,353,1765
0.004587042,0.08513104,4.367353e-05,0.1056375,2654.722038993713,0.000465540215373,0.0428729280829429,104.0631084023994,0.0035374999999999,0.004416635,0.07350945,4.568137228488922e-05,1,75.22622440184031,105,4.663439094112067,5445.0,5450.0,1,352,1760
0.0053102965,0.21685798,6.744857e-05,0.1014125,2662.6253949329275,0.0007232544012367,0.1317269504070282,7.903355939214634,-0.0042249999999999,0.004672947,0.11474905,0.0011887946166098,1,51.02078302312301,106,4.672828834461906,5450.0,5455.0,1,351,1755
0.007605444,0.09388971,0.00012202991,0.084525,2313.837083186367,0.002295147627592,-0.1229682713747024,-348.78831174656034,-0.0168875,0.005834261,0.13195957,0.0030184020288288,1,162.5895659293649,107,4.68213122712422,5455.0,5460.0,1,350,1750
0.0068682334,0.09433766,9.9307574e-05,0.0666125,2360.6891358032763,-0.0007372107356786,0.0004479438066482,46.85205261690908,-0.0179124999999999,0.006594658,0.13502844,0.0015579368919134,1,154.5653065221736,108,4.6913478822291435,5460.0,5465.0,1,349,1745
0.005010446,0.047048047,4.4554457e-05,0.09605,2598.875932903839,-0.0018577873706817,-0.0472896099090576,238.18679710056267,0.0294374999999999,0.006494708,0.07842514,-0.0025949981063604,1,124.79993366972136,109,4.700480365792417,5465.0,5470.0,1,348,1740
0.0075756838,0.05704453,0.000104010454,0.0965125,2438.164492650243,0.0025652376934885,0.0099964812397956,-160.7114402535958,0.0004625,0.006484788,0.066143416,0.0007074503228068,1,99.19876133857863,110,4.709530201312334,5470.0,5475.0,1,347,1735
0.005532596,0.048977964,5.1537896e-05,0.081075,2381.301921545344,-0.0020430879667401,-0.0080665647983551,-56.862571104899416,-0.0154375,0.006039575,0.051023513,0.0005221497267484,1,92.13514798000178,111,4.718498871295094,5475.0,5480.0,1,346,1730
0.0045598345,0.06071674,4.4978908e-05,0.084675,2480.190671682686,-0.0009727613069117,0.0117387771606445,98.8887501373424,0.0036,0.005889371,0.05557974,-0.0030158492736518,1,40.52233488453886,112,4.727387818712341,5480.0,5485.0,1,345,1725
0.00476686,0.06326645,4.153853e-05,0.0972,2497.581210100066,0.0002070255577564,0.0025497078895568,17.390538417379958,0.0125249999999999,0.0049530966,0.057653714,-0.0007657357491552,1,51.2101212619412,113,4.736198448394496,5485.0,5490.0,1,344,1720
0.0064671664,0.053961277,7.5090065e-05,0.0993,2327.276333188968,0.0017003063112497,-0.0093051716685295,-170.30487691109877,0.0021,0.00526462,0.05931482,0.0019073318690061,1,76.51359853220173,114,4.74493212836325,5490.0,5495.0,1,343,1715
0.0063199657,0.054289326,7.1654984e-05,0.1032,2354.0291062647166,-0.0001472006551921,0.0003280490636825,26.752773075749246,0.0039,0.0058513307,0.057172347,0.0015531056560575,1,74.77868716159259,115,4.7535901911063645,5495.0,5500.0,1,342,1710
0.0064089308,0.14646235,8.8227316e-05,0.1364125,2729.991325920074,8.896505460143089e-05,0.0921730250120163,375.9622196553573,0.0332124999999999,0.0063986876,0.08490431,-5.823560059070587e-05,1,183.86065582567957,116,4.762173934797756,5500.0,5505.0,1,341,1705
0.004725746,0.060693115,4.497736e-05,0.1105625,2724.698447762041,-0.001683184877038,-0.085769236087799,-5.292878158033091,-0.0258499999999999,0.0058182143,0.08714827,-0.0015942198224365,1,175.99601191612868,117,4.770684624465665,5505.0,5510.0,1,340,1700
0.00461087,0.049783446,3.6712092e-05,0.11625,2609.5553793791933,-0.000114875845611,-0.0109096691012382,-115.14306838284756,0.0056875,0.0052485154,0.0856463,-0.001798060722649,1,55.56853423677303,118,4.77912349311153,5510.0,5515.0,1,339,1695
0.0058146534,0.066351235,6.506187e-05,0.1037125,2600.1781560836894,0.0012037833221256,0.0165677890181541,-9.377223295503882,-0.0125375,0.005050423,0.058942597,0.0010889074765145,1,56.618765590583095,119,4.787491742782046,5515.0,5520.0,1,338,1690
0.004899461,0.050378427,4.3303375e-05,0.11435,2633.957466693263,-0.0009151925332844,-0.0159728080034255,33.77931060957371,0.0106374999999999,0.005108328,0.05550437,0.0002885907888412,1,14.237805726988848,120,4.795790545596741,5520.0,5525.0,1,337,1685
0.0065469877,0.08478589,8.982091e-05,0.09605,2479.3106185279244,0.0016475268639624,0.0344074666500091,-154.64684816533872,-0.0182999999999999,0.0057537,0.06717185,0.0007323343306779,1,66.38745790812335,121,4.804021044733257,5525.0,5530.0,1,336,1680
0.004123027,0.062101915,3.2894408e-05,0.122025,2719.1063955860977,-0.0024239607155323,-0.0226839780807495,239.79577705817337,0.0259749999999999,0.005189825,0.06575541,-0.0007764338515698,1,99.25724291176356,122,4.812184355372417,5530.0,5535.0,1,335,1675
0.0032643909,0.04126157,1.8346032e-05,0.129975,2898.007559173405,-0.0008586361072957,-0.0208403468132019,178.9011635873071,0.00795,0.004644802,0.06271646,-0.003282596822828,1,171.53385449257226,123,4.820281565605037,5535.0,5540.0,1,334,1670
0.0086959535,0.118738405,0.00016806381,0.103825,2447.283540133972,0.0054315626621246,0.0774768367409706,-450.72401903943273,-0.02615,0.0053611235,0.07403397,0.0045729265548288,1,185.30618278888787,124,4.8283137373023015,5540.0,5545.0,1,333,1665
0.0043232725,0.042045195,3.2791228e-05,0.1433375,2836.0902711881827,-0.0043726810254156,-0.0766932070255279,388.80673105421056,0.0395125,0.0054278723,0.06734838,0.0010588816367089,1,199.4872777908309,125,4.836281906951478,5545.0,5550.0,1,332,1660
0.0046894085,0.056923628,4.1572985e-05,0.1207375,2663.211391493182,0.0003661359660327,0.0148784331977367,-172.8788796950007,-0.0226,0.0059028785,0.07256908,-0.0040065450593829,1,159.0536660481699,126,4.844187086458591,5550.0,5555.0,1,331,1655
0.004671448,0.035207003,3.670658e-05,0.1061,2616.36658756691,-1.7960555851459503e-05,-0.0217166244983673,-46.84480392627211,-0.0146374999999999,0.0045613763,0.044725273,0.0003481754101812,1,94.4928215048874,127,4.852030263919617,5555.0,5560.0,1,330,1650
0.0065096742,0.101856105,8.269988e-05,0.108075,2587.999203290994,0.0018382263369858,0.0666491016745567,-28.36738427591581,0.001975,0.0052901767,0.06466225,0.0018202657811343,1,31.012573435283542,128,4.859812404361672,5560.0,5565.0,1,329,1645
0.0054413187,0.054249827,5.409931e-05,0.129725,2675.893057639976,-0.0010683555155992,-0.0476062782108783,87.89385434898213,0.02165,0.005540814,0.06377098,0.0007698708213865,1,36.62640025739967,129,4.867534450455582,5565.0,5570.0,1,328,1640
0.005312316,0.05555053,5.0805254e-05,0.1031625,2716.9960227314373,-0.0001290026120841,0.0013007037341594,41.1029650914611,-0.0265625,0.005754436,0.070552155,-0.0011973581276834,1,53.8051657963767,130,4.875197323201151,5570.0,5575.0,1,327,1635
0.0044528944,0.042999458,3.5736062e-05,0.1288625,2903.564105339678,-0.0008594216778874,-0.0125510729849338,186.56808260824076,0.0256999999999999,0.0050688433,0.05093327,-0.0009884242899715,1,99.0685560318404,131,4.882801922586371,5575.0,5580.0,1,326,1630
0.004629355,0.10311718,4.316751e-05,0.11315,2672.1955608630733,0.0001764604821801,0.0601177252829074,-231.3685444766047,-0.0157124999999999,0.0047981883,0.067222394,-0.0006829611957073,1,100.19211224495818,132,4.890349128221754,5580.0,5585.0,1,325,1625
0.0038522866,0.046638314,2.6757281e-05,0.121425,2832.075222351753,-0.0007770683150738,-0.0564788691699504,159.87966148867963,0.008275,0.0043115118,0.064251654,-0.0006006078328937,1,96.72617129575328,133,4.897839799950911,5585.0,5590.0,1,324,1620
0.0030656657,0.028349053,1.5640338e-05,0.12465,2848.2613584382493,-0.0007866208907216,-0.0182892605662345,16.18613608649639,0.0032249999999999,0.0038491022,0.059368182,-0.0015636892057955,1,79.45834844252835,134,4.90527477843843,5590.0,5595.0,1,323,1615
0.0037680427,0.034962114,2.4505523e-05,0.131175,2827.251296180895,0.0007023769430816,0.0066130608320236,-21.010062257354093,0.006525,0.0035619985,0.036649827,-8.424394764006138e-05,1,8.985692214542217,135,4.912654885736052,5595.0,5600.0,1,322,1610
0.0046105045,0.069183215,3.9769155e-05,0.1486125,2909.15037923473,0.0008424618281424,0.034221101552248,81.8990830538346,0.0174374999999999,0.0038147375,0.044164795,0.001544838771224,1,34.73127852954425,136,4.919980925828125,5600.0,5605.0,1,321,1605
0.0053151944,0.080470175,4.9348604e-05,0.098475,2628.022927499422,0.0007046898826956,0.0112869590520858,-281.12745173530766,-0.0501375,0.00456458,0.061538503,0.001547151710838,1,118.05462333255718,137,4.927253685157205,5605.0,5610.0,1,320,1600
0.0047353897,0.035968155,3.8841896e-05,0.101,2591.254036124573,-0.0005798046477138,-0.0445020198822021,-36.76889137484932,0.002525,0.0048870295,0.06187385,0.0001248852349817,1,141.98696358583763,138,4.9344739331306915,5610.0,5615.0,1,319,1595
0.0044807447,0.035405163,3.4467954e-05,0.09385,2528.3089891153018,-0.000254645012319,-0.0005629919469356,-62.94504700927109,-0.00715,0.004843776,0.050614495,-0.0008344496600329,1,41.17294125461929,139,4.941642422609304,5615.0,5620.0,1,318,1590
0.0035293067,0.032215543,2.1025631e-05,0.12325,2716.9458733019173,-0.0009514379780739,-0.0031896196305751,188.6368841866156,0.0293999999999999,0.0042484803,0.03452962,-0.001206082990393,1,78.41796205210615,140,4.948759890378168,5620.0,5625.0,1,317,1585
0.0047146557,0.031594105,3.6373927e-05,0.0955,2610.0214918204583,0.0011853489559143,-0.0006214380264282,-106.92438148145902,-0.0277499999999999,0.004241569,0.033071604,0.0002339109778404,1,77.23962032328531,141,4.955827057601261,5625.0,5630.0,1,316,1580
0.0053256797,0.047700763,4.9718183e-05,0.1083125,2591.3762535163683,0.0006110239773988,0.0161066576838493,-18.64523830409007,0.0128125,0.004523214,0.03717014,0.0017963729333132,1,55.32549912381797,142,4.962844630259907,5630.0,5635.0,1,315,1575
0.00414681,0.046183344,2.9146755e-05,0.09925,2496.8955462451463,-0.0011788695119321,-0.0015174187719821,-94.48070727122196,-0.0090625,0.004729049,0.04182607,-0.0005678455345332,1,49.52185658900196,143,4.969813299576001,5635.0,5640.0,1,314,1570
0.004563738,0.046209134,3.4761284e-05,0.1058125,2582.623784208662,0.0004169279709458,2.579018473625183e-05,85.72823796351577,0.0065624999999999,0.0046787425,0.046697747,-0.0007619415409862,1,42.62568415844797,144,4.976733742420574,5640.0,5645.0,1,313,1565
0.0033057446,0.029240638,1.8178902e-05,0.1358,2833.3578559065127,-0.0012579935137182,-0.0169684961438179,250.7340716978506,0.0299875,0.0040054307,0.040544372,-0.0008410655427724,1,142.76001280983306,145,4.983606621708336,5645.0,5650.0,1,312,1560
0.0038816882,0.024544576,2.4702545e-05,0.11855,2738.4691396079725,0.0005759436171501,-0.0046960618346929,-94.8887162985402,-0.01725,0.003917057,0.03333145,-0.000682049896568,1,103.365166059464,146,4.990432586778736,5650.0,5655.0,1,311,1555
0.0050648465,0.13015507,4.71064e-05,0.1076625,2436.331862158669,0.0011831582523882,0.1056104972958564,-302.1372774493034,-0.0108875,0.004084093,0.06131343,0.0017591018695384,1,169.28622790237213,147,4.997212273764115,5655.0,5660.0,1,310,1550
0.0048575336,0.076895036,4.206472e-05,0.1113375,2706.508108259415,-0.0002073128707706,-0.0532600358128547,270.1762461007461,0.003675,0.004601356,0.07719823,0.0009758453816175,1,135.52517023557397,148,5.003946305945459,5660.0,5665.0,1,309,1545
0.004872104,0.056569718,3.973585e-05,0.114825,2653.391325555844,1.457054167985916e-05,-0.0203253179788589,-53.11678270357106,0.0034874999999999,0.0049314946,0.08787328,-0.0001927423290908,1,116.8719181231882,149,5.0106352940962555,5665.0,5670.0,1,308,1540
0.0044483645,0.16726042,3.6559642e-05,0.12495,3039.126678304922,-0.0004237396642565,0.1106907054781913,385.7353527490777,0.010125,0.0047260006,0.10024172,-0.0004091691225767,1,170.7006047324937,150,5.017279836814924,5670.0,5675.0,1,307,1535
0.0053837253,0.051038735,4.9652674e-05,0.0961875,2470.851910106313,0.000935360789299,-0.1162216886878013,-568.2747681986089,-0.0287625,0.004901398,0.091622956,0.0005116211250424,1,236.88924104931743,151,5.0238805208462765,5675.0,5680.0,1,306,1530
0.004944481,0.18986759,8.5677384e-05,0.109625,2677.3620289618943,-0.0004392443224787,0.138828843832016,206.51011885558137,0.0134375,0.0049255234,0.13605557,0.0004961164668202,1,234.86551775554275,152,5.030437921392435,5680.0,5685.0,1,305,1525
0.0042742463,0.08111912,3.1283926e-05,0.1223125,2620.3989729118093,-0.0006702346727252,-0.1087484657764434,-56.963056050085015,0.0126875,0.0048674843,0.10734182,-0.0011094789952039,1,87.08587265073642,153,5.0369526024136295,5685.0,5690.0,1,304,1520
0.0042256033,0.22774547,3.5297264e-05,0.1157375,2966.5709946879206,-4.864297807216644e-05,0.1466263532638549,346.17202177611125,-0.006575,0.0044814437,0.16624406,-0.0007188776507973,1,151.55552127903613,154,5.043425116919247,5690.0,5695.0,1,303,1515
0.0047605815,0.091674566,3.9432074e-05,0.0956875,2560.862709274152,0.0005349782295525,-0.1360709071159362,-405.7082854137684,-0.02005,0.004420144,0.13351305,0.0004863352514803,1,178.87886907124636,155,5.049856007249537,5695.0,5700.0,1,302,1510
0.005364669,0.050958212,4.96376e-05,0.0862125,2332.832736686593,0.0006040874868631,-0.040716353803873,-228.0299725875593,-0.0094749999999999,0.004783618,0.12345942,0.0011390657164156,1,262.09011616156,156,5.056245805348308,5700.0,5705.0,1,301,1505
0.0048442986,0.039507754,3.9800972e-05,0.0864,2363.4183139710326,-0.0005203704349696,-0.011450458317995,30.58557728443975,0.0001875,0.00498985,0.06071351,8.371705189347267e-05,1,101.05962770822208,157,5.062595033026967,5705.0,5710.0,1,300,1500
0.004903712,0.055816635,4.1923537e-05,0.07935,2271.634252502069,5.941325798630714e-05,0.016308881342411,-91.7840614689635,-0.00705,0.0050375597,0.048760865,-0.0004609571769833,1,38.159090869738016,158,5.0689042022202315,5710.0,5715.0,1,299,1495
0.0039075003,0.036692217,2.4990439e-05,0.1124,2527.2897431521424,-0.0009962115436792,-0.0191244184970855,255.6554906500733,0.0330499999999999,0.0045518368,0.04400553,-0.0009367982856929,1,105.74491799773412,159,5.075173815233827,5715.0,5720.0,1,298,1490
0.0038858596,0.038709443,2.5176669e-05,0.0997125,2522.115758777049,-2.1640677005052567e-05,0.0020172260701656,-5.173984375093369,-0.0126875,0.0042323573,0.043739434,-0.0010178522206842,1,119.3163325877086,160,5.081404364984463,5720.0,5725.0,1,297,1485
0.00427145,0.040999033,2.8999733e-05,0.1021625,2684.7605362630497,0.0003855903632938,0.0022895894944667,162.64477748600075,0.00245,0.004021603,0.038800232,0.0003639496862888,1,75.48152418584343,161,5.087596335232384,5725.0,5730.0,1,296,1480
0.003871279,0.120508164,2.5901496e-05,0.1112625,2568.7162343427,-0.0004001709166914,0.0795091316103935,-116.04430192034988,0.0090999999999999,0.0040095295,0.06673888,-1.4580553397536278e-05,1,68.38713977105867,162,5.093750200806762,5730.0,5735.0,1,295,1475
0.0037103135,0.14095092,2.8734803e-05,0.1075,2609.732219530761,-0.0001609656028449,0.0204427540302276,41.01598518806168,-0.0037625,0.0039510145,0.10081937,-0.0005611365195363,1,48.04840078366486,163,5.099866427824199,5735.0,5740.0,1,294,1470
0.0053940965,0.086166024,7.522992e-05,0.087975,2394.650960940148,0.0016837830189615,-0.0547848939895629,-215.08125859061371,-0.019525,0.0043252297,0.115875036,0.0015228174161165,1,93.23862947809116,164,5.10594547390058,5740.0,5745.0,1,293,1465
0.0049640657,0.0812723,4.9826587e-05,0.0949625,2610.7666151908884,-0.0004300307482481,-0.0048937276005744,216.1156542507406,0.0069875,0.004689492,0.10279641,0.0012537522707134,1,101.63496433780924,165,5.111987788356544,5745.0,5750.0,1,292,1460
0.004353297,0.12513891,3.4419103e-05,0.089175,2292.191170920753,-0.0006107687950134,0.0438666120171546,-318.57544427013545,-0.0057875,0.00490382,0.097525746,-0.0010407995432615,1,132.78817646284892,166,5.117993812416755,5750.0,5755.0,1,291,1455
0.006445224,0.17416468,8.084569e-05,0.0982,2520.0190176018823,0.0020919269882142,0.0490257740020751,227.82784668112936,0.0090249999999999,0.0052541955,0.12685864,0.0014811581932008,1,134.0111802481215,167,5.123963979403259,5755.0,5760.0,1,290,1450
0.0037753754,0.04760339,2.3805425e-05,0.09275,2428.891414403746,-0.0026698485016822,-0.1265612840652465,-91.12760319813653,-0.0054499999999999,0.0048579653,0.11563566,-0.000577921513468,1,93.62853574768914,168,5.1298987149230735,5760.0,5765.0,1,289,1445
0.0057154815,0.045984626,5.555111e-05,0.087525,2278.4265723637723,0.0019401060417294,-0.0016187652945518,-150.46484203997352,-0.0052249999999999,0.005312027,0.0892509,-0.0007297424599528,1,99.61638550564328,169,5.135798437050262,5765.0,5770.0,1,288,1440
0.00479449,0.034993596,3.848931e-05,0.0893375,2265.702372926991,-0.0009209914132952,-0.0109910294413566,-12.72419943678142,0.0018124999999999,0.004761782,0.042860538,0.0010191146284341,1,74.11120563010039,170,5.14166355650266,5770.0,5775.0,1,287,1435
0.0045105554,0.03947469,3.4187822e-05,0.0951,2384.556299862902,-0.0002839346416294,0.004481092095375,118.8539269359112,0.0057625,0.0050068423,0.04015097,-0.0012049260549247,1,53.28297649597275,171,5.147494476813453,5775.0,5780.0,1,286,1430
0.0042270524,0.038260225,3.0188465e-05,0.0916875,2457.7444507980363,-0.0002835029736161,-0.00121446326375,73.18815093513422,-0.0034124999999999,0.0045106993,0.03757617,-0.0005674376152455,1,79.13625455041982,172,5.153291594497779,5780.0,5785.0,1,285,1425
0.0046913787,0.046568863,3.820131e-05,0.104525,2466.7585252552185,0.000464326236397,0.0083086378872394,9.014074457182232,0.0128375,0.004476329,0.041434593,0.0001808232627809,1,36.81027156631512,173,5.159055299214529,5785.0,5790.0,1,284,1420
0.0046474133,0.04243351,3.5364683e-05,0.0940875,2478.605697230868,-4.39654104411602e-05,-0.0041353516280651,11.847171975649417,-0.0104375,0.004521948,0.042420868,0.0004203608259558,1,8.542707252853287,174,5.1647859739235145,5790.0,5795.0,1,283,1415
0.0043368675,0.02934764,3.2161577e-05,0.1034125,2482.198429331146,-0.0003105457872152,-0.0130858719348907,3.5927321002782264,0.009325,0.0045585535,0.039450005,-0.0003545111976563,1,6.596748741605212,175,5.170483995038151,5795.0,5800.0,1,282,1410
0.004269818,0.052499883,3.1023086e-05,0.095325,2474.284613128529,-6.704963743686676e-05,0.0231522433459758,-7.913816202616999,-0.0080875,0.0044180327,0.041427013,-0.000377595424652,1,3.2353598228989378,176,5.176149732573829,5800.0,5805.0,1,281,1405
0.0044031194,0.033701308,3.269557e-05,0.095,2437.104821134101,0.0001333015970885,-0.0187985748052597,-37.17979199442834,-0.0003249999999999,0.0043366016,0.038516276,6.62519596517086e-05,1,19.65931760957241,177,5.181783550292085,5805.0,5810.0,1,280,1400
0.0039691096,0.034252625,2.6222067e-05,0.08605,2467.928642798092,-0.0004340098239481,0.0005513168871402,30.82382166399111,-0.00895,0.004214016,0.040151272,-0.0003007082268595,1,16.237279717311313,178,5.187385805840755,5810.0,5815.0,1,279,1395
0.005571907,0.14130214,8.232137e-05,0.0826,2333.764547944252,0.0016027973033487,0.1070495098829269,-134.16409485383974,-0.0034499999999999,0.004648045,0.06975202,0.0011687874794006,1,57.377235509947845,179,5.19295685089021,5815.0,5820.0,1,278,1390
0.006232351,0.041240744,6.730832e-05,0.0793625,2216.263339009124,0.0006604441441595,-0.1000613942742347,-117.50120893512803,-0.0032375,0.005257789,0.07226517,0.0022632414475083,1,102.81696983818716,180,5.198497031265826,5820.0,5825.0,1,277,1385
0.006718245,0.05886642,7.9262856e-05,0.0733,2239.697294216432,0.0004858938045799,0.0176256746053695,23.433955207307463,-0.0060624999999999,0.0061741676,0.080469765,0.0011463379487395,1,50.77656128325448,181,5.204006687076795,5825.0,5830.0,1,276,1380
0.0048083984,0.07103111,5.3691274e-05,0.1072125,2527.987251097412,-0.0019098464399576,0.0121646896004676,288.2899568809803,0.0339125,0.0059196646,0.05704609,-0.0014239526353776,1,141.7478382601074,182,5.209486152841421,5830.0,5835.0,1,275,1375
0.00485522,0.11510366,3.983649e-05,0.088775,2433.146109574212,4.682177677750588e-05,0.0440725535154342,-94.8411415231999,-0.0184374999999999,0.0054606213,0.081667066,-0.0018630246631801,1,119.96684057002756,183,5.214935757608986,5835.0,5840.0,1,274,1370
0.0063224314,0.1378644,6.886107e-05,0.102375,2328.0428732878995,0.0014672111719846,0.022760733962059,-105.1032362863125,0.0135999999999999,0.0053286836,0.10799972,0.0015140329487621,1,81.66277992173606,184,5.220355825078325,5840.0,5845.0,1,273,1365
0.00912732,0.14313045,0.00030647515,0.0837625,2416.320074754084,0.0028048884123563,0.0052660554647445,88.27720146618412,-0.0186124999999999,0.0067683235,0.13203284,0.004272099584341,1,46.09491418599221,185,5.225746673713202,5845.0,5850.0,1,272,1360
0.0057021105,0.08783901,5.4186534e-05,0.0876375,2386.266661840491,-0.0034252093173563,-0.0552914440631866,-30.05341291359264,0.0038749999999999,0.0070506204,0.122944616,-0.0006203209049999,1,36.64557193179165,186,5.231108616854587,5850.0,5855.0,1,271,1355
0.00540746,0.11832431,6.141219e-05,0.082925,2307.9373791084304,-0.0002946504391729,0.0304853022098541,-78.32928273206062,-0.0047124999999999,0.0067456304,0.11643126,-0.0037198597565293,1,45.68672658745559,187,5.236441962829949,5855.0,5860.0,1,270,1350
0.0042060455,0.038037486,2.9469498e-05,0.09945,2419.2376130573098,-0.0012014145031571,-0.0802868232131004,111.3002339488794,0.0165249999999999,0.0051052053,0.08140027,-0.0014960649423301,1,46.67892962037609,188,5.241747015059643,5860.0,5865.0,1,269,1345
0.005017147,0.093838915,4.5159282e-05,0.08075,2356.9326796095097,0.0008111014030873,0.0558014288544654,-62.30493344780007,-0.0186999999999999,0.004876884,0.08340023,-0.0003903131000697,1,45.54629669078016,189,5.247024072160486,5865.0,5870.0,1,268,1340
0.0049097533,0.051227883,4.207272e-05,0.0776125,2264.690659605192,-0.0001073936000466,-0.0426110327243804,-92.24202000431796,-0.0031375,0.004710982,0.061034765,0.0007037078030407,1,63.48688036624657,190,5.25227342804663,5870.0,5875.0,1,267,1335
0.005659923,0.119093835,6.1882914e-05,0.1310125,2594.9902912326147,0.0007501696236431,0.0678659528493881,330.29963162742297,0.0534,0.005195608,0.08805355,0.0006427760235965,1,139.15533421299995,191,5.2574953720277815,5875.0,5880.0,1,266,1330
0.0062362878,0.059238464,7.178364e-05,0.0997625,2499.5020569554727,0.0005763648077845,-0.0598553717136383,-95.48823427714206,-0.03125,0.0056019886,0.07652006,0.0013265344314277,1,138.78530256165425,192,5.262690188904886,5880.0,5885.0,1,265,1325
0.005110908,0.061504155,4.4086864e-05,0.0946625,2421.629219295791,-0.0011253799311816,0.0022656917572021,-77.87283765968186,-0.0051,0.005669039,0.07994548,-0.0005490151233971,1,70.89604517540859,193,5.267858159063328,5885.0,5890.0,1,264,1320
0.0067137056,0.052330956,7.5671014e-05,0.098,2327.0963847236217,0.00160279776901,-0.0091731995344161,-94.53283457216912,0.0033375,0.0060203,0.05769119,0.0004774178378283,1,70.49377551334798,194,5.272999558563747,5890.0,5895.0,1,263,1315
0.008403777,0.07948755,0.00012290824,0.1438125,2630.920559594029,0.0016900715418159,0.0271565914154052,303.8241748704072,0.0458125,0.0067427964,0.06444088,0.003292869310826,1,126.95075649495216,195,5.278114659230518,5895.0,5900.0,1,262,1310
0.006363074,0.06906362,7.253652e-05,0.0986875,2485.0006036559835,-0.0020407033152878,-0.0104239284992218,-145.9199559380454,-0.045125,0.0071601854,0.06696071,-0.0003506317734718,1,124.06786007543708,196,5.2832037287379885,5900.0,5905.0,1,261,1305
0.006265318,0.09783453,7.312336e-05,0.0785,2180.997081789116,-9.77558083832264e-05,0.0287709087133407,-304.00352186686814,-0.0201874999999999,0.007010723,0.08212856,-0.002138459123671,1,187.42166088750815,197,5.288267030694535,5905.0,5910.0,1,260,1300
0.008924492,0.1729477,0.00015118044,0.0734,2087.392479315346,0.002659173682332,0.0751131772994995,-93.60460247376932,-0.0050999999999999,0.0071842945,0.11328194,0.0025614178739488,1,169.7292561219556,198,5.293304824724492,5910.0,5915.0,1,259,1295
0.013098558,0.16269284,0.00035973053,0.0862375,2150.7469014037465,0.0041740667074918,-0.0102548599243164,63.3544220884005,0.0128374999999999,0.009429456,0.14449169,0.0068332403898239,1,39.00238997773077,199,5.298317366548036,5915.0,5920.0,1,258,1290
0.010409256,0.106828585,0.000208147,0.078725,2070.2729210319826,-0.0026893019676208,-0.0558642596006393,-80.4739803717639,-0.0075124999999999,0.010810769,0.14748971,0.001484764739871,1,34.61361901340718,200,5.303304908059076,5920.0,5925.0,1,257,1285
0.0069282204,0.11634591,9.5169875e-05,0.0775875,2097.486372554363,-0.0034810360521078,0.0095173269510269,27.213451522380183,-0.0011374999999999,0.010145345,0.12862244,-0.0061703380197286,1,33.422077523617055,201,5.308267697401205,5925.0,5930.0,1,256,1280
0.003792779,0.11692317,3.38566e-05,0.092225,2382.6332400870187,-0.0031354413367807,0.0005772560834884,285.146867532656,0.0146374999999999,0.007043419,0.11336589,-0.0066164773888885,1,141.27132166611207,202,5.313205979041787,5930.0,5935.0,1,255,1275
0.0046187243,0.14314033,4.9160335e-05,0.080875,2292.031072186437,0.0008259452879428,0.0262171626091003,-90.60216790058166,-0.0113499999999999,0.0051132417,0.1254698,-0.0023094960488379,1,118.9608381157921,203,5.318119993844216,5935.0,5940.0,1,254,1270
0.0050585303,0.11328818,5.56517e-05,0.08545,2463.754356276691,0.0004398059099912,-0.0298521518707275,171.72328409025386,0.0045749999999999,0.004490011,0.124450564,0.0012657511979341,1,70.14134508966363,204,5.3230099791384085,5940.0,5945.0,1,253,1265
0.005147258,0.060933266,4.8530073e-05,0.07995,2230.8232371206186,8.872756734490395e-05,-0.0523549132049083,-232.93111915607236,-0.0055,0.004941504,0.105787255,0.0005285334773361,1,98.59693010968492,205,5.327876168789581,5945.0,5950.0,1,252,1260
0.0037738397,0.03175215,2.4112325e-05,0.098275,2483.262377170846,-0.0013734181411564,-0.0291811153292655,252.43914005022725,0.018325,0.004659876,0.06865787,-0.0012846905738115,1,114.67974178351612,206,5.332718793265369,5950.0,5955.0,1,251,1255
0.007801922,0.069789685,0.000109661654,0.0732,2130.908758528996,0.0040280823595821,0.038037534803152,-352.35361864185006,-0.025075,0.00557434,0.05415837,0.0026546642184257,1,148.27208287152388,207,5.337538079701318,5955.0,5960.0,1,250,1250
0.007029406,0.05481439,8.56524e-05,0.0729375,2050.1051762261386,-0.0007725162431597,-0.014975294470787,-80.8035823028572,-0.0002624999999999,0.006201723,0.052118737,0.0032555661164224,1,188.0624754977967,208,5.342334251964811,5960.0,5965.0,1,249,1245
0.0070947288,0.096485004,0.000102261874,0.0747,2114.884758167264,6.532296538352966e-05,0.0416706129908561,64.77958194112534,0.0017625,0.0073086857,0.07369636,-0.0007071932777762,1,34.9322864617858,209,5.3471075307174685,5965.0,5970.0,1,248,1240
0.0052930717,0.08187585,5.422949e-05,0.0872,2273.235605168085,-0.0018016570247709,-0.0146091505885124,158.35084700082098,0.0124999999999999,0.006472402,0.07772508,-0.0017363340593874,1,93.72452145763332,210,5.351858133476067,5970.0,5975.0,1,247,1235
0.004052916,0.03841211,2.7859736e-05,0.101225,2513.9418834525177,-0.0012401556596159,-0.0434637442231178,240.7062782844328,0.0140249999999999,0.005480239,0.07225765,-0.0030418126843869,1,164.06675213066677,211,5.356586274672012,5975.0,5980.0,1,246,1230
0.0056137894,0.07440767,6.3614425e-05,0.0927875,2216.717054338165,0.0015608733519911,0.0359955579042434,-297.2248291143528,-0.0084375,0.004986592,0.06489854,0.0003207176923751,1,128.87395135278214,212,5.3612921657094255,5980.0,5985.0,1,245,1225
0.006125456,0.05220276,6.450033e-05,0.06745,2070.177204493181,0.0005116667598485,-0.0222049057483673,-146.53984984498402,-0.0253375,0.0052640536,0.055007514,0.0020725401118397,1,184.61479925224785,213,5.365976015021851,5985.0,5990.0,1,244,1220
0.0047098147,0.09548934,4.0840252e-05,0.0805,2421.9183148020143,-0.0014156415127217,0.0432865768671035,351.7411103088334,0.01305,0.00548302,0.07403325,-0.0009039747528731,1,144.26183508923933,214,5.3706380281276624,5990.0,5995.0,1,243,1215
0.0063885115,0.08484352,7.784971e-05,0.08095,2074.993602739167,0.0016786968335509,-0.0106458216905593,-346.92471206284745,0.0004499999999999,0.005741261,0.07751187,0.0002630553208291,1,164.68885215367138,215,5.375278407684165,5995.0,6000.0,1,242,1210
0.0057702037,0.10530678,6.602535e-05,0.077375,2205.426492776512,-0.0006183078512549,0.0204632654786109,130.43289003734526,-0.0035749999999999,0.0056228433,0.09521321,0.0010603889822959,1,143.0765931813002,216,5.37989735354046,6000.0,6005.0,1,241,1205
0.005156523,0.056058466,4.3979006e-05,0.093325,2250.063248803234,-0.0006136805750429,-0.0492483153939247,44.63675602672174,0.01595,0.0057717464,0.08206958,-0.0012319884262979,1,74.27767704520127,217,5.384495062789089,6005.0,6010.0,1,240,1200
0.012260869,0.15492746,0.0002948633,0.0821375,2157.336660977863,0.007104346062988,0.0988689959049224,-92.72658782537064,-0.0111875,0.007729199,0.1054309,0.006490665487945,1,37.86421940558365,218,5.389071729816501,6010.0,6015.0,1,239,1195
0.006045658,0.06672518,6.8463305e-05,0.0845625,2330.1753934603075,-0.0062152110040187,-0.0882022827863693,172.83873248244436,0.0024249999999999,0.007821017,0.092570364,0.0008891350589692,1,70.62373165620593,219,5.393627546352361,6015.0,6020.0,1,238,1190
0.006265033,0.087366015,8.820145e-05,0.09165,2352.606700937,0.0002193748950958,0.0206408351659774,22.431307476692385,0.0070874999999999,0.00819052,0.10300622,-0.0059958361089229,1,87.24599927592652,220,5.3981627015177525,6020.0,6025.0,1,237,1185
0.0049535395,0.05981245,4.569213e-05,0.1179625,2509.604854472332,-0.0013114935718476,-0.0275535658001899,156.99815353533177,0.0263125,0.0057547432,0.071301214,-0.0010921186767518,1,79.82377482630307,221,5.402677381872279,6025.0,6030.0,1,236,1180
0.0038441918,0.034103632,2.5644928e-05,0.1166375,2723.935868622341,-0.0011093476787209,-0.0257088169455528,214.3310141500092,-0.0013249999999999,0.0050209216,0.060427368,-0.0024208412505686,1,152.19561776942896,222,5.407171771460119,6030.0,6035.0,1,235,1175
0.0069697006,0.09275402,9.871278e-05,0.0983375,2396.477738883854,0.0031255087815225,0.0586503893136978,-327.45812973848706,-0.0183,0.005255811,0.062223364,0.0020161611028015,1,135.79574311760703,223,5.4116460518550396,6035.0,6040.0,1,234,1170
0.008390604,0.10686221,0.00013223336,0.0779375,2123.805044396932,0.001420903019607,0.0141081884503364,-272.672694486922,-0.0203999999999999,0.0064014983,0.077906616,0.0045464118011295,1,245.34244349843723,224,5.41610040220442,6040.0,6045.0,1,233,1165
0.008640616,0.12597807,0.00016089427,0.0795,2152.893787873393,0.0002500126138329,0.0191158577799797,29.08874347646133,0.0015624999999999,0.008000307,0.10853144,0.00167091563344,1,122.26096610923162,225,5.420534999272286,6045.0,6050.0,1,232,1160
0.011354229,0.15647954,0.00029126735,0.0743625,2183.981635021008,0.0027136132121086,0.0305014699697494,31.087847147614863,-0.0051375,0.009461816,0.12977327,0.0029636258259415,1,24.57150856050445,226,5.424950017481403,6050.0,6055.0,1,231,1155
0.0058202967,0.14946795,7.014591e-05,0.0748125,2202.653386552257,-0.0055339327082037,-0.007011592388153,18.6717515312489,0.00045,0.008605047,0.14397518,-0.0028203194960951,1,20.52398652579665,227,5.429345628954441,6055.0,6060.0,1,230,1150
0.0072800363,0.08236542,0.00010575781,0.0718375,2241.834957811342,0.0014597396366298,-0.0671025216579437,39.1815712590851,-0.002975,0.008151521,0.12943764,-0.0040741930715739,1,24.108174707297103,228,5.43372200355424,6060.0,6065.0,1,229,1145
0.006674022,0.07275687,8.523453e-05,0.0866375,2182.2084066692123,-0.00060601439327,-0.0096085518598556,-59.62655114212976,0.0148,0.006591452,0.101530075,0.0008537252433598,1,24.73979773979542,229,5.438079308923196,6065.0,6070.0,1,228,1140
0.006212156,0.20994593,0.000111237096,0.10145,2409.5344193639967,-0.0004618661478161,0.1371890604496002,227.3260126947844,0.0148124999999999,0.0067220717,0.12168941,-0.0010678805410861,1,96.23787141699384,230,5.442417710521793,6070.0,6075.0,1,227,1135
0.0048275515,0.054728106,4.1820662e-05,0.08655,2295.9080201909824,-0.0013846042566001,-0.1552178263664245,-113.6263991730143,-0.0148999999999999,0.0059045763,0.11247697,-0.0018464704044163,1,92.80545766502595,231,5.44673737166631,6075.0,6080.0,1,226,1130
0.0075650266,0.1139479,0.0001205419,0.0799125,2059.1002099237407,0.0027374750934541,0.0592197924852371,-236.8078102672416,-0.0066375,0.0062015783,0.1262073,0.0013528708368539,1,145.98060477664995,232,5.4510384535657,6080.0,6085.0,1,225,1125
0.0102016255,0.14961499,0.00024612836,0.08345,2221.2766687101216,0.0026365988887846,0.0356670916080474,162.17645878638086,0.0035374999999999,0.0075314012,0.106097005,0.0053740739822387,1,98.8539784013192,233,5.455321115357702,6085.0,6090.0,1,224,1120
0.010573399,0.11657945,0.00020483107,0.08155,2124.2585372254725,0.0003717737272381,-0.0330355390906333,-97.01813148464907,-0.0018999999999999,0.009446684,0.12671411,0.0030083726160228,1,66.6327657454757,234,5.459585514144159,6090.0,6095.0,1,223,1115
0.009949237,0.13523147,0.00018591028,0.08925,2247.48547108041,-0.0006241621449589,0.0186520144343376,123.22693385493768,0.0076999999999999,0.01024142,0.13380863,-0.0002523884177207,1,53.00345521834369,235,5.4638318050256105,6095.0,6100.0,1,222,1110
0.013546384,0.13320377,0.00033224458,0.06845,1990.221370228303,0.0035971468314528,-0.002027690410614,-257.2641008521073,-0.0208,0.01135634,0.12833823,0.0029729846864938,1,105.0585323369573,236,5.4680601411351315,6100.0,6105.0,1,221,1105
0.0113424035,0.10764466,0.00023350849,0.083675,2109.962328334117,-0.0022039804607629,-0.0255591124296188,119.74095810581412,0.015225,0.011612675,0.12535997,0.0013931663706898,1,105.11122649955082,237,5.472270673671475,6105.0,6110.0,1,220,1100
0.009162745,0.14511406,0.00018516394,0.0894875,2136.51405980254,-0.0021796580404043,0.0374694019556045,26.55173146842253,0.0058124999999999,0.011350512,0.12865417,-0.0043836385011672,1,63.6347585966921,238,5.476463551931511,6110.0,6115.0,1,219,1095
0.009823105,0.11095875,0.00018662467,0.0675625,2019.799203940369,0.0006603598594665,-0.0341553166508674,-116.71485586217044,-0.021925,0.010109418,0.12123916,-0.0015192981809377,1,49.95191134519157,239,5.480638923341991,6115.0,6120.0,1,218,1090
0.009190811,0.23896122,0.00017735422,0.0686125,1987.6911398594768,-0.0006322944536805,0.1280024647712707,-32.10806408089252,0.00105,0.0093922205,0.16501135,2.8065405786037445e-05,1,63.94576422278948,240,5.484796933490655,6120.0,6125.0,1,217,1085
0.008412708,0.1532493,0.00015061285,0.0778875,2176.418996098398,-0.0007781032472848,-0.0857119262218475,188.7278562389215,0.0092749999999999,0.009142208,0.1677231,-0.0014103977009654,1,82.44788980197393,241,5.488937726156687,6125.0,6130.0,1,216,1080
0.005422604,0.052634947,5.2416963e-05,0.0935875,2322.384405669088,-0.0029901037923991,-0.100614346563816,145.96540957068964,0.0157,0.007675374,0.14828183,-0.003768207039684,1,137.00919948430925,242,5.493061443340548,6130.0,6135.0,1,215,1075
0.005722328,0.046918474,5.4856395e-05,0.0737375,2190.689989148526,0.0002997242845594,-0.005716472864151,-131.69441652056184,-0.01985,0.0065192133,0.08426758,-0.0026903795078396,1,65.70386541687314,243,5.497168225293202,6135.0,6140.0,1,214,1070
0.0059543885,0.040587924,5.909175e-05,0.07615,2067.350986008753,0.0002320604398846,-0.0063305497169494,-123.339003139773,0.0024124999999999,0.005699774,0.04671378,0.0005317847244441,1,104.13558159216636,244,5.501258210544727,6140.0,6145.0,1,213,1065
0.007602235,0.04893393,9.5662595e-05,0.0788125,2072.428125027488,0.0016478463076055,0.0083460062742233,5.077139018735124,0.0026624999999999,0.006426317,0.045480113,0.0018799067474901,1,56.98358003408752,245,5.5053315359323625,6145.0,6150.0,1,212,1060
0.006683756,0.054537818,7.593469e-05,0.0788125,2151.624658793818,-0.0009184787049889,0.0056038871407508,79.19653376633005,0.0,0.006746793,0.04801989,0.0007293676026165,1,38.58600815192133,246,5.5093883366279774,6150.0,6155.0,1,211,1055
0.006025282,0.067452125,6.21699e-05,0.0840625,2307.893620461155,-0.0006584739312529,0.0129143074154853,156.26896166733695,0.00525,0.0067704245,0.056974623,-0.0015769526362419,1,97.82982894405716,247,5.5134287461649825,6155.0,6160.0,1,210,1050
0.0070636156,0.352175,0.0001803981,0.08595,2221.226772862389,0.0010383334010839,0.2847228646278381,-86.6668475987658,0.0018875,0.0065908846,0.15805498,0.0003798594698309,1,63.92320491210069,248,5.517452896464707,6160.0,6165.0,1,209,1045
0.007707253,0.06265908,0.000102725004,0.0689625,2069.262634865649,0.000643637496978,-0.2895159125328064,-151.9641379967402,-0.0169875,0.00693205,0.16076207,0.0016819708980619,1,98.6289280282878,249,5.521460917862246,6165.0,6170.0,1,208,1040
0.005380317,0.03556502,4.815036e-05,0.0915875,2263.64076465264,-0.0023269359953701,-0.0270940586924552,194.3781297869909,0.022625,0.006717062,0.15013303,-0.0016832984983921,1,83.44985405497127,250,5.5254529391317835,6170.0,6175.0,1,207,1035
0.0070017427,0.055170007,8.193377e-05,0.074575,2150.22408933837,0.0016214256174862,0.0196049883961677,-113.41667531426992,-0.0170125,0.006696438,0.051131368,-0.0007055103778839,1,79.72240497094994,251,5.529429087511423,6175.0,6180.0,1,206,1030
0.007829853,0.15187666,0.00014942538,0.09645,2447.331550802696,0.0008281106129288,0.0967066511511802,297.1074614643257,0.0218749999999999,0.0067373044,0.08087056,0.0024495362304151,1,122.41935704488344,252,5.53338948872752,6180.0,6185.0,1,205,1025
0.00620175,0.048975796,6.583734e-05,0.10045,2333.258480335612,-0.0016281032003462,-0.1029008626937866,-114.07307046708412,0.004,0.0070111156,0.08534082,-0.0007999925874173,1,122.3778744305682,253,5.537334267018537,6185.0,6190.0,1,204,1020
0.006474405,0.05515057,7.231437e-05,0.0863625,2317.408258342188,0.000272654928267,0.0061747729778289,-15.85022199342393,-0.0140875,0.0068353363,0.08533434,-0.0013554482720792,1,57.873383698868246,254,5.541263545158426,6190.0,6195.0,1,203,1015
0.005678963,0.052013054,5.565477e-05,0.0831,2298.9048512508243,-0.0007954421453177,-0.0031375139951705,-18.50340709136344,-0.0032625,0.0061183725,0.052046474,-0.0005227872170507,1,14.038745759601996,255,5.545177444479562,6195.0,6200.0,1,202,1010
0.008911638,0.092353225,0.00016957948,0.0777875,2211.4149209467137,0.0032326746731996,0.040340170264244,-87.48993030411066,-0.0053124999999999,0.007021669,0.06650562,0.0024372325278818,1,46.22583639149296,256,5.54907608489522,6200.0,6205.0,1,201,1005
0.005605351,0.052637182,5.6683446e-05,0.0961625,2375.8330652569384,-0.0033062864094972,-0.0397160425782203,164.41814431022476,0.018375,0.0067319837,0.065667816,-7.361173629760742e-05,1,67.16957329790735,257,5.552959584921617,6205.0,6210.0,1,200,1000
0.012582545,0.20186886,0.00033385993,0.088475,2134.985064358192,0.0069771939888596,0.1492316722869873,-240.84800089874625,-0.0076875,0.009033178,0.11561976,0.0036709075793623,1,100.48914186422904,258,5.556828061699537,6210.0,6215.0,1,199,995
0.009126737,0.14156994,0.00020047848,0.0823,2146.656182714821,-0.0034558083862066,-0.0602989196777343,11.671118356628996,-0.006175,0.009104878,0.13202533,0.003521385602653,1,110.8883412528819,259,5.560681631015528,6215.0,6220.0,1,198,990
0.00910604,0.1812731,0.00020142744,0.09095,2310.910119541762,-2.069678157567978e-05,0.0397031605243682,164.25393682694084,0.00865,0.010271774,0.17490397,-0.0034765051677823,1,80.32240299649712,260,5.564520407322694,6220.0,6225.0,1,197,985
0.009018027,0.1494619,0.00017054245,0.081925,2175.601317494842,-8.801277726888657e-05,-0.0318112075328826,-135.30880204691994,-0.009025,0.009083602,0.15743499,-0.0001087095588445,1,71.58960857395965,261,5.568344503761097,6225.0,6230.0,1,196,980
0.007165892,0.13513756,0.00011609087,0.1001625,2295.8214159408217,-0.0018521351739764,-0.0143243372440338,120.2200984459796,0.0182375,0.008429986,0.15529086,-0.0019401479512453,1,60.54292596358629,262,5.572154032177765,6230.0,6235.0,1,195,975
0.0061616274,0.05654604,6.88938e-05,0.0862625,2296.101984267251,-0.0010042646899819,-0.0785915181040763,0.2805683264291474,-0.0138999999999999,0.0074485154,0.113715164,-0.0028563998639583,1,56.73854410220614,263,5.575949103146316,6235.0,6240.0,1,194,970
0.008874216,0.08493212,0.00015082528,0.08185,2177.396812603078,0.0027125887572765,0.028386078774929,-118.70517166417268,-0.0044125,0.0074005784,0.092205234,0.0017083240672945,1,55.89214134196167,264,5.579729825986222,6240.0,6245.0,1,193,965
0.009897264,0.083900616,0.00018159403,0.076925,2070.043898394536,0.0010230476036667,-0.0010315030813217,-107.3529142085422,-0.004925,0.008311036,0.07512625,0.0037356363609433,1,92.32660875471927,265,5.583496308781699,6245.0,6250.0,1,192,960
0.011459365,0.1423969,0.00029839287,0.0731,2096.580185681921,0.0015621008351445,0.058496281504631,26.53628728738522,-0.0038249999999999,0.010076948,0.10374322,0.0025851484388113,1,45.65589887526855,266,5.58724865840025,6250.0,6255.0,1,191,955
0.011565824,0.17936926,0.0002859605,0.080425,2133.3050564663126,0.0001064594835042,0.0369723588228225,36.72487078439144,0.0073249999999999,0.01097415,0.13522226,0.0016685603186488,1,25.937670583559445,267,5.5909869805108565,6255.0,6260.0,1,190,950
0.011289139,0.18558213,0.00023977738,0.078575,2033.4254302407812,-0.0002766847610473,0.0062128752470016,-99.87962622553118,-0.0018499999999999,0.011438109,0.1691161,-0.000170225277543,1,41.24881008911683,268,5.594711379601839,6260.0,6265.0,1,189,945
0.017016113,0.29717478,0.0006154791,0.0919,2217.581680403436,0.0057269735261797,0.1115926504135131,184.15625016265471,0.0133249999999999,0.013290358,0.22070873,0.0054502887651324,1,75.27137094182875,269,5.598421958998375,6265.0,6270.0,1,188,940
0.012165348,0.13257095,0.0002863565,0.0982875,2290.4362835568586,-0.0048507647588849,-0.1646038293838501,72.85460315342243,0.0063875,0.0134902,0.20510928,0.0008762087672948,1,108.15415767262284,270,5.602118820879701,6270.0,6275.0,1,187,935
0.010303505,0.1453037,0.00021773139,0.074375,2238.030629946748,-0.0018618432804942,0.0127327442169189,-52.40565361011068,-0.0239125,0.0131616555,0.19168313,-0.0067126080393791,1,30.68170875360701,271,5.605802066295998,6275.0,6280.0,1,186,930
0.010404207,0.08986083,0.00021081955,0.096175,2234.491937899526,0.000100702047348,-0.0554428696632385,-3.538692047221957,0.0218,0.010957687,0.122578494,-0.0017611412331461,1,25.57916835311954,272,5.60947179518496,6280.0,6285.0,1,185,925
0.0099852765,0.10418765,0.00018562954,0.0912375,2253.4224354002376,-0.0004189303144812,0.0143268257379531,18.93049750071168,-0.0049374999999999,0.010230996,0.1131174,-0.0003182282671332,1,8.21782447655771,273,5.6131281063880705,6285.0,6290.0,1,184,920
0.008698327,0.17386419,0.00019399055,0.083175,2289.945024736497,-0.0012869499623775,0.0696765333414077,36.5225893362599,-0.0080625,0.009695936,0.12263755,-0.0017058802768588,1,23.01523193017627,274,5.616771097666572,6290.0,6295.0,1,183,915
0.011161813,0.21036255,0.0003022905,0.0889,2255.5547523796718,0.0024634860455989,0.0364983677864074,-34.390272356826245,0.005725,0.0099484725,0.1628048,0.0011765360832214,1,16.73697550104277,275,5.62040086571715,6295.0,6300.0,1,182,910
0.01467981,0.31864864,0.00055536034,0.1008,2305.9029245965016,0.0035179974511265,0.1082860827445983,50.348172216830335,0.0118999999999999,0.011513316,0.23429179,0.0059814834967255,1,21.008685627865155,276,5.6240175061873385,6300.0,6305.0,1,181,905
0.014207355,0.28006172,0.00041803045,0.0923125,2186.68662295278,-0.0004724552854895,-0.0385869145393371,-119.21630164372164,-0.0084874999999999,0.01334966,0.26969096,0.003045542165637,1,48.865216297191154,277,5.627621113690637,6305.0,6310.0,1,180,900
0.009356346,0.087393686,0.00015042169,0.0897,2235.756145227216,-0.0048510087653994,-0.1926680356264114,49.06952227443571,-0.0026125,0.012747836,0.22870135,-0.005323464050889,1,48.922745505009615,278,5.631211781821365,6310.0,6315.0,1,179,895
0.0074150185,0.060356453,9.263059e-05,0.083125,2262.85379914046,-0.001941327471286,-0.0270372331142425,27.097653913243903,-0.0065749999999999,0.01032624,0.14260395,-0.0067923362366855,1,31.52342972077949,279,5.634789603169249,6315.0,6320.0,1,178,890
0.007707633,0.06221248,0.0001007532,0.0933125,2425.3811557736503,0.0002926145680248,0.0018560253083705,162.52735663319072,0.0101875,0.008159666,0.06998754,-0.0016487129032611,1,83.7370680738954,280,5.638354669333745,6320.0,6325.0,1,177,885
0.007305568,0.12579666,0.00010185623,0.094625,2373.669202798863,-0.0004020649939775,0.0635841786861419,-51.71195297478744,0.0013124999999999,0.007476073,0.082788534,-0.0001094504259526,1,67.79816567709864,281,5.641907070938114,6325.0,6330.0,1,176,880
0.010432244,0.15595041,0.00021119833,0.09645,2292.040691318996,0.0031266761943697,0.030153751373291,-81.62851147986703,0.0018249999999999,0.008481815,0.11465319,0.0027246112003922,1,54.89082034959983,282,5.645446897643238,6330.0,6335.0,1,175,875
0.009158461,0.1007964,0.00017106596,0.0918,2355.0616910689405,-0.0012737829238176,-0.0551540106534957,63.02099974994462,-0.0046499999999999,0.008965425,0.1275145,0.0018528932705521,1,34.930247619252256,283,5.648974238161206,6335.0,6340.0,1,174,870
0.009331137,0.13523395,0.00017325002,0.0791875,2184.9414489835617,0.0001726755872368,0.0344375520944595,-170.12024208537878,-0.0126125,0.0096406145,0.13066025,-0.0011011073365807,1,70.22407855927611,284,5.652489180268651,6340.0,6345.0,1,173,865
0.009226503,0.15719435,0.00016085607,0.0918875,2315.6108302332973,-0.000104634091258,0.0219603925943374,130.66938124973558,0.0127,0.0092387,0.1310749,6.804149597883224e-05,1,72.70316696758579,285,5.655991810819852,6345.0,6350.0,1,172,860
0.011973501,0.1520616,0.00028373057,0.0786875,2273.565331194043,0.0027469983324408,-0.0051327496767044,-42.04549903925408,-0.0132,0.010177047,0.1481633,0.0026423642411828,1,54.463549159767766,286,5.659482215759621,6350.0,6355.0,1,171,855
0.008848129,0.10526354,0.00013793098,0.0887625,2352.869485594256,-0.0031253723427653,-0.0467980578541755,79.30415440021261,0.010075,0.010016045,0.13817316,-0.0003783740103244,1,32.39543914040878,287,5.662960480135946,6355.0,6360.0,1,170,850
0.007803766,0.105959274,0.00011557385,0.0931,2424.0464712416915,-0.001044362783432,0.0006957352161407,71.17698564743569,0.0043375,0.009541799,0.1210948,-0.0041697351261973,1,61.46352640299771,288,5.666426688112432,6360.0,6365.0,1,169,845
0.007832654,0.1395093,0.00014443693,0.09255,2512.301197829632,2.8887763619422916e-05,0.0335500314831733,88.25472658794024,-0.00055,0.008161516,0.1169107,-0.0010154750198125,1,65.2120736241645,289,5.66988092298052,6365.0,6370.0,1,168,840
0.006466563,0.053434078,7.568959e-05,0.1112625,2358.2603795055834,-0.0013660909608006,-0.0860752314329147,-154.04081832404836,0.0187125,0.0073676608,0.09963422,-0.0013372031971812,1,63.109499497096486,290,5.673323267171493,6370.0,6375.0,1,167,835
0.007553996,0.06117226,0.00010487383,0.0873625,2187.802431753626,0.0010874331928789,0.0077381841838359,-170.45794775195736,-0.0239,0.0072844042,0.08470521,-0.0002786577679216,1,132.53256826011642,291,5.676753802268282,6375.0,6380.0,1,166,830
0.007360389,0.10835792,0.000125578,0.08685,2283.1769618415137,-0.0001936070621013,0.0471856594085693,95.3745300878877,-0.0005124999999999,0.007126983,0.07432142,0.0008938261307775,1,69.7533213461804,292,5.680172609017068,6380.0,6385.0,1,165,825
0.009339491,0.11502263,0.00017394438,0.0780875,2252.842534460024,0.0019791019149124,0.0066647082567214,-30.334427381489604,-0.0087624999999999,0.008084625,0.094850935,0.001785494852811,1,39.78650445971609,293,5.683579767338681,6385.0,6390.0,1,164,820
0.006662021,0.07764955,8.764993e-05,0.0947,2480.3780945079,-0.0026774699799716,-0.0373730808496475,227.5355600478761,0.0166125,0.0077873003,0.10034337,-0.0006983680650591,1,100.874451834264,294,5.68697535633982,6390.0,6395.0,1,163,815
0.0085132,0.100430705,0.00014655094,0.0735125,2081.5161339265183,0.0018511791713535,0.0227811560034751,-398.86196058138194,-0.0211875,0.0081715705,0.09770096,-0.000826290808618,1,163.37279462250058,295,5.69035945432406,6395.0,6400.0,1,162,810
0.008902832,0.11865215,0.00015703091,0.0924,2323.269731342198,0.0003896318376064,0.0182214453816413,241.7535974156799,0.0188875,0.008026018,0.09891081,0.00224081100896,1,164.05239787568303,296,5.6937321388027,6400.0,6405.0,1,161,805
0.008899784,0.14726284,0.0001560055,0.0780625,2212.058544657613,-3.048218786716461e-06,0.0286106914281845,-111.2111866845853,-0.0143374999999999,0.008771938,0.12211523,0.0003865836188197,1,98.80061341841856,297,5.697093486505405,6405.0,6410.0,1,160,800
0.011228497,0.14980014,0.00024925088,0.0835625,2198.165186002878,0.0023287134245038,0.0025372952222824,-13.89335865473504,0.0054999999999999,0.009677038,0.1385717,0.002325665205717,1,55.98819391727037,298,5.700443573390686,6410.0,6415.0,1,159,795
0.009266849,0.07209514,0.00015035484,0.088225,2494.141913434019,-0.0019616484642028,-0.0777049958705902,295.9767274311412,0.0046625,0.009798377,0.123052716,0.0003670649603009,1,136.36807851294031,299,5.703782474656201,6415.0,6420.0,1,158,790
0.006147166,0.0787586,7.081063e-05,0.1125125,2523.7114773363005,-0.003119682893157,0.0066634565591812,29.56956390228152,0.0242875,0.008880838,0.10021796,-0.0050813313573598,1,146.9909181212548,300,5.707110264748875,6420.0,6425.0,1,157,785
0.010347461,0.18292785,0.00023702254,0.07525,2103.348163109835,0.0042002955451607,0.1041692495346069,-420.3633142264657,-0.0372625,0.008587158,0.11126053,0.0010806126520037,1,191.572275409242,301,5.71042701737487,6425.0,6430.0,1,156,780
0.009055211,0.21489212,0.00021367407,0.077375,2279.0707602760544,-0.0012922501191496,0.0319642722606658,175.72259716621966,0.002125,0.008516613,0.15885952,0.002908045426011,1,172.3796931666486,302,5.713732805509369,6430.0,6435.0,1,155,775
0.012494986,0.23866801,0.00042879482,0.0899125,2358.145056955687,0.003439774736762,0.023775890469551,79.07429667963243,0.0125375,0.010632552,0.21216266,0.0021475246176123,1,106.48559248592922,303,5.717027701406222,6435.0,6440.0,1,154,770
0.008977431,0.115889184,0.0001675319,0.1020875,2326.865548548891,-0.0035175550729036,-0.1227788254618644,-31.279508406795685,0.0121749999999999,0.010175876,0.18981643,-7.77803361415863e-05,1,32.515797575254986,304,5.720311776607412,6440.0,6445.0,1,153,765
0.0060332846,0.0680895,7.0698225e-05,0.08245,2294.3446796733774,-0.0029441462829709,-0.0477996841073036,-32.52086887551377,-0.0196375,0.009168567,0.14088224,-0.0064617013558745,1,26.048038313756184,305,5.723585101952381,6445.0,6450.0,1,152,760
0.010110557,0.09464578,0.00020790394,0.0811125,2156.166482080434,0.0040772724896669,0.0265562832355499,-138.17819759294343,-0.0013374999999999,0.008373757,0.092874825,0.001133126206696,1,74.00374802494477,306,5.726847747587197,6450.0,6455.0,1,151,755
0.011274108,0.2184625,0.00026179917,0.088675,2328.736447000284,0.0011635506525635,0.1238167136907577,172.56996491985,0.0075625,0.009139317,0.12706593,0.0052408231422305,1,74.57762603290976,307,5.730099782973575,6455.0,6460.0,1,150,750
0.009418349,0.16168495,0.00018177772,0.0799,2222.1997056792334,-0.0018557589501142,-0.0567775517702102,-106.5367413210506,-0.008775,0.010267671,0.1582644,-0.0006922082975506,1,71.095285562246,308,5.733341276897746,6460.0,6465.0,1,149,745
0.009664224,0.21633118,0.00020583057,0.0693,2103.822984879643,0.0002458756789565,0.0546462386846542,-118.3767207995902,-0.0105999999999999,0.010118893,0.19882621,-0.0016098832711577,1,91.86293577430423,309,5.736572297479192,6465.0,6470.0,1,148,740
0.0071702707,0.0755584,9.307583e-05,0.0890125,2376.7426839328896,-0.0024939537979662,-0.1407727897167205,272.9196990532464,0.0197124999999999,0.008750948,0.1511915,-0.0022480781190097,1,111.7446206938386,310,5.739792912179234,6470.0,6475.0,1,147,735
0.009563267,0.120244905,0.00018229474,0.07445,2165.747022961924,0.0023929965682327,0.0446865037083625,-210.99566097096567,-0.0145624999999999,0.008799254,0.13737816,-0.0001009572297334,1,116.82794451305304,311,5.7430031878094825,6475.0,6480.0,1,146,730
0.009976447,0.19542956,0.0002286405,0.078875,2157.702447908136,0.000413179397583,0.0751846581697464,-8.044575053788321,0.0044249999999999,0.008903328,0.13041095,0.0028061759658157,1,101.41362451430209,312,5.746203190540153,6480.0,6485.0,1,145,725
0.0077291145,0.08569993,0.00011515965,0.08005,2073.2893645664312,-0.0022473321296274,-0.1097296327352523,-84.41308334170435,0.0011749999999999,0.00908961,0.13379146,-0.0018341527320444,1,41.81799509385506,313,5.749392985908253,6485.0,6490.0,1,144,720
0.004842861,0.058374327,4.3116048e-05,0.1029875,2408.9434313222123,-0.0028862534090876,-0.0273256041109561,335.65406675578106,0.0229375,0.0075161406,0.113167934,-0.0051335855387151,1,142.5604171788307,314,5.752572638825633,6490.0,6495.0,1,143,715
0.009979129,0.17365837,0.00022969564,0.0826625,2295.20769365466,0.00513626774773,0.1152840405702591,-113.73573766755273,-0.0203249999999999,0.0075170347,0.105910875,0.0022500143386423,1,139.38245359752182,315,5.755742213586912,6495.0,6500.0,1,142,710
0.0073825773,0.10429014,0.00010258181,0.086,2385.358774903721,-0.0025965515524148,-0.069368228316307,90.15108124906146,0.0033374999999999,0.0074015222,0.11210761,0.0025397161953151,1,49.01164429844484,316,5.75890177387728,6500.0,6505.0,1,141,705
0.008776881,0.10650971,0.00016868568,0.0797,2121.7540779619058,0.0013943035155534,0.0022195652127265,-263.6046969418153,-0.0063,0.008712863,0.12815274,-0.0012022480368614,1,109.39267215812276,317,5.762051382780177,6505.0,6510.0,1,140,700
0.0071677146,0.15646967,0.00013492734,0.0939625,2268.696176434777,-0.0016091661527752,0.0499599650502204,146.94209847287175,0.0142625,0.007775724,0.12242317,-0.0002148626372218,1,107.85256316684436,318,5.765191102784844,6510.0,6515.0,1,139,695
0.0110569075,0.19029315,0.0002851297,0.0786625,2067.544615075956,0.0038891928270459,0.033823475241661,-201.15156135882216,-0.0153,0.009000502,0.15109085,0.0022800266742706,1,84.97881880346314,319,5.768320995793772,6515.0,6520.0,1,138,690
0.015305821,0.2493053,0.00056213635,0.077025,2191.711393534341,0.0042489133775234,0.0590121448040008,124.16677845838558,-0.0016375,0.011176814,0.19868939,0.0081381062045693,1,82.86937264826504,320,5.771441123130016,6520.0,6525.0,1,137,685
0.008448692,0.14052981,0.000151578,0.0818375,2239.424589577511,-0.0068571288138628,-0.1087754815816879,47.71319604317023,0.0048124999999999,0.011603807,0.19337608,-0.0026082154363393,1,72.446657452258,321,5.7745515455444085,6525.0,6530.0,1,136,680
0.012257677,0.16141395,0.00036426514,0.095825,2407.2728557169376,0.0038089845329523,0.0208841413259506,167.8482661394264,0.0139875,0.0120040625,0.18374969,-0.0030481442809104,1,92.44598032302416,322,5.777652323222656,6530.0,6535.0,1,135,675
0.010989044,0.22075817,0.00036233355,0.107075,2358.70092501349,-0.00126863270998,0.0593442171812057,-48.57193070344738,0.01125,0.010565137,0.17423399,0.0025403518229722,1,70.52116868423143,323,5.780743515792329,6535.0,6540.0,1,134,670
0.010688892,0.13047728,0.0002517093,0.077325,2214.229790400033,-0.0003001522272825,-0.0902808904647827,-144.47113461345725,-0.02975,0.011311871,0.17088313,-0.0015687849372625,1,81.98696797235988,324,5.783825182329737,6540.0,6545.0,1,133,665
0.007522086,0.07183716,0.00010500002,0.0724,2120.598536881551,-0.0031668054871261,-0.0586401224136352,-93.63125351848204,-0.0049249999999999,0.009733341,0.1410242,-0.0034669577144086,1,97.9407233461334,325,5.786897381366708,6545.0,6550.0,1,132,660
0.0066757593,0.13300002,0.00011492509,0.1065,2454.1374019735968,-0.000846326816827,0.0611628592014312,333.53886509204585,0.0340999999999999,0.008295579,0.11177149,-0.0040131323039531,1,140.4637747895893,326,5.7899601708972535,6550.0,6555.0,1,131,655
0.008988961,0.11907651,0.0001562207,0.083975,2300.5379252925723,0.002313201315701,-0.0139235034584999,-153.5994766810245,-0.022525,0.0077289357,0.10797123,0.0014668744988739,1,136.30813021537594,327,5.793013608384144,6555.0,6560.0,1,130,650
0.008079136,0.09082897,0.00012753953,0.0885,2272.717088702684,-0.0009098248556256,-0.0282475426793098,-27.82083658988813,0.004525,0.007914619,0.11430184,0.0014033764600753,1,79.77755758814068,328,5.796057750765372,6560.0,6565.0,1,129,645
0.0058020544,0.17934878,7.100203e-05,0.100575,2741.410326422432,-0.0022770813666284,0.088519811630249,468.6932377197477,0.012075,0.0076233833,0.12975143,-0.003186906222254,1,214.68732408649797,329,5.799092654460526,6565.0,6570.0,1,128,640
0.009475935,0.19862494,0.00017421116,0.0930625,2466.137959698451,0.0036738808266818,0.0192761570215225,-275.27236672398067,-0.0075124999999999,0.007785708,0.15626757,0.0013967994600534,1,192.31336126887712,330,5.802118375377063,6570.0,6575.0,1,127,635
0.0073305727,0.057158083,9.0604924e-05,0.087425,2260.213940563689,-0.0021453625522553,-0.1414668560028076,-205.92401913476212,-0.0056375,0.0075361873,0.14504394,0.0015285182744264,1,197.1264510414999,331,5.805134968916488,6575.0,6580.0,1,126,630
0.009375613,0.101121865,0.00017480997,0.0881375,2251.967637321682,0.0020450404845178,0.0439637824892997,-8.246303242006888,0.0007124999999999,0.008727374,0.1189683,-0.0001003220677375,1,99.07439974346002,332,5.808142489980444,6580.0,6585.0,1,125,625
0.009872633,0.16379307,0.0002341822,0.0762875,2048.712260807824,0.0004970198497176,0.0626712068915367,-203.2553765138582,-0.01185,0.0088596055,0.10735768,0.0025420603342354,1,97.81712536866488,333,5.8111409929767,6585.0,6590.0,1,124,620
0.016017497,0.31492865,0.00074759685,0.0859125,2336.316107662401,0.0061448635533452,0.151135578751564,287.6038468545776,0.009625,0.011755248,0.19328119,0.0066418834030628,1,120.71241547862644,334,5.814130531825066,6590.0,6595.0,1,123,615
0.011048978,0.14836456,0.0002572475,0.0842,2270.0342518693856,-0.0049685183912515,-0.1665640920400619,-66.2818557930159,-0.0017125,0.012313035,0.20902877,0.0011763451620936,1,122.9691383416413,335,5.817111159963204,6595.0,6600.0,1,122,610
0.005354972,0.07338348,5.9491766e-05,0.095075,2512.058304962949,-0.0056940061040222,-0.074981078505516,242.02405309356345,0.010875,0.010807149,0.17889221,-0.0106625240296125,1,102.11880150928066,336,5.820082930352362,6600.0,6605.0,1,121,605
0.007011699,0.08919036,9.257986e-05,0.087475,2220.5516949810108,0.0016567269340157,0.0158068761229515,-291.50660998193825,-0.0076,0.0078052166,0.10364613,-0.0040372791700065,1,127.36660532808833,337,5.823045895483019,6605.0,6610.0,1,120,600
0.006403476,0.06480572,7.05885e-05,0.0939625,2312.2701678893577,-0.0006082230247557,-0.0243846401572227,91.71847290834694,0.0064875,0.006256716,0.075793184,0.00104850390926,1,121.7025890581613,338,5.82600010738045,6610.0,6615.0,1,119,595
0.004974872,0.083258405,4.555612e-05,0.0833875,2355.104627823067,-0.0014286041259765,0.0184526890516281,42.83445993370924,-0.010575,0.0061300155,0.07908483,-0.0020368271507322,1,56.126405913448416,339,5.8289456176102075,6615.0,6620.0,1,118,590
0.003915457,0.029811788,2.5998006e-05,0.0871875,2390.5648451074785,-0.0010594148188829,-0.0534466169774532,35.46021728441156,0.0037999999999999,0.005097935,0.05929197,-0.0024880189448595,1,32.01089128607454,340,5.831882477283517,6620.0,6625.0,1,117,585
0.0058750906,0.20758197,7.312476e-05,0.09725,2332.2224480744285,0.0019596335478127,0.1777701824903488,-58.34239703305002,0.0100625,0.0049218065,0.106884055,0.0009002187289297,1,24.001982444671164,341,5.834810737062605,6625.0,6630.0,1,116,580
0.010047832,0.14379534,0.00020035038,0.08605,2233.2610308174453,0.0041727409698069,-0.0637866258621215,-98.96141725698315,-0.0112,0.0066127926,0.12706304,0.0061323745176196,1,64.92875359214558,342,5.83773044716594,6630.0,6635.0,1,115,575
0.006279465,0.053647712,7.062122e-05,0.0771375,2182.2407141125877,-0.0037683667615056,-0.0901476293802261,-51.02031670485803,-0.0089125,0.007400796,0.13500834,0.0004043742083013,1,62.26373596277125,343,5.840641657373398,6635.0,6640.0,1,114,570
0.0055590402,0.038307734,5.163751e-05,0.078025,2214.768538019702,-0.0007204245775938,-0.0153399780392646,32.52782390711536,0.0008874999999999,0.007295445,0.0785836,-0.0044887913390994,1,21.090030121339023,344,5.84354441703136,6640.0,6645.0,1,113,565
0.004556674,0.18089584,4.706318e-05,0.0972375,2463.159715441488,-0.0010023661889135,0.1425881087779998,248.3911774217854,0.0192125,0.00546506,0.09095043,-0.0017227907665073,1,125.46434715210717,345,5.846438775057724,6645.0,6650.0,1,112,560
0.0064135254,0.056913316,7.182335e-05,0.082625,2243.776644955544,0.0018568513914942,-0.1239825189113617,-219.38307048594424,-0.0146125,0.0055097467,0.09203896,0.0008544852025806,1,110.88962425404164,346,5.849324779946859,6650.0,6655.0,1,111,555
0.0056659165,0.12845,6.039251e-05,0.10285,2434.3855743343734,-0.0007476089522242,0.0715366899967193,190.60892937882957,0.0202249999999999,0.005545372,0.12208638,0.00110924243927,1,97.34740010865814,347,5.8522024797744745,6655.0,6660.0,1,110,550
0.008490496,0.15422821,0.00015628836,0.0846125,2227.5246611546754,0.0028245798312127,0.0257782042026519,-206.86091317969797,-0.0182375,0.0068566464,0.11319718,0.0020769708789885,1,93.91919005065876,348,5.855071922202427,6660.0,6665.0,1,109,545
0.014237961,0.17112488,0.0004353199,0.105975,2287.890598688948,0.0057474644854664,0.0168966650962829,60.36593753427269,0.0213625,0.009464791,0.15126769,0.0085720438510179,1,86.856370395987,349,5.857933154483459,6665.0,6670.0,1,108,540
0.010813736,0.16136134,0.00027189704,0.0763375,2125.845642785509,-0.0034242244437336,-0.0097635388374328,-162.04495590343913,-0.0296374999999999,0.0111807315,0.16223814,0.0023232400417327,1,66.86739524749008,350,5.860786223465865,6670.0,6675.0,1,107,535
0.009306484,0.12901583,0.0002207428,0.078875,2260.0597596340976,-0.0015072524547576,-0.0323455035686492,134.21411684858867,0.0025374999999999,0.011452727,0.15383402,-0.0049314768984913,1,70.74724376075339,351,5.863631175598097,6675.0,6680.0,1,106,530
0.005722459,0.1873008,6.975697e-05,0.080875,2410.4681691680285,-0.0035840249620378,0.058284968137741,150.4084095339308,0.002,0.008614226,0.15922599,-0.0050912774167954,1,116.25933718503896,352,5.8664680569332965,6680.0,6685.0,1,105,525
0.0067337854,0.07853853,7.982906e-05,0.088,2271.292591709081,0.0010113264434039,-0.1087622717022895,-139.17557745894692,0.0071249999999999,0.007254243,0.1316184,-0.0025726985186338,1,68.40947589981211,353,5.869296913133774,6685.0,6690.0,1,104,520
0.004673691,0.105677694,4.21968e-05,0.0876375,2364.3124697439152,-0.0020600943826138,0.027139164507389,93.01987803483372,-0.0003625,0.0057099783,0.12383901,-0.0010487679392099,1,57.8819561790064,354,5.872117789475416,6690.0,6695.0,1,103,515
0.004423744,0.10969015,3.869081e-05,0.0795625,2545.424761936423,-0.0002499469555914,0.0040124580264091,181.11229219250757,-0.0080749999999999,0.0052770735,0.097968794,-0.0023100413382053,1,113.82384384379591,355,5.87493073085203,6695.0,6700.0,1,102,510
0.002920607,0.03924181,1.4290154e-05,0.1016,2643.450386865478,-0.0015031369403004,-0.0704483389854431,98.02562492905508,0.0220375,0.0040060137,0.08486989,-0.0017530838958919,1,115.62807343707208,356,5.877735781779639,6700.0,6705.0,1,101,505
0.0040340615,0.06198409,2.8253693e-05,0.0841625,2371.75025246423,0.0011134543456137,0.0227422788739204,-271.70013440124785,-0.0174374999999999,0.0037928044,0.070305355,-0.0003896825946867,1,112.3451138317376,357,5.8805329864007,6705.0,6710.0,1,100,500
0.0062847636,0.18521696,9.176815e-05,0.104075,2436.6189107718706,0.0022507021203637,0.1232328712940216,64.86865830764054,0.0199125,0.004413144,0.095480956,0.0033641564659774,1,115.85823011448568,358,5.883322388488279,6710.0,6715.0,1,99,495
0.004334027,0.09512841,3.5086156e-05,0.0957875,2431.1508706500344,-0.0019507366232573,-0.0900885537266731,-5.468040121836111,-0.0082875,0.004884284,0.11410982,0.0002999654971063,1,29.375491928293545,359,5.886104031450156,6715.0,6720.0,1,98,490
0.004310117,0.08343238,3.242776e-05,0.098875,2545.7440558192147,-2.390984445810318e-05,-0.0116960331797599,114.59318516918027,0.0030875,0.004976303,0.12125925,-0.0019746464677155,1,52.77814660506958,360,5.8888779583328805,6720.0,6725.0,1,97,485
0.005597568,0.068957776,6.470871e-05,0.0719875,2346.059029392733,0.0012874510139226,-0.0144746005535125,-199.68502642648215,-0.0268875,0.0047472375,0.08250619,0.0012635411694645,1,81.81709228837536,361,5.891644211825771,6725.0,6730.0,1,96,480
0.003784983,0.034517087,2.4937064e-05,0.0906375,2496.042307617824,-0.0018125851638615,-0.0344406887888908,149.983278225091,0.01865,0.0045642224,0.06230241,-0.0005251341499388,1,84.87857817714566,362,5.8944028342648505,6730.0,6735.0,1,95,475
0.003993981,0.033122532,2.6789576e-05,0.1088625,2424.6500474318163,0.0002089980989694,-0.0013945549726486,-71.3922601860072,0.018225,0.004458844,0.045532465,-0.001603587064892,1,61.25392203137436,363,5.8971538676367405,6735.0,6740.0,1,94,470
0.004472117,0.028152786,3.329951e-05,0.088025,2379.8912009341043,0.0004781358875334,-0.0049697458744049,-44.75884649771206,-0.0208374999999999,0.0040836935,0.0319308,0.0006871339865028,1,47.83221687213317,364,5.8998973535824915,6740.0,6745.0,1,93,465
0.0045462996,0.033792295,3.4759523e-05,0.0836875,2271.76543234298,7.418263703584671e-05,0.0056395083665847,-108.12576859112414,-0.0043375,0.004337466,0.031689204,0.0005523185245692,1,64.17704825462542,365,5.902633333401366,6745.0,6750.0,1,92,460
0.0050330143,0.042315617,4.212421e-05,0.0860375,2236.574117638741,0.0004867147654294,0.0085233226418495,-35.191314704239176,0.00235,0.0046838103,0.034753565,0.0005608974024653,1,60.98214386042692,366,5.905361848054571,6750.0,6755.0,1,91,455
0.004884034,0.04333271,4.3157976e-05,0.0848,2271.452031172141,-0.0001489804126322,0.0010170936584472,34.877913533399806,-0.0012375,0.004821116,0.03981354,0.0003377343527972,1,16.515971069610828,367,5.908082938168931,6755.0,6760.0,1,90,450
0.0052184877,0.047999904,4.781224e-05,0.0877625,2314.0664149124173,0.0003344537690281,0.004667192697525,42.61438374027648,0.0029624999999999,0.005045179,0.04454941,0.0001854733563959,1,31.68860764578875,368,5.910796644040527,6760.0,6765.0,1,89,445
0.0077484627,0.056354173,0.00010430355,0.0833375,2218.596120772217,0.0025299750268459,0.0083542689681053,-95.47029414019973,-0.0044249999999999,0.005950328,0.049228925,0.0028644287958741,1,39.05026679235154,369,5.91350300563827,6765.0,6770.0,1,88,440
0.005535125,0.042609885,5.1786094e-05,0.082125,2334.756751556897,-0.0022133379243314,-0.0137442871928215,116.1606307846796,-0.0012124999999999,0.0061673583,0.048987985,0.0003166371025145,1,50.59200555860011,370,5.916202062607435,6770.0,6775.0,1,87,435
0.0051904265,0.047295086,4.5223456e-05,0.0948875,2364.63822237706,-0.0003446983173489,0.0046852007508277,29.88147082016303,0.0127624999999999,0.006158005,0.04875305,-0.0025580362416803,1,62.9942588952271,371,5.918893854273146,6775.0,6780.0,1,86,430
0.003931559,0.039417155,2.875609e-05,0.1035375,2514.8227573916656,-0.0012588673271238,-0.0078779309988021,150.18453501460544,0.00865,0.0048857033,0.043107376,-0.0016035656444728,1,78.79090705660026,372,5.921578419643816,6780.0,6785.0,1,85,425
0.007840527,0.063822314,0.00011524291,0.0918625,2351.096958821008,0.003908968064934,0.0244051590561866,-163.7257985706574,-0.011675,0.005654171,0.050178185,0.0026501007378101,1,74.1956104525562,373,5.924255797414532,6785.0,6790.0,1,84,420
0.004911812,0.038368016,4.394714e-05,0.0838875,2293.2912479198003,-0.0029287151992321,-0.0254542976617813,-57.80571090120793,-0.0079749999999999,0.0055612996,0.047202498,0.0009802528657019,1,93.8224369157427,374,5.926926025970411,6790.0,6795.0,1,83,415
0.0034997216,0.033850312,2.1458209e-05,0.0862,2458.642294739744,-0.0014120903797447,-0.0045177042484283,165.35104681994335,0.0023124999999999,0.005417354,0.045346882,-0.0043408055789768,1,68.51477389351777,375,5.929589143389895,6795.0,6800.0,1,82,410
0.004388675,0.04802585,3.758784e-05,0.1028375,2524.657430614404,0.0008889534510672,0.0141755379736423,66.01513587466025,0.0166375,0.0042667366,0.040081393,-0.0005231369286775,1,97.3135124474121,376,5.932245187448011,6800.0,6805.0,1,81,405
0.0038410674,0.043016728,2.7517945e-05,0.0891375,2465.943323402957,-0.0005476076621562,-0.0050091221928596,-58.71410721144639,-0.0137,0.0039098216,0.041630965,0.0003413457889109,1,29.549674880197067,377,5.934894195619588,6805.0,6810.0,1,80,400
0.0042638667,0.040734496,3.2983036e-05,0.0914375,2416.5533522093483,0.0004227992612868,-0.0022822320461273,-49.3899711936092,0.0023,0.0041645365,0.04392569,-0.0001248084008693,1,44.18799159141816,378,5.937536205082426,6810.0,6815.0,1,79,395
0.0054590073,0.092083216,7.1041024e-05,0.101725,2422.754735396885,0.0011951406486332,0.0513487197458744,6.201383187536521,0.0102874999999999,0.004521314,0.058611482,0.00161793990992,1,21.96735087933528,379,5.940171252720432,6815.0,6820.0,1,78,390
0.007880447,0.1148894,0.000119983015,0.0882,2248.8994698607767,0.0024214400909841,0.0228061825037002,-173.85526553610816,-0.0135249999999999,0.0058677737,0.08256904,0.0036165807396173,1,80.53428170979808,380,5.942799375126701,6820.0,6825.0,1,77,385
0.0073043793,0.096229866,9.73991e-05,0.094425,2347.638069501978,-0.0005760681815445,-0.0186595320701599,98.73859964120128,0.0062249999999999,0.006881278,0.10106749,0.0018453719094395,1,71.1941616745699,381,5.945420608606575,6825.0,6830.0,1,76,380
0.006653781,0.08826481,8.3984414e-05,0.0872125,2239.166740252411,-0.0006505982019007,-0.0079650580883026,-108.47132924956712,-0.0072124999999999,0.007279536,0.099794686,-0.0012266663834452,1,49.00120900311542,382,5.948034989180646,6830.0,6835.0,1,75,375
0.009935692,0.09313619,0.00018394398,0.0849,2179.4003617221847,0.0032819109037518,0.0048713833093643,-59.76637853022612,-0.0023124999999999,0.007964618,0.092543624,0.0026313127018511,1,69.63553976940334,383,5.950642552587727,6835.0,6840.0,1,74,370
0.014106887,0.2035945,0.00042683116,0.0913875,2284.5835204421483,0.0041711954399943,0.1104583144187927,105.18315871996356,0.0064874999999999,0.010232121,0.12833184,0.0074531063437461,1,43.07383944877582,384,5.953243334287785,6840.0,6845.0,1,73,365
0.016220856,0.17660654,0.00048424426,0.090775,2146.941059713299,0.0021139690652489,-0.0269879698753356,-137.64246072884907,-0.0006125,0.013421145,0.15777908,0.0062851645052433,1,58.748569874513954,385,5.955837369464831,6845.0,6850.0,1,72,360
0.009596932,0.10161644,0.00016435003,0.0986625,2263.7719532138035,-0.0066239247098565,-0.0749900937080383,116.83089350050432,0.0078875,0.013308226,0.16060583,-0.0045099556446075,1,60.57871463560525,386,5.958424693029782,6850.0,6855.0,1,71,355
0.008014195,0.07244015,0.000111804664,0.090425,2245.268588239878,-0.0015827370807528,-0.0291762948036193,-18.503364973925272,-0.0082374999999999,0.011277328,0.11688771,-0.0082066617906093,1,51.27283779246266,387,5.961005339623274,6855.0,6860.0,1,70,350
0.009438983,0.08136279,0.00016065249,0.0736,2189.5299272335283,0.0014247884973883,0.0089226439595222,-55.73866100634996,-0.016825,0.009016704,0.08513979,-0.0001579485833644,1,31.55427646276059,388,5.963579343618446,6860.0,6865.0,1,69,345
0.007926398,0.12852575,0.00013841635,0.089725,2300.278730761475,-0.0015125852078199,0.0471629574894905,110.74880352794662,0.016125,0.008459859,0.09410956,-8.779671043157578e-05,1,45.21333578332208,389,5.966146739123692,6865.0,6870.0,1,68,340
0.008234244,0.062362894,0.0001160506,0.0755875,2312.5439783884563,0.0003078458830714,-0.0661628544330596,12.265247626981363,-0.0141374999999999,0.008533209,0.09075048,-0.0012047393247485,1,55.3254919783017,390,5.968707559985366,6870.0,6875.0,1,67,335
0.0064744283,0.051340662,7.728172e-05,0.0802,2231.019372808925,-0.0017598154954612,-0.0110222324728965,-81.52460557953145,0.0046124999999999,0.0075450228,0.080743104,-0.0014519696123898,1,35.89112592000177,391,5.971261839790462,6875.0,6880.0,1,66,330
0.0051048705,0.04765602,4.697982e-05,0.12235,2610.8971796675805,-0.0013695578090846,-0.0036846436560153,379.8778068586557,0.04215,0.0066045136,0.053786527,-0.0031293733045458,1,163.2884435497646,392,5.973809611869261,6880.0,6885.0,1,65,325
0.0065708803,0.059581466,7.747397e-05,0.10085,2345.9583067385997,0.0014660097658634,0.0119254477322101,-264.93887292898125,-0.0215,0.00605006,0.052859385,9.645195677876472e-05,1,159.06347896551347,393,5.976350909297934,6885.0,6890.0,1,64,320
0.0052057886,0.029501343,4.4502125e-05,0.0891375,2447.934249640304,-0.001365091651678,-0.030080122873187,101.97594290170446,-0.0117125,0.00562718,0.045579612,0.0001009181141853,1,109.11187728537352,394,5.978885764901122,6890.0,6895.0,1,63,315
0.0062304833,0.0702925,7.756761e-05,0.0879875,2206.0714225688484,0.0010246946476399,0.0407911613583564,-241.86282707145529,-0.0011499999999999,0.006002384,0.053125102,-0.000340397004038,1,99.14358858208838,395,5.981414211254481,6895.0,6900.0,1,62,310
0.004727574,0.037336804,3.7185222e-05,0.0933375,2270.3845139035047,-0.0015029092319309,-0.0329556986689567,64.31309133465629,0.00535,0.005387949,0.045710217,-0.0004782145842909,1,102.28376079223248,396,5.983936280687191,6900.0,6905.0,1,61,305
0.006891526,0.073321044,9.920574e-05,0.0860625,2218.1458571305566,0.0021639517508447,0.0359842404723167,-52.23865677294816,-0.007275,0.005949861,0.060316782,0.0006610425189137,1,27.910258863496963,397,5.986452005284438,6905.0,6910.0,1,60,300
0.006753183,0.06858413,8.083411e-05,0.07635,2176.886519315772,-0.0001383428461849,-0.004736915230751,-41.25933781478443,-0.0097124999999999,0.006124094,0.059747327,0.0020256089046597,1,38.258020524799846,398,5.988961416889864,6910.0,6915.0,1,59,295
0.0048052925,0.056721956,4.1840594e-05,0.08965,2353.330153230588,-0.0019478905014693,-0.0118621736764907,176.44363391481602,0.0132999999999999,0.0061500003,0.06620904,-0.0020862333476543,1,75.35802163158738,399,5.991464547107982,6915.0,6920.0,1,58,290
0.0091478005,0.06140182,0.00015470572,0.0780625,2074.8890355951885,0.0043425080366432,0.0046798661351203,-278.4411176353997,-0.0115874999999999,0.0069020917,0.06223597,0.0023946175351738,1,115.01946628696612,400,5.993961427306569,6920.0,6925.0,1,57,285
0.00512621,0.047166504,4.5577985e-05,0.0824,2315.996812058243,-0.0040215905755758,-0.0142353177070617,241.1077764630545,0.0043374999999999,0.0063597676,0.05509676,0.0003209174610674,1,123.403671034941,401,5.996452088619021,6925.0,6930.0,1,56,280
0.006012796,0.40412754,9.307285e-05,0.0896875,2190.173853662719,0.0008865860290825,0.356961041688919,-125.82295839552398,0.0072875,0.0067622685,0.17089862,-0.0031350045464932,1,98.46317191226802,402,5.998936561946683,6930.0,6935.0,1,55,275
0.006955723,0.123365,0.00011602496,0.071325,2131.048139635585,0.0009429268538951,-0.2807625532150268,-59.12571402713411,-0.0183625,0.006031576,0.19155301,0.0018295128829777,1,77.12419878894035,403,6.0014148779611505,6935.0,6940.0,1,54,270
0.0042486927,0.112667605,3.8355425e-05,0.104625,2449.930693559606,-0.0027070301584899,-0.0106973946094512,318.88255392402107,0.0332999999999999,0.0057390705,0.21338671,-0.0017641033045947,1,138.50613669900116,404,6.003887067106539,6940.0,6945.0,1,53,265
0.0062970133,0.08755346,7.6146374e-05,0.080075,2253.6588654679604,0.0020483206026256,-0.0251141488552093,-196.2718280916456,-0.02455,0.0058338097,0.10786202,-0.0006587095558643,1,131.3359152828623,405,6.0063531596017325,6945.0,6950.0,1,52,260
0.0050835093,0.06226105,4.84183e-05,0.09015,2341.481248403833,-0.0012135040014982,-0.025292407721281,87.82238293587307,0.010075,0.0052097384,0.08749404,0.0008348166011273,1,80.27500205997889,406,6.008813185442595,6950.0,6955.0,1,51,255
0.0040683164,0.03542137,2.795679e-05,0.0850875,2383.2507595389766,-0.0010151928290724,-0.0268396772444248,41.76951113514315,-0.0050624999999999,0.0051496127,0.06174529,-0.0022286968305706,1,54.00773814301208,407,6.0112671744041615,6955.0,6960.0,1,50,250
0.0050397,0.04530999,4.3274176e-05,0.113875,2637.099656569279,0.0009713834151625,0.009888619184494,253.8488970303024,0.0287875,0.004730508,0.047664136,-4.380941390991211e-05,1,130.62847989208083,408,6.013715156042802,6960.0,6965.0,1,49,245
0.0047801994,0.03392196,3.8780832e-05,0.1071875,2424.1961984446466,-0.0002595004625618,-0.0113880299031734,-212.9034581246324,-0.0066874999999999,0.004629405,0.03821777,0.0007118829526007,1,111.27726830465026,409,6.016157159698354,6965.0,6970.0,1,48,240
0.0055133225,0.12448169,6.4545224e-05,0.0847625,2287.393224432337,0.0007331231608986,0.0905597358942031,-136.80297401230973,-0.022425,0.0051110736,0.06790455,0.0004736226983368,1,143.88943473606915,410,6.018593214496234,6970.0,6975.0,1,47,235
0.005018918,0.030977016,4.070484e-05,0.0793125,2258.370203896453,-0.000494404695928,-0.093504674732685,-29.02302053588392,-0.00545,0.0051041464,0.063126884,0.0002387184649705,1,72.30771427074444,411,6.021023349349527,6975.0,6980.0,1,46,230
0.0052116825,0.08922842,5.646707e-05,0.074,2253.597639088552,0.0001927646808326,0.0582514032721519,-4.772564807900835,-0.0053124999999999,0.0052479743,0.08156238,-0.0003016400150954,1,14.934131989807746,412,6.023447592961033,6980.0,6985.0,1,45,225
0.0063576493,0.12057525,8.863815e-05,0.0842625,2216.1903343882595,0.0011459668166935,0.0313468277454376,-37.40730470029257,0.0102625,0.0055294167,0.080260225,0.0013387314975261,1,18.85979030021976,413,6.025865973825314,6985.0,6990.0,1,44,220
0.005428549,0.053425908,5.052927e-05,0.0784875,2233.9574994842337,-0.0009291004389524,-0.0671493411064148,17.76716509597418,-0.005775,0.0056659603,0.08774319,0.000216866377741,1,15.277847740238697,414,6.028278520230698,6990.0,6995.0,1,43,215
0.010726183,0.13619633,0.00023169517,0.0875375,2129.462508794752,0.005297633819282,0.0827704221010208,-104.49499068948172,0.00905,0.0075041265,0.10339916,0.0043685333803296,1,45.651568023356525,415,6.030685260261263,6995.0,7000.0,1,42,210
0.0073074005,0.084979795,9.6458265e-05,0.091275,2257.7687691132023,-0.0034187822602689,-0.051216535270214,128.3062603184503,0.0037374999999999,0.0078207115,0.09153401,0.0018788515590131,1,55.72619180465647,416,6.0330862217988015,7000.0,7005.0,1,41,205
0.008608263,0.08984001,0.00014214251,0.08835,2258.839876635251,0.0013008625246584,0.0048602148890495,1.0711075220488055,-0.0029249999999999,0.008880615,0.10367205,-0.0021179197356104,1,60.73818771083125,417,6.035481432524756,7005.0,7010.0,1,40,200
0.005405382,0.04952322,5.1762767e-05,0.0932375,2408.497570472552,-0.0032028811983764,-0.0403167903423309,149.65769383730094,0.0048875,0.0071070152,0.07478101,-0.0019020186737179,1,70.80312622982548,418,6.037870919922137,7010.0,7015.0,1,39,195
0.009913394,0.08053175,0.00018100259,0.0782,2238.101233249226,0.0045080124400556,0.0310085341334342,-170.3963372233261,-0.0150374999999999,0.00797568,0.07329833,0.0013051312416791,1,75.91107984808241,419,6.040254711277414,7015.0,7020.0,1,38,190
0.009796073,0.12299625,0.00020189646,0.0749,2176.1921282426174,-0.000117321498692,0.0424644947052001,-61.90910500660857,-0.0033,0.008371617,0.08435041,0.0043906909413635,1,98.22506328240392,420,6.042632833682381,7020.0,7025.0,1,37,185
0.007876789,0.1136486,0.00011921771,0.1166375,2717.353988740787,-0.0019192835316061,-0.0093476474285125,541.1618604981695,0.0417375,0.009195419,0.105725534,-0.0020366050302982,1,241.8383528509197,421,6.045005314036012,7025.0,7030.0,1,36,180
0.0063479845,0.07389884,7.6554104e-05,0.124925,2749.943148235668,-0.0015288046561181,-0.039749763906002,32.58915949488119,0.0082874999999999,0.008006949,0.10351456,-0.0034480881877243,1,263.1240614694245,422,6.0473721790462776,7030.0,7035.0,1,35,175
0.0059994063,0.056035746,6.637436e-05,0.10235,2362.053603048965,-0.0003485782071948,-0.0178630910813808,-387.8895451867029,-0.0225749999999999,0.0067413934,0.08119439,-0.0018773828633129,1,175.67606447173264,423,6.049733455231958,7035.0,7040.0,1,34,170
0.0049885237,0.0720608,4.754473e-05,0.089075,2374.3408069220877,-0.0010108826681971,0.0160250551998615,12.287203873122053,-0.0132749999999999,0.005778638,0.06733179,-0.0013594608753919,1,180.0266626686202,424,6.052089168924417,7040.0,7045.0,1,33,165
0.004656344,0.037859805,3.744719e-05,0.0932625,2481.029912593069,-0.0003321794793009,-0.0342009961605072,106.68910567098192,0.0041874999999999,0.005214758,0.055318784,-0.0013430621474981,1,53.425860239138935,425,6.054439346269371,7045.0,7050.0,1,32,160
0.0056777243,0.05574785,5.4809683e-05,0.1103125,2400.5544016609274,0.0010213800705969,0.0178880468010902,-80.47551093214179,0.0170499999999999,0.005107531,0.05522282,0.0006892005912959,1,45.39459791379412,426,6.056784013228625,7050.0,7055.0,1,31,155
0.0032947601,0.03134095,1.7832064e-05,0.095525,2649.24932626099,-0.0023829641286283,-0.0244069024920463,248.69492460006268,-0.0147874999999999,0.004542943,0.041649535,-0.0013615840580314,1,103.61426570399315,427,6.059123195581797,7055.0,7060.0,1,30,150
0.003421686,0.030663405,1.9304163e-05,0.107875,2667.483867745281,0.0001269257627427,-0.0006775446236133,18.23454148429073,0.01235,0.0041313902,0.039250735,-0.0022560383658856,1,121.76160856774882,428,6.061456918928017,7060.0,7065.0,1,29,145
0.006644214,0.06101886,8.573025e-05,0.1044,2376.584162878198,0.0032225281465798,0.0303554572165012,-290.8997048670826,-0.0034749999999999,0.0044535534,0.04100774,0.0033494539093226,1,133.04194331006323,429,6.063785208687608,7065.0,7070.0,1,28,140
0.0060978853,0.054555677,6.7519555e-05,0.0992375,2255.241626725724,-0.0005463287234306,-0.0064631849527359,-121.34253615247462,-0.0051625,0.0053879283,0.04874598,0.0026761994231492,1,172.9772992982018,430,6.066108090103747,7070.0,7075.0,1,27,135
0.0041925944,0.06696203,3.157475e-05,0.1021125,2611.293714941967,-0.0019052908755838,0.0124063566327095,356.05208821624365,0.0028749999999999,0.0056448975,0.060845524,-0.0024516195990145,1,147.7932769606992,431,6.068425588244111,7075.0,7080.0,1,26,130
0.00504014,0.04414103,4.63092e-05,0.096425,2452.3545879626854,0.0008475454524159,-0.0228210017085075,-158.9391269792818,-0.0056874999999999,0.0051102065,0.05521958,-0.0010577454231679,1,145.6358682527869,432,6.07073772800249,7080.0,7085.0,1,25,125
0.0060052555,0.059509974,6.698246e-05,0.1047,2369.587826357416,0.0009651156142354,0.0153689421713352,-82.7667616052695,0.008275,0.00507933,0.05687101,0.0018126610666513,1,100.29607253194985,433,6.073044534100405,7085.0,7090.0,1,24,120
0.0047713793,0.043914348,4.305566e-05,0.095025,2426.2747368734613,-0.0012338762171566,-0.0155956260859966,56.68691051604537,-0.009675,0.005272258,0.04918845,-0.0002687606029212,1,34.550930656888006,434,6.075346031088684,7090.0,7095.0,1,23,115
0.009343791,0.124789566,0.00020212319,0.109125,2493.461939335885,0.0045724115334451,0.0808752179145813,67.18720246242356,0.0141,0.006706809,0.0760713,0.0033385353162884,1,50.63191995479983,435,6.077642243349034,7095.0,7100.0,1,22,110
0.010496094,0.07950328,0.0001909899,0.0781375,2120.807238960307,0.0011523030698299,-0.0452862828969955,-372.6547003755777,-0.0309875,0.008203755,0.08273573,0.005724714603275,1,162.17139019090646,436,6.07993319509559,7100.0,7105.0,1,21,105
0.007990873,0.08254562,0.00011219267,0.0610875,2099.0288019276286,-0.0025052204728126,0.0030423402786254,-21.77843703267854,-0.0170499999999999,0.009276919,0.095612824,-0.0013529174029827,1,181.0228119195412,437,6.082218910376446,7105.0,7110.0,1,20,100
0.012493312,0.11237493,0.00028841375,0.081975,2132.416292867348,0.0045024389401078,0.0298293083906173,33.387490939719555,0.0208875,0.01032676,0.091474615,0.0019972184672951,1,13.839536775536253,438,6.0844994130751715,7110.0,7115.0,1,19,95
0.00993335,0.07608942,0.00016918428,0.0855125,2084.837487513536,-0.0025599626824259,-0.0362855121493339,-47.578805353812186,0.0035374999999999,0.0101391785,0.09033666,0.0019424762576818,1,19.94397897151317,439,6.0867747269123065,7115.0,7120.0,1,18,90
0.008568964,0.07330164,0.00013448783,0.0860875,2200.2880330808644,-0.0013643857091665,-0.0027877762913703,115.4505455673284,0.0005749999999999,0.010331876,0.08725533,-0.0039243483915925,1,47.37456456592708,440,6.089044875446846,7120.0,7125.0,1,17,85
0.0058422205,0.052983038,6.0890092e-05,0.104375,2427.248116399203,-0.0027267434634268,-0.0203186050057411,226.96008331833852,0.0182874999999999,0.008114845,0.06745803,-0.0040911291725933,1,142.23796440610786,441,6.091309882077698,7125.0,7130.0,1,16,80
0.0058890455,0.049756102,6.2984596e-05,0.0834375,2228.1717209076555,4.682503640651703e-05,-0.0032269358634948,-199.07639549154737,-0.0209374999999999,0.0067667435,0.058680266,-0.0026799184270203,1,101.06092260974516,442,6.093569770045136,7130.0,7135.0,1,15,75
0.005019183,0.042811207,4.5169003e-05,0.0874625,2258.139513038514,-0.0008698627352714,-0.0069448947906494,29.96779213085847,0.004025,0.0055834833,0.04851678,-0.0008230376988649,1,87.64017314356606,443,6.095824562432225,7135.0,7140.0,1,14,70
0.0049649253,0.03951254,4.2251944e-05,0.07525,2275.144306911741,-5.4257456213235855e-05,-0.0032986663281917,17.004793873226845,-0.0122125,0.0052910508,0.044026617,-0.0009241201914846,1,19.418363061175047,444,6.09807428216624,7140.0,7145.0,1,13,65
0.0069662705,0.05884215,8.958428e-05,0.095525,2314.203825736845,0.0020013451576232,0.0193296074867248,39.05951882510408,0.020275,0.005650126,0.0470553,0.00194708770141,1,23.471060629956444,445,6.100318952020064,7145.0,7150.0,1,12,60
0.0056030317,0.2372984,6.496302e-05,0.085225,2275.293686883761,-0.0013632387854158,0.1784562468528747,-38.91013885308348,-0.0103,0.0058447425,0.11188436,0.0006381063722074,1,18.377725741266666,446,6.102558594613569,7150.0,7155.0,1,11,55
0.009823726,0.07640877,0.00017046198,0.0984625,2205.2259434495904,0.0042206938378512,-0.1608896255493164,-70.067743434171,0.0132375,0.007464343,0.12418311,0.0028574550524353,1,45.09208652344142,447,6.104793232414985,7155.0,7160.0,1,10,50
0.005984489,0.04547722,6.1370156e-05,0.0818625,2266.497849548366,-0.0038392366841435,-0.0309315547347068,61.27190609877562,-0.0165999999999999,0.007137082,0.119728126,0.0003814571537077,1,31.16462007783956,448,6.1070228877422545,7160.0,7165.0,1,9,45
0.005883658,0.050103985,6.0139955e-05,0.093025,2374.308710300388,-0.0001008310355246,0.0046267658472061,107.81086075202212,0.0111624999999999,0.007230624,0.057329994,-0.0039400677196681,1,69.89389594949563,449,6.1092475827643655,7165.0,7170.0,1,8,40
0.0072124307,0.055101827,8.923694e-05,0.092175,2217.217121436613,0.0013287728652358,0.0049978420138359,-157.09158886377463,-0.0008499999999999,0.0063601923,0.050227676,0.0012279418297111,1,65.59940645993477,450,6.111467339502679,7170.0,7175.0,1,7,35
0.0064579863,0.047103614,7.023749e-05,0.0779875,2094.165674953116,-0.0007544443942606,-0.0079982131719589,-123.05144648349732,-0.0141875,0.006518025,0.050769806,0.0005743284709751,1,114.64900349763624,451,6.113682179832232,7175.0,7180.0,1,6,30
0.0061521484,0.051487066,6.746006e-05,0.08545,2609.203331104081,-0.0003058379516005,0.0043834522366523,515.0376561509647,0.0074624999999999,0.0066075213,0.051230837,-0.0010602823458611,1,219.61042130317648,452,6.115892125483034,7180.0,7185.0,1,5,25
0.004919322,0.050365098,4.468188e-05,0.125925,2778.801083662345,-0.0012328261509537,-0.0011219680309295,169.5977525582639,0.040475,0.0058431528,0.049651925,-0.0015386641025543,1,291.11907219951274,453,6.118097198041348,7185.0,7190.0,1,4,20
0.006012688,0.07639633,6.4748856e-05,0.0946,2366.0343279395343,0.0010933657176792,0.0260312333703041,-412.76675572281056,-0.031325,0.0056947195,0.059416164,-0.0001394604332745,1,169.40121880802124,454,6.12029741895095,7190.0,7195.0,1,3,15
0.004609359,0.040386457,3.7125625e-05,0.0753875,2222.3716639071795,-0.001403328962624,-0.0360098741948604,-143.66266403235477,-0.0192125,0.005180456,0.055715963,-0.0003099632449448,1,235.85048343668865,455,6.1224928095143865,7195.0,7200.0,1,2,10
0.0052614617,0.052606728,5.2625168e-05,0.077525,2253.965145713964,0.00065210275352,0.0122202709317207,31.59348180678444,0.0021375,0.005294503,0.05646317,-0.000751226209104,1,61.641085445646056,456,6.124683390894205,7200.0,7205.0,1,1,5
