avg_volume,peak_volume,volume_variance,zero_crossing_rate,spectral_centroid,volume_delta,peak_delta,centroid_delta,zcr_decay,rolling_avg_volume,rolling_peak_volume,rolling_decay,near_silence,centroid_volatility,chatter_streak,streak_log,timestamp_start,timestamp_end,is_chatter,duration_left,duration_left_seconds
0.006269226,0.056120247,6.927686e-05,0.0726,2118.7937104878074,0.0,0.0,0.0,0.0,0.006269226,0.056120247,0.0,1,0.0,1,0.6931471805599453,0.0,5.0,1,45,225
0.0052058953,0.058848437,4.900891e-05,0.0704375,2166.207885838944,-0.0010633305646479,0.0027281902730464,47.41417535113669,-0.0021624999999999,0.005737561,0.057484344,-0.0010633305646479,1,23.707087675568346,2,1.0986122886681096,5.0,10.0,1,44,220
0.005126313,0.07030823,4.575483e-05,0.074375,2253.321999340344,-7.958244532346725e-05,0.011459793895483,87.11411350139997,0.0039374999999999,0.005533811,0.061758976,-0.0011429130099713,1,55.712389702186506,3,1.3862943611198906,10.0,15.0,1,43,215
0.0067526856,0.04871271,7.8189085e-05,0.0664125,2038.7374775205712,0.0016263728030025,-0.0215955190360546,-214.5845218197728,-0.0079624999999999,0.0056949644,0.059289794,0.0015467903576791,1,88.1186641678948,4,1.6094379124341003,15.0,20.0,1,42,210
0.0045221285,0.04834131,3.6794867e-05,0.078025,2333.607410951255,-0.0022305571474134,-0.0003714002668857,294.8699334306839,0.0116124999999999,0.0054670423,0.055787414,-0.0006041843444108,1,124.47246101651469,5,1.791759469228055,20.0,25.0,1,41,205
0.007841303,0.059938446,0.00010939479,0.0871,2246.6404103218274,0.003319174516946,0.0115971341729164,-86.96700062942773,0.009075,0.0063720397,0.05233082,0.0010886173695325,1,123.70896235711125,6,1.9459101490553132,25.0,30.0,1,40,200
0.004911073,0.04265035,4.1262312e-05,0.0879125,2390.4139529503022,-0.0029302299953997,-0.0172880962491035,143.77354262847484,0.0008125,0.005758168,0.050310034,0.0003889445215463,1,59.12423264459549,7,2.0794415416798357,30.0,35.0,1,39,195
0.0050755837,0.043329496,4.3128595e-05,0.083825,2441.851930997626,0.0001645106822252,0.0006791464984416,51.43797804732367,-0.0040875,0.0059426534,0.04863943,-0.0027657193131744,1,82.61304373072797,8,2.1972245773362196,35.0,40.0,1,38,190
0.0074622673,0.07143367,9.876456e-05,0.0916875,2352.233528549223,0.0023866835981607,0.0281041748821735,-89.61840244840278,0.0078625,0.0058163083,0.052471172,0.0025511942803859,1,36.71976223967953,9,2.302585092994046,40.0,45.0,1,37,185
0.0070226807,0.083275296,8.618279e-05,0.0812125,2187.589153488398,-0.0004395865835249,0.0118416249752044,-164.64437506082504,-0.0104749999999999,0.006520177,0.06601282,0.0019470970146358,1,105.29787816965344,10,2.3978952727983707,45.0,50.0,1,36,180
0.0060939156,0.11991365,6.819309e-05,0.0840125,2397.0478013846937,-0.0009287651628255,0.036638356745243,209.4586478962956,0.0027999999999999,0.006859621,0.09154087,-0.0013683517463505,1,90.05493043907884,11,2.4849066497880004,50.0,55.0,1,35,175
0.005336921,0.043440267,4.9030863e-05,0.0876875,2438.278696298577,-0.0007569943554699,-0.0764733850955963,41.23089491388328,0.0036749999999999,0.006151173,0.08220974,-0.0016857595182955,1,109.75637604780292,12,2.5649493574615367,55.0,60.0,1,34,170
0.0052515925,0.057565402,5.1816834e-05,0.1116875,2491.148090700067,-8.532870560884476e-05,0.0141251347959041,52.8693944014899,0.0239999999999999,0.0055608097,0.07363977,-0.0008423230610787,1,38.51410132668136,13,2.639057329615259,60.0,65.0,1,33,165
0.0038532594,0.026370136,2.5455769e-05,0.0842875,2581.505481691589,-0.0013983331155031,-0.0311952661722898,90.3573909915217,-0.0273999999999999,0.0048139244,0.042458605,-0.001483661821112,1,59.13594791776245,14,2.70805020110221,65.0,70.0,1,32,160
0.0059780143,0.07948668,6.695212e-05,0.094175,2333.073782506317,0.0021247549448162,0.0531165450811386,-248.4316991852711,0.0098874999999999,0.005027622,0.054474074,0.000726421829313,1,102.67005090623948,15,2.772588722239781,70.0,75.0,1,31,155
0.005979862,0.042637594,6.1140716e-05,0.0819125,2325.177027507056,1.8477439880371092e-06,-0.0368490889668464,-7.896754999261248,-0.0122624999999999,0.0052703787,0.04949814,0.0021266026888042,1,119.01677954727003,16,2.833213344056216,75.0,80.0,1,30,150
0.005535851,0.0497497,5.6704623e-05,0.08995,2584.74917176534,-0.0004440108314156,0.0071121044456958,259.5721442582835,0.0080375,0.005831243,0.057291325,-0.0004421630874276,1,120.5453157636588,17,2.8903717578961645,80.0,85.0,1,29,145
0.0039871004,0.03447014,2.7886686e-05,0.1094625,2598.672709456088,-0.0015487507916986,-0.0152795575559139,13.923537690748162,0.0195125,0.005167605,0.04228581,-0.0019927616231143,1,125.7738053550609,18,2.9444389791664403,85.0,90.0,1,28,140
0.004186306,0.031633712,2.960398e-05,0.1032625,2495.856358058466,0.0001992057077586,-0.0028364285826683,-102.81635139762191,-0.0062,0.0045697526,0.038617853,-0.00134954508394,1,45.54240922879821,19,2.995732273553991,90.0,95.0,1,27,135
0.0056377216,0.06381297,6.437091e-05,0.1099625,2566.507498047534,0.0014514154754579,0.0321792587637901,70.65113998906827,0.0067,0.0046037096,0.043305606,0.0016506211832165,1,42.94361486806617,20,3.044522437723423,95.0,100.0,1,26,130
0.007127436,0.09699397,0.00010015214,0.0967375,2440.1382677894026,0.0014897142536938,0.0331809967756271,-126.36923025813168,-0.013225,0.005650488,0.064146884,0.0029411297291517,1,51.709951246264126,21,3.091042453358316,100.0,105.0,1,25,125
0.0072851945,0.11972724,0.00011438055,0.0956625,2365.368228899497,0.0001577585935592,0.0227332711219787,-74.77003888990566,-0.001075,0.0066834507,0.093511395,0.001647472847253,1,83.01053926730383,22,3.1354942159291497,105.0,110.0,1,24,120
0.0054592383,0.045403063,4.9723534e-05,0.10145,2436.639079973413,-0.0018259561620652,-0.0743241757154464,71.27085107391622,0.0057875,0.006623956,0.087374754,-0.001668197568506,1,34.45179763697215,23,3.1780538303479458,110.0,115.0,1,23,115
0.005039089,0.045726795,4.789458e-05,0.1139875,2825.5900345592304,-0.0004201494157314,0.0003237314522266,388.95095458581727,0.0125375,0.0059278402,0.0702857,-0.0022461055777966,1,202.2557483569103,24,3.2188758248682006,115.0,120.0,1,22,110
0.006321797,0.05721067,6.927781e-05,0.1104125,2588.709416900116,0.0012827082537114,0.0114838741719722,-236.8806176591147,-0.003575,0.0056067086,0.04944684,0.00086255883798,1,160.04189016517694,25,3.258096538021482,120.0,125.0,1,21,105
0.0049508493,0.12218889,4.3709548e-05,0.1151875,3246.028594193553,-0.0013709478080272,0.0649782195687294,657.3191772934374,0.004775,0.005437245,0.07504212,-8.823955431580544e-05,1,271.8147878995036,26,3.295836866004329,125.0,130.0,1,20,100
0.005047982,0.09209445,4.6318648e-05,0.0929,2647.8831272959424,9.713275358080864e-05,-0.0300944373011589,-598.1454668976107,-0.0222875,0.0054402095,0.090498,-0.0012738150544464,1,296.90028786518945,27,3.332204510175204,130.0,135.0,1,19,95
0.0039436123,0.05289141,2.7770322e-05,0.1007375,2801.3709224363124,-0.0011043697595596,-0.0392030403017997,153.48779514037005,0.0078374999999999,0.0046474817,0.08905825,-0.0010072370059788,1,253.652638219143,28,3.367295829986474,135.0,140.0,1,18,90
0.0035638404,0.10901426,2.3850173e-05,0.1373375,3364.049766698018,-0.0003797719255089,0.0561228469014167,562.6788442617062,0.0366,0.0041851453,0.08466671,-0.0014841416850686,1,307.87093984857523,29,3.4011973816621555,140.0,145.0,1,17,85
0.0037344445,0.05106115,2.430737e-05,0.133125,2892.595917846886,0.0001706040930002,-0.0579531081020832,-471.4538488511325,-0.0042125,0.003747299,0.070988946,-0.0002091678325086,1,246.57615753080228,30,3.4339872044851463,145.0,150.0,1,16,80
0.005104221,0.050783224,4.6944744e-05,0.1073625,2667.7172028239934,0.001369776437059,-0.0002779252827167,-224.87871502289272,-0.0257624999999999,0.004134169,0.070286214,0.0015403805300593,1,290.1567024094753,31,3.4657359027997265,150.0,155.0,1,15,75
0.0047356687,0.043651365,3.9911538e-05,0.13075,2965.602030311961,-0.0003685522824525,-0.0071318596601486,297.88482748796787,0.0233875,0.004524778,0.048498582,0.0010012241546064,1,126.77000143529706,32,3.4965075614664802,155.0,160.0,1,14,70
0.0053648157,0.04389784,4.869631e-05,0.0857875,2497.964917967645,0.0006291470490396,0.0002464763820171,-467.6371123443164,-0.0449625,0.005068235,0.04611081,0.000260594766587,1,193.28610845733272,33,3.5263605246161616,160.0,165.0,1,13,65
0.0034452165,0.045028616,2.103792e-05,0.100025,2753.9560809675604,-0.0019195992499589,0.0011307746171951,255.9911629999156,0.0142375,0.0045152334,0.04419261,-0.0012904522009193,1,191.1979637994996,34,3.5553480614894135,165.0,170.0,1,12,60
0.0041191466,0.078569114,3.5288656e-05,0.130225,2913.760924193826,0.0006739301607012,0.0335404984652996,159.8048432262658,0.0302,0.0043097264,0.05583186,-0.0012456690892577,1,171.25529423974132,35,3.58351893845611,170.0,175.0,1,11,55
0.005878952,0.07358764,6.609484e-05,0.0912625,2667.347924188814,0.0017598052509129,-0.0049814730882644,-246.41300000501224,-0.0389625,0.004481105,0.065728456,0.0024337354116141,1,102.06638760611398,36,3.6109179126442243,175.0,180.0,1,10,50
0.0109739,0.09166749,0.00021663871,0.09725,2432.366271563134,0.005094947759062,0.0180798470973968,-234.98165262568,0.0059875,0.006990666,0.08127475,0.0068547530099749,1,196.54701309909737,37,3.6375861597263857,180.0,185.0,1,9,45
0.0061615477,0.06681061,8.323474e-05,0.0735375,2674.294521327533,-0.0048123518936336,-0.0248568803071975,241.92824976439897,-0.0237124999999999,0.0076714666,0.07735524,0.0002825958654284,1,112.44450992801778,38,3.6635616461296463,185.0,190.0,1,8,40
0.0037129403,0.036081813,2.3431954e-05,0.11125,2652.866078822127,-0.0024486074689775,-0.0307287946343421,-21.42844250540611,0.0377124999999999,0.0069494625,0.0648533,-0.0072609595954418,1,109.34584338161288,39,3.6888794541139363,190.0,195.0,1,7,35
0.0047877543,0.041116282,4.0562118e-05,0.0990625,2552.527485571864,0.0010748140048235,0.0050344690680503,-100.33859325026287,-0.0121875,0.004887414,0.0480029,-0.001373793464154,1,53.076697586680645,40,3.713572066704308,195.0,200.0,1,6,30
0.004179173,0.032891843,2.9901094e-05,0.094125,2489.85148654512,-0.0006085811182856,-0.0082244388759136,-62.67599902674374,-0.0049374999999999,0.0042266226,0.036696646,0.0004662328865379,1,67.13988005539942,41,3.7376696182833684,200.0,205.0,1,5,25
0.0041580675,0.035986148,3.1269366e-05,0.11955,2614.8117576936297,-2.110563218593597e-05,0.0030943043529987,124.96027114850948,0.025425,0.004374998,0.036664758,-0.0006296867504715,1,51.0149006263503,42,3.7612001156935624,205.0,210.0,1,4,20
0.0055540856,0.07295841,6.876895e-05,0.1113875,2596.665896623557,0.0013960180804133,0.0369722619652748,-18.145861070072897,-0.0081625,0.0046304422,0.047278803,0.0013749124482274,1,55.12980625546686,43,3.784189633918261,210.0,215.0,1,3,15
0.005239201,0.045924112,4.926783e-05,0.1115,2662.313265271761,-0.0003148848190903,-0.0270342975854873,65.64736864820406,0.0001125,0.0049837846,0.051622886,0.0010811332613229,1,27.679198982073256,44,3.8066624897703196,215.0,220.0,1,2,10
0.003447455,0.029623382,1.9970268e-05,0.1057375,2850.7319047929595,-0.0017917458899319,-0.016300730407238,188.41863952119863,-0.0057625,0.004746914,0.049501967,-0.0021066307090222,1,107.68302106779652,45,3.828641396489095,220.0,225.0,1,1,5
0.0040268684,0.04950294,2.829513e-05,0.103325,2575.700466089745,0.0005794134922325,0.0198795571923255,-275.031438703214,-0.0024124999999999,0.0042378413,0.041683476,-0.0012123323976993,1,114.81659431764464,0,0.0,225.0,230.0,0,0,0
0.006061481,0.1443213,0.000111892856,0.1020375,2488.104868654269,0.0020346124656498,0.0948183536529541,-87.59559743547652,-0.0012874999999999,0.0045119347,0.07448254,0.0026140259578824,1,154.4933110036983,1,0.6931471805599453,230.0,235.0,1,113,565
0.004933866,0.054442458,4.242047e-05,0.0941,2705.8674613685744,-0.0011276146396994,-0.0898788347840309,217.76259271430536,-0.0079375,0.005007405,0.082755566,0.0009069978259503,1,89.46568686476219,2,1.0986122886681096,235.0,240.0,1,112,560
0.005221942,0.04559512,4.6200774e-05,0.1003375,2506.271454594374,0.0002880757674574,-0.0088473372161388,-199.5960067742003,0.0062374999999999,0.005405763,0.08145296,-0.0008395388722419,1,98.65154025411434,3,1.3862943611198906,240.0,245.0,1,111,555
0.006695812,0.066972345,8.0598555e-05,0.0896,2338.314839737914,0.0014738701283931,0.0213772244751453,-167.95661485645996,-0.0107374999999999,0.005617207,0.055669975,0.0017619458958506,1,150.23792983938625,4,1.6094379124341003,245.0,250.0,1,110,550
0.0064157797,0.06561169,7.172732e-05,0.0938375,2410.1148614843,-0.0002800324000418,-0.0013606548309326,71.80002174638548,0.0042375,0.006111178,0.059393052,0.0011938377283513,1,68.80791136309115,5,1.791759469228055,250.0,255.0,1,109,545
0.0066270204,0.05951287,8.153475e-05,0.0882,2355.5961091588124,0.0002112407237291,-0.0060988217592239,-54.51875232548719,-0.0056375,0.006579537,0.0640323,-6.879167631268501e-05,1,30.59807501335649,6,1.9459101490553132,255.0,260.0,1,108,540
0.010778594,0.11576243,0.00021325212,0.0897,2181.5718565042785,0.0041515734046697,0.0562495589256286,-174.02425265453394,0.0015,0.007940465,0.08029566,0.0043628141283988,1,97.46146816528449,7,2.0794415416798357,260.0,265.0,1,107,535
0.008471637,0.05870857,0.0001210286,0.0817,2229.0321919720627,-0.0023069567978382,-0.0570538565516471,47.46033546778426,-0.008,0.00862575,0.07799462,0.0018446166068315,1,73.45092775175222,8,2.1972245773362196,265.0,270.0,1,106,530
0.008497714,0.08305083,0.00012899097,0.0733375,2183.590800219361,2.60770320892334e-05,0.0243422612547874,-45.44139175270175,-0.0083624999999999,0.009249315,0.085840605,-0.0022808797657489,1,21.91265403282821,9,2.302585092994046,270.0,275.0,1,105,525
0.0052413554,0.036863558,4.7270565e-05,0.084825,2309.877722686549,-0.0032563586719334,-0.0461872741580009,126.2869224671881,0.0114874999999999,0.007403569,0.059540987,-0.0032302816398441,1,52.22739458598656,10,2.3978952727983707,275.0,280.0,1,104,520
0.005480798,0.039029464,5.0534545e-05,0.0959375,2397.7016674835995,0.0002394425682723,0.0021659061312675,87.82394479705044,0.0111124999999999,0.0064066225,0.052981287,-0.003016916103661,1,87.87927043304185,11,2.4849066497880004,280.0,285.0,1,103,515
0.0075116674,0.1351082,0.00010981879,0.080025,2247.4532088512424,0.0020308694802224,0.0960787385702133,-150.24845863235714,-0.0159124999999999,0.00607794,0.07033374,0.0022703120484948,1,61.63013740469015,12,2.5649493574615367,285.0,290.0,1,102,510
0.0063365805,0.08482996,7.541851e-05,0.0762375,2218.017005653817,-0.0011750869452953,-0.0502782464027404,-29.436203197425584,-0.0037874999999999,0.0064430158,0.086322546,0.0008557825349271,1,78.6890272436469,13,2.639057329615259,290.0,295.0,1,101,505
0.0066353707,0.07530649,8.131378e-05,0.0894,2261.467407479142,0.0002987901680171,-0.0095234662294387,43.45040182532512,0.0131624999999999,0.0068278727,0.098414876,-0.0008762967772781,1,18.1071662935626,14,2.70805020110221,295.0,300.0,1,100,500
0.004336718,0.035355553,3.5373603e-05,0.083775,2374.317039074039,-0.0022986526601016,-0.0399509370326995,112.84963159489688,-0.0056249999999999,0.0057695564,0.065164,-0.0019998624920845,1,65.87250076814948,15,2.772588722239781,300.0,305.0,1,99,495
0.005812596,0.044717297,6.0607766e-05,0.0873,2258.924705704029,0.001475878059864,0.0093617439270019,-115.39233337000996,0.003525,0.0055948948,0.051793113,-0.0008227746002376,1,53.80716111365416,16,2.833213344056216,305.0,310.0,1,98,490
0.004788976,0.05502149,4.400075e-05,0.0919875,2365.457922486544,-0.0010236199013888,0.0103041939437389,106.5332167825145,0.0046874999999999,0.00497943,0.045031447,0.0004522581584751,1,52.43323884852324,17,2.8903717578961645,310.0,315.0,1,97,485
0.005571468,0.055658624,5.3824104e-05,0.1049375,2445.466134115133,0.0007824916392564,0.0006371326744556,80.00821162858983,0.01295,0.0053910133,0.051799137,-0.0002411282621324,1,76.41141909986041,18,2.9444389791664403,315.0,320.0,1,96,480
0.007161847,0.052707955,8.6119566e-05,0.0750625,2205.7384374651283,0.0015903790481388,-0.0029506683349609,-239.72769665000487,-0.029875,0.0058407634,0.05446269,0.0023728706873953,1,99.65551574444838,19,2.995732273553991,320.0,325.0,1,95,475
0.0051428494,0.048023947,4.585994e-05,0.0854,2505.7447781116603,-0.0020189974457025,-0.0046840086579322,300.00634064653195,0.0103375,0.005958721,0.052130174,-0.0004286183975636,1,129.57481232061346,20,3.044522437723423,325.0,330.0,1,94,470
0.0043971315,0.04078167,3.478608e-05,0.1109,2572.816577159162,-0.0007457179017364,-0.007242277264595,67.07179904750183,0.0254999999999999,0.0055672764,0.04717119,-0.002764715347439,1,159.59977419116024,21,3.091042453358316,330.0,335.0,1,93,465
0.0056645,0.059739754,6.199326e-05,0.0963375,2499.4548674349085,0.0012673684395849,0.0189580842852592,-73.36170972425361,-0.0145624999999999,0.00506816,0.049515124,0.0005216505378484,1,33.19994922595788,22,3.1354942159291497,335.0,340.0,1,92,460
0.0050293733,0.04827881,4.874716e-05,0.10555,2373.5092945550696,-0.0006351266056299,-0.0114609450101852,-125.94557287983888,0.0092124999999999,0.0050303345,0.049600076,0.000632241833955,1,82.30540732926364,23,3.1780538303479458,340.0,345.0,1,91,455
0.005588834,0.04255475,5.3383887e-05,0.0661,2190.7864960644174,0.0005594608373939,-0.0057240575551986,-182.72279849065217,-0.03945,0.005427569,0.050191104,-7.566576823592186e-05,1,126.72194929617348,24,3.2188758248682006,345.0,350.0,1,90,450
0.004781704,0.040909823,3.957427e-05,0.1059875,2609.024735529517,-0.0008071302436292,-0.0016449280083179,418.23823946509947,0.0398874999999999,0.0051333043,0.043914463,-0.0002476694062352,1,171.19786115502913,25,3.258096538021482,350.0,355.0,1,89,445
0.0050901794,0.17208838,4.9235245e-05,0.1098125,2687.2010956508025,0.0003084754571318,0.1311785578727722,78.1763601212856,0.0038249999999999,0.005153572,0.08518431,-0.0004986547864973,1,217.93531734469337,26,3.295836866004329,355.0,360.0,1,88,440
0.0049918983,0.059396636,4.650491e-05,0.0941375,2454.0037511976147,-9.828107431530952e-05,-0.1126917451620101,-233.19734445318767,-0.0156749999999999,0.0049545937,0.09079828,0.0002101943828165,1,96.9100673161941,27,3.332204510175204,360.0,365.0,1,87,435
0.0049405023,0.034012176,4.185231e-05,0.0892625,2462.8506566555006,-5.13959676027298e-05,-0.025384459644556,8.846905457885896,-0.004875,0.0050075264,0.08849907,-0.000149677041918,1,107.90550839280333,28,3.367295829986474,365.0,370.0,1,86,430
0.0033561355,0.023765069,1.8203604e-05,0.1162,2702.77332808988,-0.0015843668952584,-0.0102471075952053,239.92267143437903,0.0269375,0.004429512,0.03905796,-0.0016357628628611,1,115.24247788975994,29,3.4011973816621555,370.0,375.0,1,85,425
0.0035125348,0.036265496,2.1566004e-05,0.11895,2777.2088040526314,0.0001563993282616,0.0125004276633262,74.43547596275175,0.00275,0.003936391,0.03134758,-0.0014279675669968,1,134.13284177551023,30,3.4339872044851463,375.0,380.0,1,84,420
0.004056702,0.04025291,3.0071136e-05,0.105925,2762.1900735168792,0.0005441671237349,0.0039874128997325,-15.018730535752184,-0.0130249999999999,0.0036417907,0.033427823,0.0007005664519965,1,32.13954294400142,31,3.4657359027997265,380.0,385.0,1,83,415
0.004910129,0.03148732,4.0637442e-05,0.0876,2419.319632734702,0.0008534272201359,-0.0087655894458293,-342.8704407821774,-0.018325,0.0041597886,0.036001906,0.0013975943438708,1,165.2843880426516,32,3.4965075614664802,385.0,390.0,1,82,410
0.0030701703,0.021492304,1.5534399e-05,0.1085,2781.8179215520054,-0.0018399588298052,-0.0099950153380632,362.4982888173036,0.0209,0.0040123337,0.03107751,-0.0009865316096693,1,166.44999281603666,33,3.5263605246161616,390.0,395.0,1,81,405
0.0040790224,0.026110206,2.859314e-05,0.0968625,2586.8244439269656,0.0010088521521538,0.0046179015189409,-194.99347762503976,-0.0116374999999999,0.004019774,0.026363278,-0.0008311066776514,1,148.13107089644032,34,3.5553480614894135,395.0,400.0,1,80,400
0.0063824006,0.08221519,8.3447936e-05,0.095525,2406.2890832130283,0.0023033781908452,0.0561049841344356,-180.53536071393728,-0.0013375,0.004510531,0.043272566,0.0033122303429991,1,153.34687665139373,35,3.58351893845611,400.0,405.0,1,79,395
0.0069003706,0.052374814,8.374365e-05,0.0803875,2347.73346471571,0.0005179699510335,-0.0298403762280941,-58.55561849731839,-0.0151374999999999,0.0057872646,0.053566735,0.0028213481418788,1,101.75475597179286,36,3.6109179126442243,405.0,410.0,1,78,390
0.004550358,0.037297226,3.6419173e-05,0.11275,2633.376115474861,-0.0023500127717852,-0.0150775872170925,285.6426507591509,0.0323625,0.0059443763,0.05729574,-0.0018320428207516,1,123.19316567073945,37,3.6375861597263857,410.0,415.0,1,77,385
0.004893732,0.05247126,4.7605452e-05,0.117975,2572.0367646770046,0.0003433739766478,0.0151740349829196,-61.33935079785624,0.0052249999999999,0.0054481532,0.047381103,-0.0020066387951374,1,122.7763143383316,38,3.6635616461296463,415.0,420.0,1,76,380
0.004975879,0.04409235,4.367058e-05,0.0804125,2369.958727707417,8.214730769395828e-05,-0.0083789117634296,-202.07803696958763,-0.0375625,0.0048066564,0.044620275,0.0004255212843418,1,112.53975552370044,39,3.6888794541139363,420.0,425.0,1,75,375
0.0069900053,0.056819037,8.600531e-05,0.08975,2415.104267075031,0.002014126162976,0.0127266868948936,45.14553936761422,0.0093374999999999,0.0056198724,0.05112755,0.0020962734706699,1,86.60347796061222,40,3.713572066704308,425.0,430.0,1,74,370
0.0037154052,0.028747942,2.3876079e-05,0.115875,2854.218544904621,-0.0032746000215411,-0.0280710943043231,439.1142778295903,0.026125,0.0052270964,0.043219775,-0.001260473858565,1,218.42034888679552,41,3.7376696182833684,430.0,435.0,1,73,365
0.005655944,0.047947526,5.4608314e-05,0.086475,2419.693668057324,0.0019405386410653,0.0191995836794376,-434.5248768472975,-0.0294,0.0054537845,0.044504836,-0.0013340613804757,1,205.9272471838154,42,3.7612001156935624,435.0,440.0,1,72,360
0.0059066582,0.059111092,6.7102264e-05,0.1213875,2651.934266294427,0.0002507143653929,0.0111635662615299,232.2405982371029,0.0349125,0.0050926693,0.045268852,0.0021912530064582,1,177.53450163639033,43,3.784189633918261,440.0,445.0,1,71,355
0.004379061,0.062299073,3.4417248e-05,0.1073375,2726.6255501584824,-0.0015275971964001,0.0031879805028438,74.69128386405555,-0.0140499999999999,0.005313888,0.05645256,-0.0012768828310072,1,130.69118120590306,44,3.8066624897703196,445.0,450.0,1,70,350
0.0033636237,0.07315299,2.064337e-05,0.116225,2864.015512041277,-0.0010154373012483,0.0108539164066314,137.38996188279452,0.0088874999999999,0.004549781,0.06485438,-0.0025430344976484,1,87.83396224250014,45,3.828641396489095,450.0,455.0,1,69,345
0.0032806667,0.061713986,2.2647084e-05,0.1503375,2954.284111991194,-8.295709267258644e-05,-0.0114390030503273,90.2685999499172,0.0341125,0.0036744506,0.06572202,-0.0010983943939208,1,93.60249435114936,46,3.8501476017100584,455.0,460.0,1,68,340
0.006704161,0.08458668,7.911414e-05,0.1001625,2429.46972538726,0.0034234942868351,0.0228726938366889,-524.814386603934,-0.050175,0.0044494835,0.07315122,0.0033405371941626,1,229.10662273325443,47,3.8712010109078907,460.0,465.0,1,67,335
0.0049240943,0.039237928,4.1983174e-05,0.09975,2552.340320876975,-0.0017800666391849,-0.0453487522900104,122.870595489715,-0.0004124999999999,0.0049696406,0.0618462,0.0016434276476502,1,224.12450280981767,48,3.8918202981106265,465.0,470.0,1,66,330
0.004750555,0.051087692,4.1277417e-05,0.1083625,2536.4645151071327,-0.0001735393889248,0.0118497647345066,-15.875805769842373,0.0086124999999999,0.0054596034,0.0583041,-0.0019536060281097,1,54.56607561483875,49,3.912023005428146,470.0,475.0,1,65,325
0.006850078,0.059315443,8.409502e-05,0.0972,2510.6738536179714,0.0020995228551328,0.0082277506589889,-25.790661489161263,-0.0111625,0.0055082426,0.049880356,0.0019259834662079,1,17.17004472503037,50,3.9318256327243257,475.0,480.0,1,64,320
0.0074471207,0.06517412,0.00010592031,0.0915375,2393.363706518283,0.0005970429629087,0.0058586746454238,-117.31014709968848,-0.0056625,0.0063492507,0.058525752,0.0026965658180415,1,62.27597204859965,51,3.9512437185814275,480.0,485.0,1,63,315
0.00585124,0.047671355,5.903547e-05,0.06785,2256.7639378860567,-0.0015958808362483,-0.0175027623772621,-136.5997686322262,-0.0236875,0.0067161457,0.057386976,-0.0009988378733396,1,103.75795161491976,52,3.970291913552122,485.0,490.0,1,62,310
0.004336713,0.046528958,3.2323478e-05,0.094175,2439.4675725800967,-0.001514527015388,-0.0011423975229263,182.70363469403992,0.026325,0.0058783577,0.05312481,-0.0031104078516364,1,77.57840577737866,53,3.9889840465642745,490.0,495.0,1,61,305
0.0072815446,0.06933114,0.0001014364,0.079525,2243.839452006786,0.0029448317363858,0.0228021815419197,-195.62812057331075,-0.0146499999999999,0.0058231656,0.054510485,0.0014303047209978,1,89.32961560964505,54,4.007333185232471,495.0,500.0,1,60,300
0.0049271323,0.04104115,4.1858042e-05,0.0778625,2300.018490324629,-0.0023544123396277,-0.0282899886369705,56.17903831784315,-0.0016624999999999,0.00551513,0.052300412,0.000590419396758,1,82.24117139193298,55,4.02535169073515,500.0,505.0,1,59,295
0.004403763,0.032959767,3.492228e-05,0.0956375,2502.891576179677,-0.0005233692936599,-0.0080813840031623,202.873085855048,0.017775,0.00553748,0.047777355,-0.0028777816332876,1,111.26623544411862,56,4.04305126783455,505.0,510.0,1,58,290
0.0037901753,0.02655074,2.4074721e-05,0.0976375,2598.2249774145994,-0.0006135876756161,-0.0064090266823768,95.33340123492236,0.002,0.00437369,0.03351722,-0.001136956969276,1,124.3530168949623,57,4.060443010546419,510.0,515.0,1,57,285
0.005472423,0.049316406,5.080911e-05,0.0866375,2325.880929042061,0.0016822477336972,0.0227656662464141,-272.3440483725385,-0.0109999999999999,0.004555454,0.036275636,0.0010686600580811,1,112.83838357729948,58,4.07753744390572,515.0,520.0,1,56,280
0.0039191744,0.026089007,2.5649566e-05,0.1012625,2499.5285312777337,-0.0015532486140727,-0.0232273992151021,173.64760223567282,0.0146249999999999,0.004393924,0.033985384,0.0001289991196244,1,112.57874228299512,59,4.0943445622221,520.0,525.0,1,55,275
0.007434884,0.0571037,0.000100841215,0.0649625,2214.326316619249,0.003515709657222,0.0310146939009428,-285.20221465848454,-0.0363,0.005608827,0.044169705,0.0019624610431492,1,117.34953702560118,60,4.110873864173311,525.0,530.0,1,54,270
0.0054421546,0.033030435,4.8076203e-05,0.0860375,2331.7539380652543,-0.0019927294924855,-0.0240732654929161,117.4276214460051,0.0210749999999999,0.0055987374,0.03874105,0.0015229801647365,1,117.03649176986708,61,4.127134385045092,530.0,535.0,1,53,265
0.004677071,0.06410838,4.0197367e-05,0.095025,2539.82630287302,-0.000765083823353,0.0310779437422752,208.07236480776555,0.0089874999999999,0.00585137,0.051414173,-0.0027578133158385,1,134.5913965908037,62,4.143134726391533,535.0,540.0,1,52,260
0.009499088,0.070251375,0.00015862533,0.0569125,2126.55585583472,0.0048220171593129,0.006142996251583,-413.27044703830006,-0.0381125,0.006539438,0.05579673,0.0040569333359599,1,168.7183136812564,63,4.1588830833596715,540.0,545.0,1,51,255
0.007271713,0.111803845,0.00011115568,0.089025,2328.5659884632214,-0.002227374818176,0.0415524691343307,202.01013262850165,0.0321125,0.0071492903,0.08205453,0.0025946423411369,1,168.73104058904187,64,4.174387269895637,545.0,550.0,1,50,250
0.004599838,0.044540834,3.520093e-05,0.080925,2411.303338609975,-0.0026718750596046,-0.0672630071640014,82.73735014675367,-0.0081,0.007123546,0.07553202,-0.0048992498777806,1,119.59872339560953,65,4.189654742026425,550.0,555.0,1,49,245
0.005890369,0.044826344,5.803343e-05,0.091825,2306.5950546397776,0.0012905308976769,0.0002855099737644,-104.7082839701975,0.0109,0.0059206397,0.067057006,-0.0013813441619277,1,45.082659606012335,66,4.204692619390966,555.0,560.0,1,48,240
0.0053165774,0.05251255,5.1281775e-05,0.0927625,2379.261951088077,-0.0005737915635108,0.0076862052083015,72.66689644829967,0.0009374999999999,0.005268928,0.047293246,0.000716739334166,1,43.80633273060447,67,4.219507705176107,560.0,565.0,1,47,235
0.004990997,0.03851082,4.388783e-05,0.1278125,2661.780947171356,-0.0003255805931985,-0.014001727104187,282.5189960832786,0.03505,0.005399314,0.04528324,-0.0008993721567094,1,153.20809350567225,68,4.23410650459726,565.0,570.0,1,46,230
0.0056354245,0.05629167,5.480206e-05,0.083975,2500.014704350782,0.0006444277241826,0.0177808478474617,-161.766242820574,-0.0438375,0.005314333,0.049105015,0.000318847130984,1,115.74230374447848,69,4.248495242049359,570.0,575.0,1,45,225
0.0046806894,0.0397852,3.808291e-05,0.093325,2553.25968796768,-0.0009547350928187,-0.0165064707398414,53.244983616898026,0.00935,0.0051023704,0.044862565,-0.0003103073686361,1,67.31370117739782,70,4.2626798770413155,575.0,580.0,1,44,220
0.0033979844,0.026423473,1.9288955e-05,0.1010125,2492.1108490419588,-0.0012827049940824,-0.0133617259562015,-61.148838925721066,0.0076875,0.004571366,0.040833447,-0.0022374400869011,1,27.15527309355573,71,4.276666119016055,580.0,585.0,1,43,215
0.004239582,0.06606977,3.356905e-05,0.1109375,2588.990375823248,0.0008415975607931,0.0396462939679622,96.87952678128886,0.0099249999999999,0.0041060853,0.044092815,-0.0004411074332892,1,40.0020905925376,72,4.290459441148391,585.0,590.0,1,42,210
0.006106631,0.07417226,7.073082e-05,0.096775,2511.7004191364663,0.001867048908025,0.0081024914979934,-77.28995668678135,-0.0141624999999999,0.0045813993,0.055555165,0.0027086464688181,1,41.82387857366042,73,4.304065093204169,590.0,595.0,1,41,205
0.006296141,0.101179585,7.926301e-05,0.1248125,2569.983302917588,0.0001895101740956,0.0270073264837265,58.28288378112165,0.0280375,0.0055474513,0.08047387,0.0020565590821206,1,32.88346556305452,74,4.31748811353631,595.0,600.0,1,40,200
0.0053404556,0.07458572,5.439541e-05,0.0703125,2249.988707533732,-0.0009556855075061,-0.0265938639640808,-319.994595383856,-0.0545,0.005914409,0.08331252,-0.0007661753334105,1,139.15876448892396,75,4.330733340286331,600.0,605.0,1,39,195
0.005473781,0.04442834,5.1706254e-05,0.07895,2186.1232047253734,0.0001333253458142,-0.0301573798060417,-63.86550280835854,0.0086375,0.005703459,0.07339788,-0.0008223601616919,1,167.93646897561482,76,4.343805421853684,605.0,610.0,1,38,190
0.0051177666,0.07714818,5.790203e-05,0.0731375,2140.275768110319,-0.0003560143522918,0.0327198356389999,-45.84743661505445,-0.0058125,0.0053106677,0.06538741,-0.0002226890064775,1,44.991010176183934,77,4.356708826689592,610.0,615.0,1,37,185
0.005745505,0.05204974,6.940432e-05,0.068125,2011.8818499575725,0.0006277384236454,-0.0250984355807304,-128.39391815274644,-0.0050124999999999,0.005445684,0.05787542,0.0002717240713536,1,73.7465896568213,78,4.3694478524670215,615.0,620.0,1,36,180
0.0089699235,0.08992489,0.00015204218,0.0704375,1991.322835645489,0.0032244184985756,0.0378751456737518,-20.55901431208349,0.0023124999999999,0.0066110655,0.07304094,0.0038521569222211,1,65.90788806101604,79,4.382026634673881,620.0,625.0,1,35,175
0.006153386,0.04632911,6.406911e-05,0.0639875,2002.95667613506,-0.0028165373951196,-0.0435957759618759,11.633840489570956,-0.0064499999999999,0.006956272,0.062767915,0.000407881103456,1,8.417429284152004,80,4.394449154672439,625.0,630.0,1,34,170
0.010892731,0.11405432,0.00026869174,0.0815375,2068.102287494506,0.0047393450513482,0.0677252113819122,65.1456113594461,0.0175499999999999,0.008672014,0.08343611,0.0019228076562285,1,33.78754068549908,81,4.406719247264253,630.0,635.0,1,33,165
0.0046783914,0.03654238,3.823039e-05,0.072925,2303.9448700826906,-0.0062143397517502,-0.0775119438767433,235.8425825881845,-0.0086124999999999,0.0072415024,0.06564194,-0.001474994700402,1,129.2970599206499,82,4.418840607796598,635.0,640.0,1,32,160
0.0036116363,0.045020852,2.2268026e-05,0.0971875,2656.834256271037,-0.0010667550377547,0.0084784738719463,352.8893861883462,0.0242624999999999,0.0063942536,0.06520585,-0.007281094789505,1,241.9269801925417,83,4.430816798843313,640.0,645.0,1,31,155
0.004390996,0.042128652,3.5035377e-05,0.0759125,2368.963633837603,0.000779359601438,-0.0028921999037265,-287.8706224334337,-0.021275,0.004227008,0.04123063,-0.0002873954363167,1,153.34342495226466,84,4.442651256490317,645.0,650.0,1,30,150
0.0044915588,0.05875717,3.580284e-05,0.08395,2246.276034235558,0.0001005628146231,0.0166285187005996,-122.68759960204488,0.0080375,0.0041647307,0.048635557,0.0008799224160611,1,172.07227035859657,85,4.454347296253507,650.0,655.0,1,29,145
0.0086010685,0.08482002,0.00014114201,0.09685,2256.483651203528,0.0041095097549259,0.0260628461837768,10.207616967969898,0.0129,0.005827874,0.061901946,0.004210072569549,1,55.58595849236896,86,4.465908118654584,655.0,660.0,1,28,140
0.004273403,0.03466729,3.1428128e-05,0.084525,2242.020755731466,-0.0043276655487716,-0.0501527264714241,-14.462895472061971,-0.012325,0.005788677,0.059414823,-0.0002181557938456,1,6.068847453713155,87,4.477336814478207,660.0,665.0,1,27,135
0.0040604677,0.053459894,3.0583156e-05,0.0786125,2160.615688400363,-0.0002129352651536,0.0187926031649112,-81.40506733110306,-0.0059125,0.0056449794,0.057649065,-0.0045406008139252,1,42.19877120992222,88,4.48863636973214,665.0,670.0,1,26,130
0.004773269,0.05787132,4.1559244e-05,0.0844375,2247.7765356857844,0.0007128012366592,0.0044114254415035,87.16084728542137,0.0058249999999999,0.0043690465,0.048666168,0.0004998659715056,1,39.800791853619785,89,4.499809670330265,670.0,675.0,1,25,125
0.0058680153,0.07214178,7.597676e-05,0.10705,2353.5167055922384,0.0010947464033961,0.0142704620957374,105.74016990645396,0.0226125,0.004900584,0.061157662,0.0018075476400554,1,78.87317475614358,90,4.51085950651685,675.0,680.0,1,24,120
0.0030579106,0.03427717,1.6181231e-05,0.0846875,2429.5940190586416,-0.0028101047500967,-0.0378646105527877,76.07731346640321,-0.0223625,0.004566398,0.054763425,-0.0017153583467006,1,74.55522816167169,91,4.5217885770490405,680.0,685.0,1,23,115
0.0037064056,0.038836904,2.5679934e-05,0.0845375,2319.822328321279,0.0006484950426965,0.0045597329735755,-109.7716907373624,-0.0001499999999999,0.004210777,0.048418622,-0.0021616097074002,1,45.91404139050643,92,4.532599493153256,685.0,690.0,1,22,110
0.003120981,0.052896664,1.7196598e-05,0.0920375,2411.1708695461425,-0.0005854247137904,0.0140597596764564,91.34854122486333,0.0074999999999999,0.0032950991,0.042003583,6.307032890617847e-05,1,47.99744496580531,93,4.543294782270004,690.0,695.0,1,21,105
0.011866508,0.18661672,0.00031538346,0.1039625,2361.1112731766825,0.008745526894927,0.1337200552225113,-50.05959636946,0.011925,0.006231298,0.09278343,0.0081601021811366,1,37.35013928258478,94,4.553876891600541,695.0,700.0,1,20,100
0.005800605,0.066638455,5.9341633e-05,0.095825,2351.537172112312,-0.0060659032315015,-0.1199782639741897,-9.574101064370552,-0.0081375,0.0069293645,0.10205061,0.002679623896256,1,26.14872945605512,95,4.564348191467836,700.0,705.0,1,19,95
0.007890561,0.07365909,0.00011010028,0.0903125,2260.631701733065,0.002089955843985,0.0070206373929977,-90.90547037924716,-0.0055124999999999,0.008519225,0.108971424,-0.0039759473875164,1,45.27890388538334,96,4.574710978503383,705.0,710.0,1,18,90
0.008330919,0.061278727,0.00011905309,0.064075,2068.617810336252,0.000440358184278,-0.0123803652822971,-192.01389139681305,-0.0262375,0.0073406943,0.06719209,0.002530314028263,1,117.93430577232044,97,4.584967478670572,710.0,715.0,1,17,85
0.015939498,0.2256352,0.00053182116,0.071775,1958.808546985024,0.0076085794717073,0.1643564701080322,-109.80926335122786,0.0077,0.010720325,0.12019101,0.0080489376559853,1,124.73288150156284,98,4.59511985013459,715.0,720.0,1,16,80
0.012041323,0.1856398,0.00027760072,0.077475,2091.358115929312,-0.003898175433278,-0.039995402097702,132.54956894428778,0.0056999999999999,0.012103912,0.15751791,0.0037104040384292,1,57.87398575403246,99,4.605170185988092,720.0,725.0,1,15,75
0.008857259,0.07657358,0.0001422995,0.0709375,2085.8581235113747,-0.0031840642914175,-0.109066218137741,-5.499992417936937,-0.0065375,0.012279361,0.1626162,-0.0070822397246956,1,61.22928950486845,100,4.61512051684126,725.0,730.0,1,14,70
0.008501889,0.095899455,0.00013712888,0.066575,2167.5469977882194,-0.0003553694114089,0.0193258747458457,81.68887427684467,-0.0043625,0.009800157,0.119370945,-0.0035394337028265,1,37.27982447521581,101,4.624972813284271,730.0,735.0,1,13,65
0.005901114,0.083058655,8.157553e-05,0.09475,2286.229097160241,-0.0026007751002907,-0.0128407999873161,118.68209937202164,0.028175,0.0077534206,0.085177235,-0.0029561445116996,1,82.26450562596729,102,4.634728988229636,735.0,740.0,1,12,60
0.009126468,0.16254492,0.00019775536,0.0734125,1990.8299566071523,0.0032253535464406,0.0794862657785415,-295.3991405530887,-0.0213374999999999,0.007843156,0.113834344,0.0006245784461498,1,121.36950266513723,103,4.6443908991413725,740.0,745.0,1,11,55
0.005184419,0.055558823,5.0808896e-05,0.082275,2152.499753948538,-0.0039420486427843,-0.1069860979914665,161.66979734138567,0.0088624999999999,0.0067373333,0.10038746,-0.0007166950963437,1,120.7758773043606,104,4.653960350157523,745.0,750.0,1,10,50
0.009446063,0.101086445,0.00017786649,0.0824375,2195.675516821951,0.0042616440914571,0.0455276221036911,43.17576287341308,0.0001624999999999,0.007918984,0.10639673,0.0003195954486727,1,88.16838272546751,105,4.663439094112067,750.0,755.0,1,9,45
0.0041063465,0.031578913,2.8109445e-05,0.085525,2293.327545974181,-0.0053397165611386,-0.0695075318217277,97.65202915223016,0.0030875,0.0062456094,0.06274139,-0.0010780724696815,1,58.90909409521215,106,4.672828834461906,755.0,760.0,1,8,40
0.0061097373,0.06654671,6.854529e-05,0.085575,2076.948025309452,0.0020033908076584,0.0349677950143814,-216.37952066472965,4.999999999999449e-05,0.006554049,0.06640402,-0.0033363257534801,1,88.47613174780642,107,4.68213122712422,760.0,765.0,1,7,35
0.0065452894,0.084809005,8.985125e-05,0.084875,2044.8658522890337,0.0004355520941317,0.0182622969150543,-32.08217302041794,-0.0006999999999999,0.0055871247,0.060978208,0.0024389429017901,1,110.34419685576898,108,4.6913478822291435,765.0,770.0,1,6,30
0.004979419,0.047201008,4.5010016e-05,0.0760625,2008.614779210951,-0.0015658703632652,-0.0376079976558685,-36.251073078082754,-0.0088125,0.0058781486,0.06618557,-0.0011303182691335,1,27.91423103281986,109,4.700480365792417,770.0,775.0,1,5,25
0.006065507,0.044692487,6.476054e-05,0.085275,2040.072586182329,0.0010860878974199,-0.002508521080017,31.457806971378204,0.0092124999999999,0.0058634053,0.058900833,-0.0004797824658453,1,16.07865845264278,110,4.709530201312334,775.0,780.0,1,4,20
0.0057765427,0.047989096,5.9759277e-05,0.0910625,2215.301132921274,-0.0002889642491936,0.003296609967947,175.22854673894494,0.0057875,0.005607156,0.046627533,0.0007971236482262,1,90.92969568833564,111,4.718498871295094,780.0,785.0,1,3,15
0.006454114,0.058527946,7.774887e-05,0.1121,2377.897507208921,0.0006775711663067,0.010538849979639,162.596374287647,0.0210375,0.006098721,0.050403178,0.000388606917113,1,137.94858212406302,112,4.727387818712341,785.0,790.0,1,2,10
0.0030083852,0.023627453,1.4938466e-05,0.0898625,2289.2208950621957,-0.0034457286819815,-0.0349004939198493,-88.6766121467258,-0.0222375,0.0050796806,0.0433815,-0.0027681575156748,1,66.47075690213103,113,4.736198448394496,790.0,795.0,1,1,5
0.0037454602,0.056208163,2.432806e-05,0.087025,2424.650821425445,0.0007370749954134,0.0325807109475135,135.42992636325016,-0.0028374999999999,0.004402653,0.04612119,-0.0027086536865681,1,56.16511262618188,0,0.0,795.0,800.0,0,0,0
0.0055606756,0.047511905,5.390339e-05,0.102625,2313.142095431433,0.0018152154516428,-0.0086962580680847,-111.50872599401193,0.0155999999999999,0.00410484,0.042449176,0.0025522904470562,1,59.01759130845672,1,0.6931471805599453,800.0,805.0,1,43,215
0.0074456222,0.10331951,0.000115102805,0.080525,2298.673597845733,0.0018849465996026,0.0558076053857803,-14.468497585700334,-0.0220999999999999,0.0055839196,0.06901319,0.0037001620512455,1,56.28676009314353,2,1.0986122886681096,805.0,810.0,1,42,210
0.006006954,0.06518218,6.5385575e-05,0.0931375,2337.8305686252897,-0.0014386684633791,-0.0381373316049575,39.15697077955656,0.0126124999999999,0.0063377507,0.072004534,0.0004462781362235,1,16.16624223381763,3,1.3862943611198906,810.0,815.0,1,41,205
0.00591436,0.10972572,7.646355e-05,0.104,2398.3195141172027,-9.25939530134201e-05,0.0445435419678688,60.488945491913,0.0108624999999999,0.0064556454,0.09274247,-0.0015312624163925,1,40.98982193034888,4,1.6094379124341003,815.0,820.0,1,40,200
0.004183564,0.032764636,3.0495394e-05,0.0823375,2422.851731517253,-0.0017307959496974,-0.0769610852003097,24.53221740005029,-0.0216625,0.0053682923,0.06922418,-0.0018233899027109,1,35.7294468607691,5,1.791759469228055,820.0,825.0,1,39,195
0.004212539,0.061753124,3.6379282e-05,0.103775,2509.2735796661864,2.8975307941436768e-05,0.0289884880185127,86.42184814893335,0.0214375,0.004770154,0.06808116,-0.001701820641756,1,47.58777876477762,6,1.9459101490553132,825.0,830.0,1,38,190
0.0065831896,0.076961935,8.810048e-05,0.092675,2305.779716295144,0.0023706504143774,0.0152088105678558,-203.49386337104212,-0.0111,0.0049930974,0.0571599,0.0023996257223188,1,83.38954438544928,7,2.0794415416798357,830.0,835.0,1,37,185
0.0049721748,0.043257937,4.5799807e-05,0.0757,2213.42675858246,-0.0016110148280858,-0.0337039977312088,-92.3529577126842,-0.0169749999999999,0.005255968,0.060657665,0.0007596355862915,1,123.58719943303171,8,2.1972245773362196,835.0,840.0,1,36,180
0.0056409636,0.047559734,5.6038152e-05,0.08065,2068.66652672404,0.0006687887944281,0.0043017975986003,-144.76023185841996,0.0049499999999999,0.0057321093,0.055926535,-0.0009422260336577,1,97.58600662126302,9,2.302585092994046,840.0,845.0,1,35,175
0.0036048417,0.032575812,2.4032815e-05,0.0780875,2297.1187224709624,-0.0020361219067126,-0.0149839222431182,228.4521957469224,-0.0025624999999999,0.0047393264,0.041131165,-0.0013673331122845,1,94.3694131760969,10,2.3978952727983707,845.0,850.0,1,34,170
0.0045769652,0.056711078,3.9905088e-05,0.084325,2141.809554502237,0.0009721235837787,0.0241352654993534,-155.30916796872498,0.0062374999999999,0.0046075904,0.045615543,-0.0010639983229339,1,95.25477293920174,11,2.4849066497880004,850.0,855.0,1,33,165
0.0040720496,0.040227942,3.221974e-05,0.0931375,2297.798362793809,-0.0005049156025052,-0.0164831355214118,155.9888082915718,0.0088125,0.0040846188,0.043171614,0.0004672079812735,1,73.3741612697328,12,2.5649493574615367,855.0,860.0,1,32,160
0.005193547,0.05051031,5.1863564e-05,0.10445,2380.543449748812,0.001121497247368,0.0102823674678802,82.74508695500253,0.0113125,0.0046141874,0.049149778,0.0006165816448628,1,98.97986914688931,13,2.639057329615259,860.0,865.0,1,31,155
0.0034035514,0.03040188,2.011056e-05,0.0928,2270.150275768918,-0.0017899954691529,-0.0201084297150373,-110.39317397989362,-0.01165,0.004223049,0.040380042,-0.0006684982217848,1,46.90157423641075,14,2.70805020110221,865.0,870.0,1,30,150
0.0037825222,0.03378757,2.6776172e-05,0.0765625,2107.0563689563505,0.0003789707552641,0.0033856909722089,-163.09390681256764,-0.0162374999999999,0.00412654,0.038233254,-0.0014110247138887,1,112.33949471783376,15,2.772588722239781,870.0,875.0,1,29,145
0.0049619284,0.053300798,4.9137092e-05,0.0712875,2203.3298268003123,0.0011794061865657,0.019513227045536,96.27345784396176,-0.005275,0.004049334,0.039163414,0.0015583769418299,1,66.94373551721179,16,2.833213344056216,875.0,880.0,1,28,140
0.0053088632,0.06688057,5.3178774e-05,0.0738375,2058.7845926451346,0.0003469348885118,0.0135797709226608,-144.5452341551777,0.0025499999999999,0.0046844375,0.051322978,0.0015263410750776,1,60.08518747989604,17,2.8903717578961645,880.0,885.0,1,27,135
0.003741326,0.040187374,2.5509993e-05,0.100025,2294.0214022630043,-0.0015675371978431,-0.026693195104599,235.23680961786977,0.0261875,0.0046707056,0.053456247,-0.0012206023093312,1,96.87027016472096,18,2.9444389791664403,885.0,890.0,1,26,130
0.0032215428,0.028348502,1.8446794e-05,0.07405,2278.728189079995,-0.0005197832360863,-0.0118388719856739,-15.293213183009357,-0.0259749999999999,0.0040905774,0.045138817,-0.0020873204339295,1,107.46856107788278,19,2.995732273553991,890.0,895.0,1,25,125
0.004710021,0.08632294,7.053209e-05,0.07865,2196.4862599549906,0.0014884781558066,0.0579744391143322,-82.24192912500439,0.0045999999999999,0.0038909633,0.051619608,0.0009686949197202,1,42.83135048679973,20,3.044522437723423,895.0,900.0,1,24,120
0.0047741607,0.043882027,4.2876007e-05,0.0948625,2304.125940765165,6.41397200524807e-05,-0.0424409136176109,107.63968081017448,0.0162125,0.0042352416,0.052851155,0.0015526178758591,1,45.94088179604069,21,3.091042453358316,900.0,905.0,1,23,115
0.004425331,0.040021807,3.6734396e-05,0.0808125,2200.8211204821014,-0.0003488296642899,-0.0038602203130722,-103.30482028306368,-0.01405,0.004636504,0.056742262,-0.0002846899442374,1,49.75158042651268,22,3.1354942159291497,905.0,910.0,1,22,110
0.007610657,0.080334395,0.00013897021,0.0638625,1967.835679057712,0.0031853257678449,0.0403125882148742,-232.98544142438936,-0.0169499999999999,0.005603383,0.054746076,0.0028364961035549,1,140.65135853856708,23,3.1780538303479458,910.0,915.0,1,21,105
0.0074999863,0.0917498,0.000119264376,0.0605375,1855.8677058180128,-0.0001106704585254,0.0114154070615768,-111.96797323969918,-0.003325,0.0065119914,0.070702,0.0030746553093194,1,143.68634870421295,24,3.2188758248682006,915.0,920.0,1,20,100
0.012840448,0.27043545,0.0004178367,0.068325,1768.9495917898098,0.0053404616191983,0.178685650229454,-86.91811402820304,0.0077874999999999,0.00931703,0.14750655,0.0052297911606729,1,81.40929600642895,25,3.258096538021482,920.0,925.0,1,19,95
0.010679186,0.10597381,0.00023216581,0.0581,1862.984325088823,-0.0021612616255879,-0.1644616425037384,94.03473329901315,-0.0102249999999999,0.010339874,0.15605302,0.0031791999936103,1,42.749835454760536,26,3.295836866004329,925.0,930.0,1,18,90
0.0063784374,0.05505156,7.302665e-05,0.0599,1765.1309202157574,-0.0043007489293813,-0.0509222485125064,-97.85340487306551,0.0018,0.009966024,0.14382027,-0.0064620105549693,1,45.25532769674638,27,3.332204510175204,930.0,935.0,1,17,85
0.0062914896,0.06142385,7.161341e-05,0.0698125,2060.048919434032,-8.694780990481377e-05,0.0063722878694534,294.91799921827464,0.0099124999999999,0.007783038,0.07414974,-0.0043876967392861,1,122.64962266219264,28,3.367295829986474,935.0,940.0,1,16,80
0.006694385,0.066462755,8.792036e-05,0.0991875,2673.135029972681,0.0004028952680528,0.0050389058887958,613.0861105386489,0.029375,0.006454771,0.060979385,0.000315947458148,1,378.2008091732607,29,3.4011973816621555,940.0,945.0,1,15,75
0.004840006,0.04036881,4.3536784e-05,0.0625875,1907.0868818240765,-0.0018543787300586,-0.0260939449071884,-766.0481481486045,-0.0365999999999999,0.0059419596,0.05608514,-0.0014514834620058,1,331.00885002722345,30,3.4339872044851463,945.0,950.0,1,14,70
0.0031384998,0.024181854,1.6638276e-05,0.067625,1953.6070103311783,-0.0017015063203871,-0.0161869563162326,46.520128507101845,0.0050375,0.0048909634,0.043671142,-0.0035558850504457,1,350.66832361576945,31,3.4657359027997265,950.0,955.0,1,13,65
0.00352148,0.034833223,2.1682667e-05,0.07005,2061.937456129645,0.0003829800989478,0.0106513686478137,108.3304457984666,0.0024249999999999,0.0038333286,0.033127964,-0.0013185262214392,1,64.87450124490461,32,3.4965075614664802,955.0,960.0,1,12,60
0.003914247,0.042726506,3.107272e-05,0.087425,2408.28156090714,0.0003927669022232,0.0078932829201221,346.344104777495,0.017375,0.0035247423,0.033913862,0.0007757470011711,1,193.91254367267723,33,3.5263605246161616,960.0,965.0,1,11,55
0.0066898195,0.062123116,8.6306456e-05,0.0761375,2127.670564741564,0.0027755727060139,0.0193966105580329,-280.6109961655761,-0.0112875,0.0047085155,0.046560947,0.0031683396082371,1,150.19158566864144,34,3.5553480614894135,965.0,970.0,1,10,50
0.0062858793,0.05208537,7.778035e-05,0.0825125,2100.311705965703,-0.0004039402119815,-0.0100377462804317,-27.35885877586088,0.006375,0.0056299823,0.052311663,0.0023716324940323,1,139.17872996626565,35,3.58351893845611,970.0,975.0,1,9,45
0.0049189273,0.03508997,4.1754938e-05,0.0737,2060.065572203043,-0.0013669519685208,-0.0169954001903533,-40.24613376266007,-0.0088125,0.005964875,0.049766153,-0.0017708921805024,1,27.76627341156673,36,3.6109179126442243,975.0,980.0,1,8,40
0.00302765,0.023607215,1.5863396e-05,0.0979,2188.8688123149004,-0.0018912772648036,-0.0114827547222375,128.80324011185758,0.0242,0.004744152,0.036927518,-0.0032582292333245,1,53.802506169526914,37,3.6375861597263857,980.0,985.0,1,7,35
0.004414878,0.038246185,3.6243277e-05,0.0704625,2037.3161414443653,0.0013872277922928,0.0146389696747064,-151.55267087053517,-0.0274375,0.004120485,0.032314457,-0.0005040494725108,1,66.7299893527386,38,3.6635616461296463,985.0,990.0,1,6,30
0.0028975108,0.041185886,1.6535192e-05,0.123025,2499.70329577937,-0.0015173670835793,0.0029397010803222,462.3871543350047,0.0525625,0.0034466796,0.034346428,-0.0001301392912864,1,192.4659186720945,39,3.6888794541139363,990.0,995.0,1,5,25
0.004968982,0.052205928,4.6146833e-05,0.0857625,2004.356992773671,0.0020714714191854,0.011020042002201,-495.3463030056989,-0.0372624999999999,0.0040937904,0.04387933,0.000554104335606,1,226.14060175930223,40,3.713572066704308,995.0,1000.0,1,4,20
0.00344494,0.032130457,2.129612e-05,0.0729625,2132.595750679038,-0.0015240421053022,-0.0200754702091217,128.2387579053668,-0.0128,0.0037704774,0.04184076,0.0005474293138831,1,209.9156149504201,41,3.7376696182833684,1000.0,1005.0,1,3,15
0.0034715736,0.06610337,2.4253432e-05,0.0881375,2396.339121872019,2.6633497327566147e-05,0.0339729115366935,263.7433711929812,0.0151749999999999,0.003961832,0.050146583,-0.0014974086079746,1,163.18215262223032,42,3.7612001156935624,1005.0,1010.0,1,2,10
0.0032786187,0.028550576,1.9330057e-05,0.0809625,2279.6091733776266,-0.0001929549034684,-0.0375527925789356,-116.72994849439236,-0.0071749999999999,0.0033983774,0.042261466,-0.0001663214061409,1,107.90911462754,43,3.784189633918261,1010.0,1015.0,1,1,5
0.004834227,0.038563646,4.2432515e-05,0.05925,1867.6497928643569,0.0015556081198155,0.0100130699574947,-411.95938051326993,-0.0217125,0.0038614732,0.044405866,0.001362653216347,1,226.77664456341,0,0.0,1015.0,1020.0,0,0,0
0.0033871923,0.02898665,2.0475847e-05,0.078775,2185.7208655323348,-0.0014470345340669,-0.0095769967883825,318.0710726679781,0.019525,0.003833346,0.032033622,0.0001085735857486,1,176.28725069269052,0,0.0,1020.0,1025.0,0,0,0
0.003419976,0.028582346,1.9445204e-05,0.0651875,2244.08946431977,3.278371877968311e-05,-0.0004043038934469,58.36859878743508,-0.0135875,0.0038804652,0.032044213,-0.0014142508152872,1,165.42300217524036,0,0.0,1025.0,1030.0,0,0,0
0.0038777767,0.05322668,2.893356e-05,0.0674625,2260.07118360489,0.0004578006919473,0.0246443338692188,15.981719285120109,0.0022749999999999,0.0035616483,0.03693189,0.000490584410727,1,31.955313370057315,1,0.6931471805599453,1030.0,1035.0,1,22,110
0.005727107,0.07665043,6.460628e-05,0.0842875,2227.1136250481186,0.0018493304960429,0.0234237536787986,-32.957558556771346,0.016825,0.0043416196,0.05281982,0.0023071311879903,1,13.456907091850756,2,1.0986122886681096,1035.0,1040.0,1,21,105
0.005276305,0.0478986,5.0308736e-05,0.0809375,2263.094915307163,-0.0004508020356297,-0.0287518315017223,35.98129025904427,-0.00335,0.004960397,0.059258576,0.0013985284604132,1,16.295864738351863,3,1.3862943611198906,1040.0,1045.0,1,20,100
0.00527558,0.072326764,6.0998344e-05,0.1196,2472.3404120545474,-7.2503462433815e-07,0.0244281627237796,209.24549674738452,0.0386625,0.005426331,0.065625265,-0.000451527070254,1,108.12261980592103,4,1.6094379124341003,1045.0,1050.0,1,19,95
0.0044800835,0.07092625,3.989364e-05,0.1285625,3059.119176884912,-0.0007954966276884,-0.0014005154371261,586.7787648303647,0.0089624999999999,0.005010656,0.06371721,-0.0007962216623127,1,336.93844175412966,5,1.791759469228055,1050.0,1055.0,1,18,90
0.005538038,0.07423317,5.8299243e-05,0.112925,2569.6282729607447,0.0010579545050859,0.0033069178462028,-489.4909039241674,-0.0156375,0.0050979005,0.07249539,0.0002624578773975,1,256.76958797075696,6,1.9459101490553132,1055.0,1060.0,1,17,85
0.005915782,0.04005252,6.163649e-05,0.07895,2316.787854400218,0.0003777439706027,-0.034180648624897,-252.8404185605268,-0.0339749999999999,0.005311301,0.061737314,0.0014356984756886,1,308.1459637221433,7,2.0794415416798357,1060.0,1065.0,1,16,80
0.0060041347,0.055706214,6.509949e-05,0.102325,2376.246296450256,8.835271000862122e-05,0.015653695911169,59.45844205003823,0.0233749999999999,0.0058193184,0.056663964,0.0004660966806113,1,107.940401471256,8,2.1972245773362196,1065.0,1070.0,1,15,75
0.0059709325,0.10695284,7.040757e-05,0.1123625,2491.7350280029,-3.320211544632912e-05,0.0512466244399547,115.48873155264393,0.0100375,0.005963616,0.06757053,5.51505945622921e-05,1,72.63261204951901,9,2.302585092994046,1070.0,1075.0,1,14,70
0.005432762,0.08501722,6.0874958e-05,0.06885,2327.2396726285037,-0.000538170337677,-0.0219356194138526,-164.4953553743967,-0.0435125,0.0058026095,0.08255876,-0.0005713724531233,1,68.95893966202279,10,2.3978952727983707,1075.0,1080.0,1,13,65
0.0064977203,0.04732947,7.624447e-05,0.065975,2159.2148138756907,0.001064958050847,-0.037687748670578,-168.02485875281263,-0.0028749999999999,0.0059671383,0.079766504,0.00052678771317,1,135.75335801120144,11,2.4849066497880004,1080.0,1085.0,1,12,60
0.0046614343,0.3441852,0.0001201895,0.1119875,2638.7239868315314,-0.0018362859264016,0.2968557476997375,479.5091729558408,0.0460125,0.005530639,0.15884396,-0.0007713278755545,1,198.6576838299792,12,2.5649493574615367,1085.0,1090.0,1,11,55
0.00356587,0.048767537,2.2613069e-05,0.093625,2571.2936115824023,-0.0010955643374472,-0.2954176664352417,-67.43037524912916,-0.0183625,0.0049083414,0.14676073,-0.0029318502638489,1,211.9446568156785,13,2.639057329615259,1090.0,1095.0,1,10,50
0.0060495646,0.13685077,0.00012687617,0.115625,2473.5918926281715,0.0024836945813149,0.0880832374095916,-97.70171895423071,0.022,0.0047589564,0.17660117,0.0013881302438676,1,67.79142024445045,14,2.70805020110221,1095.0,1100.0,1,9,45
0.0032985108,0.03318639,2.0744936e-05,0.0821625,2347.2931659312544,-0.002751053776592,-0.1036643832921981,-126.29872669691711,-0.0334625,0.0043046484,0.0729349,-0.000267359195277,1,91.6958704412381,15,2.772588722239781,1100.0,1105.0,1,8,40
0.0034746516,0.036777142,2.0293734e-05,0.089375,2314.333396943261,0.0001761408057063,0.0035907514393329,-32.95976898799336,0.0072124999999999,0.0042742426,0.0689381,-0.0025749129708856,1,68.63833006323404,16,2.833213344056216,1105.0,1110.0,1,7,35
0.0036439735,0.04596363,2.4420598e-05,0.0845,2312.7747631703214,0.0001693218946456,0.0091864876449108,-1.5586337729396291,-0.0048749999999999,0.0034723787,0.038642388,0.000345462700352,1,15.917481096601598,17,2.8903717578961645,1110.0,1115.0,1,6,30
0.0036464825,0.03642092,2.300068e-05,0.0920125,2482.4804183029205,2.508983016014099e-06,-0.0095427110791206,169.70565513259908,0.0075124999999999,0.003588369,0.03972056,0.0001718308776617,1,79.63518172498927,18,2.9444389791664403,1115.0,1120.0,1,5,25
0.003543402,0.04428722,2.1967879e-05,0.1087,2526.207553854252,-0.0001030804123729,0.0078663006424903,43.727135551331685,0.0166875,0.003611286,0.04222392,-0.0001005714293569,1,92.0541072212061,19,2.995732273553991,1120.0,1125.0,1,4,20
0.0024405334,0.028124774,9.971055e-06,0.1205875,2772.4949835354687,-0.0011028687003999,-0.0161624457687139,246.2874296812165,0.0118874999999999,0.0032101395,0.036277637,-0.0012059491127729,1,127.66188348286292,20,3.044522437723423,1125.0,1130.0,1,3,15
0.004349595,0.050605625,4.075712e-05,0.10095,2311.849442408046,0.0019090615678578,0.0224808510392904,-460.6455411274228,-0.0196375,0.0034445103,0.041005872,0.0008061928674578,1,188.20828076077507,21,3.091042453358316,1130.0,1135.0,1,2,10
0.0028839929,0.018587813,1.3684403e-05,0.1051125,2445.6316819122108,-0.0014656020794063,-0.0320178121328353,133.78223950416486,0.0041624999999999,0.0032247072,0.032439403,0.0004434594884514,1,193.48603742773528,22,3.1354942159291497,1135.0,1140.0,1,1,5
0.0029560388,0.02682943,1.481146e-05,0.0829375,2457.2695465476645,7.204595021903515e-05,0.0082416180521249,11.637864635453752,-0.022175,0.003396542,0.032007623,-0.0013935561291873,1,65.9799078743761,0,0.0,1140.0,1145.0,0,0,0
0.006264604,0.06281153,7.457923e-05,0.098125,2339.3072224684447,0.0033085653558373,0.0359821021556854,-117.9623240792198,0.0151875,0.0040348787,0.03607626,0.0033806113060563,1,53.07797248854544,0,0.0,1145.0,1150.0,0,0,0
0.008324767,0.08847594,0.00014278495,0.0819375,2121.0051084147776,0.0020601633004844,0.0256644114851951,-218.30211405366708,-0.0161875,0.0058484697,0.059372302,0.0053687286563217,1,139.30170903286677,1,0.6931471805599453,1150.0,1155.0,1,3,15
0.0049475096,0.071299605,5.821603e-05,0.056675,2006.5785379205035,-0.0033772578462958,-0.0171763375401496,-114.42657049427407,-0.0252624999999999,0.0065122936,0.07419569,-0.0013170945458114,1,138.02480878305283,2,1.0986122886681096,1155.0,1160.0,1,2,10
0.0060741752,0.05347757,6.6068475e-05,0.068425,1809.8451918683356,0.0011266656219959,-0.0178220346570014,-196.73334605216812,0.0117499999999999,0.006448818,0.07108437,-0.0022505922242999,1,128.5033260050114,3,1.3862943611198906,1160.0,1165.0,1,1,5
0.004413121,0.052242517,3.9513354e-05,0.0742125,2215.6228156476163,-0.0016610543243587,-0.0012350529432296,405.7776237792809,0.0057875,0.005144935,0.05900656,-0.0005343887023627,1,165.6834329072202,0,0.0,1165.0,1170.0,0,0,0
0.006528241,0.078244686,8.62601e-05,0.08635,2014.9980611559,0.0021151201799511,0.0260021686553955,-200.62475449171663,0.0121374999999999,0.0056718457,0.06132159,0.0004540658555924,1,165.66145929164682,0,0.0,1170.0,1175.0,0,0,0
0.005215703,0.055211112,5.2666463e-05,0.085875,2029.9594946557936,-0.0013125380501151,-0.0230335742235183,14.961433499894156,-0.0004749999999999,0.005385688,0.06189944,0.000802582129836,1,91.25361811332064,1,0.6931471805599453,1175.0,1180.0,1,1,5
0.0031568129,0.032858096,1.7992545e-05,0.075425,2061.691280227894,-0.0020588901825249,-0.0223530158400535,31.73178557210008,-0.01045,0.004966919,0.055437963,-0.00337142823264,1,19.46794349485767,0,0.0,1180.0,1185.0,0,0,0
0.0033096618,0.07385251,2.89491e-05,0.0848875,2203.535709391667,0.0001528488937765,0.0409944131970405,141.84442916377293,0.0094624999999999,0.003894059,0.053973902,-0.0019060412887483,1,75.46555551480589,0,0.0,1185.0,1190.0,0,0,0
0.0031717555,0.0272996,1.7626271e-05,0.0963625,2322.844137121021,-0.0001379062887281,-0.0465529114007949,119.30842772935466,0.0114749999999999,0.0032127432,0.04467007,1.4942605048418043e-05,1,106.74744736760148,0,0.0,1190.0,1195.0,0,0,0
0.0035907815,0.03398434,2.4245217e-05,0.0722125,2068.422903342931,0.0004190260078758,0.0066847410053014,-254.42123377809048,-0.02415,0.0033573995,0.045045484,0.0002811197191476,1,103.93381199525211,0,0.0,1195.0,1200.0,0,0,0
0.0028170205,0.022826482,1.3448968e-05,0.07325,2133.5012465101736,-0.0007737609557807,-0.0111578591167926,65.07834316724256,0.0010374999999999,0.003193186,0.028036809,-0.0003547349479049,1,107.91770793393697,0,0.0,1200.0,1205.0,0,0,0
0.004091993,0.038075324,3.3178465e-05,0.094325,2220.17606467474,0.001274972455576,0.0152488425374031,86.67481816456575,0.021075,0.0034999317,0.031628717,0.0005012114997953,1,62.16173959693264,0,0.0,1205.0,1210.0,0,0,0
0.00697648,0.07695694,9.682346e-05,0.0826875,2054.818382714565,0.0028844871558248,0.0388816185295581,-165.35768196017443,-0.0116375,0.004628498,0.045952916,0.0041594598442316,1,67.53326763914298,1,0.6931471805599453,1210.0,1215.0,1,6,30
0.0066887466,0.052554205,8.332324e-05,0.0698,1778.8306113478548,-0.0002877335064113,-0.0244027376174926,-275.9877713667101,-0.0128874999999999,0.005919073,0.05586216,0.0025967536494135,1,182.05561485421572,2,1.0986122886681096,1215.0,1220.0,1,5,25
0.0048283893,0.037075985,4.070132e-05,0.0688875,1976.5355764246576,-0.0018603573553264,-0.0154782198369503,197.7049650768031,-0.0009124999999999,0.006164539,0.055529043,-0.0021480908617377,1,116.13435749673091,3,1.3862943611198906,1220.0,1225.0,1,4,20
0.0043768166,0.045147654,3.8464164e-05,0.0568125,1851.514331675277,-0.0004515727050602,0.0080716684460639,-125.02124474938093,-0.012075,0.0052979835,0.044925947,-0.0023119300603866,1,81.64999017169394,4,1.6094379124341003,1225.0,1230.0,1,3,15
0.005100984,0.20080361,5.1872325e-05,0.0624625,1905.594910313143,0.0007241675630211,0.155655950307846,54.08057863786598,0.0056499999999999,0.0047687297,0.09434241,0.0002725948579609,1,51.19418232229611,5,1.791759469228055,1230.0,1235.0,1,2,10
0.0041682767,0.056058403,3.4095814e-05,0.110475,2322.5087634409774,-0.0009327074512839,-0.1447452008724212,416.9138531278345,0.0480125,0.0045486926,0.10066989,-0.0002085398882627,1,210.4433480562192,6,1.9459101490553132,1235.0,1240.0,1,1,5
0.003514511,0.040201277,2.5438574e-05,0.088825,2108.3099877330856,-0.0006537656299769,-0.0158571265637874,-214.19877570789183,-0.02165,0.004261257,0.0990211,-0.0015864730812609,1,170.22588883207536,0,0.0,1240.0,1245.0,0,0,0
0.0031700495,0.021855999,1.7129787e-05,0.0763625,2035.070986346732,-0.0003444615285843,-0.0183452777564525,-73.23900138635395,-0.0124625,0.0036176124,0.039371893,-0.0009982271585613,1,121.95880112185036,0,0.0,1245.0,1250.0,0,0,0
0.0046562552,0.044420112,4.37334e-05,0.0485375,1781.7236158405578,0.0014862057287245,0.0225641131401062,-253.34737050617375,-0.027825,0.0037802719,0.03549246,0.0011417442001402,1,139.9235901691377,0,0.0,1250.0,1255.0,0,0,0
0.003075789,0.025162347,1.7525785e-05,0.073725,1939.3237687166647,-0.0015804662834852,-0.019257765263319,157.60015287610736,0.0251875,0.0036340312,0.030479485,-9.42605547606945e-05,1,104.4510666999753,0,0.0,1255.0,1260.0,0,0,0
0.0033142543,0.06612237,2.245447e-05,0.0728375,1915.159032098788,0.0002384653780609,0.0409600213170051,-24.16473661787745,-0.0008874999999999,0.0036820993,0.045234945,-0.0013420009054243,1,69.30348154986386,0,0.0,1260.0,1265.0,0,0,0
0.0034755112,0.03195846,2.1306176e-05,0.0638,2042.6592931414411,0.0001612568739801,-0.0341639071702957,127.50026104265362,-0.0090375,0.0032885184,0.04108106,0.0003997222520411,1,55.29565149659874,1,0.6931471805599453,1265.0,1270.0,1,18,90
0.005888634,0.046404988,6.23881e-05,0.09005,2204.166254224116,0.0024131226819008,0.0144465267658233,161.50696108267425,0.02625,0.004226133,0.04816194,0.002574379555881,1,118.25865694630932,2,1.0986122886681096,1270.0,1275.0,1,17,85
0.0079978,0.11641331,0.00013295033,0.0644,1861.4766985818808,0.0021091657690703,0.0700083225965499,-342.6895556422344,-0.02565,0.005787315,0.06492559,0.0045222882181406,1,139.9792693364773,3,1.3862943611198906,1275.0,1280.0,1,16,80
0.004596083,0.055740014,4.423466e-05,0.078075,2032.529305727594,-0.0034017167054116,-0.0606732964515686,171.05260714571273,0.013675,0.0061608385,0.07285277,-0.0012925509363412,1,139.9024930469691,4,1.6094379124341003,1280.0,1285.0,1,15,75
0.0081455745,0.14688544,0.00025362376,0.0774875,1964.936281209457,0.003549491520971,0.0911454260349273,-67.59302451813642,-0.0005875,0.006913152,0.10634625,0.0001477748155593,1,70.34178196675558,5,1.791759469228055,1285.0,1290.0,1,14,70
0.008016797,0.07099258,0.000120185076,0.0776125,2124.0218849026583,-0.0001287776976823,-0.0758928582072258,159.0856036932007,0.000125,0.0069194846,0.091206014,0.0034207138232886,1,65.19026709055827,6,1.9459101490553132,1290.0,1295.0,1,13,65
0.0073270416,0.08416177,9.863517e-05,0.095725,2294.755372938073,-0.0006897551938891,0.0131691917777061,170.73348803541467,0.0181125,0.007829804,0.100679934,-0.0008185328915715,1,134.676066713123,7,2.0794415416798357,1295.0,1300.0,1,12,60
0.004827091,0.07450414,5.349134e-05,0.0783125,1964.350339470712,-0.0024999505840241,-0.0096576362848281,-330.40503346736136,-0.0174125,0.006723643,0.07655283,-0.0031897057779133,1,134.9124870663833,8,2.1972245773362196,1300.0,1305.0,1,11,55
0.002620945,0.026490094,1.1620179e-05,0.0936375,2313.265653735972,-0.0022061460185796,-0.0480140447616577,348.9153142652606,0.015325,0.0049250256,0.06171867,-0.0047060968354344,1,160.29556490870607,9,2.302585092994046,1305.0,1310.0,1,10,50
0.0029584907,0.028504815,1.5823563e-05,0.1162125,2454.651165047693,0.0003375457599759,0.0020147208124399,141.38551131172107,0.0225749999999999,0.0034688422,0.04316635,-0.0018686002586036,1,206.0546472551968,10,2.3978952727983707,1310.0,1315.0,1,9,45
0.0052819955,0.041675948,5.186238e-05,0.0869875,2120.014404199011,0.0023235047701746,0.0131711326539516,-334.6367608486821,-0.029225,0.0036204772,0.03222362,0.0026610505301505,1,137.1607613017058,11,2.4849066497880004,1315.0,1320.0,1,8,40
0.003351231,0.052456148,2.4041221e-05,0.103925,2419.9930440451694,-0.0019307644106447,0.0107802003622055,299.9786398461584,0.0169375,0.0038639058,0.04087897,0.0003927403595298,1,150.24799182487703,12,2.5649493574615367,1320.0,1325.0,1,7,35
0.0027605603,0.031912617,1.42438885e-05,0.1135375,2419.1544892237466,-0.0005906708538532,-0.0205435305833816,-0.8385548214228038,0.0096124999999999,0.0037979288,0.042014908,-0.0025214352644979,1,141.21405265559156,13,2.639057329615259,1325.0,1330.0,1,6,30
0.003035055,0.027373377,1.6005326e-05,0.129425,2563.7549229920014,0.0002744947560131,-0.0045392401516437,144.6004337682548,0.0158875,0.003048949,0.03724738,-0.00031617609784,1,67.96851105759649,14,2.70805020110221,1330.0,1335.0,1,5,25
0.0038491108,0.049370896,3.082176e-05,0.1002875,2355.840740082704,0.0008140557911247,0.0219975188374519,-207.91418290929727,-0.0291375,0.0032149088,0.036218964,0.0010885505471378,1,87.01610561723173,15,2.772588722239781,1335.0,1340.0,1,4,20
0.0036606055,0.034629412,2.3922068e-05,0.10345,2254.019845283904,-0.0001885052770376,-0.0147414840757846,-101.82089479880004,0.0031624999999999,0.0035149239,0.037124563,0.000625550514087,1,128.89772881169102,16,2.833213344056216,1340.0,1345.0,1,3,15
0.003897351,0.06257644,3.113061e-05,0.1309125,2858.768636078944,0.0002367454580962,0.0279470309615135,604.7487907950399,0.0274624999999999,0.0038023556,0.048858915,4.824018105864525e-05,1,264.37033434956265,17,2.8903717578961645,1345.0,1350.0,1,2,10
0.002922931,0.02752955,1.5289761e-05,0.108725,2367.3381116734163,-0.000974419992417,-0.0350468903779983,-491.4305244055277,-0.0221874999999999,0.0034936292,0.041578468,-0.0007376745343208,1,262.48091777902624,18,2.9444389791664403,1350.0,1355.0,1,1,5
0.0022414147,0.017024118,8.23274e-06,0.09885,2363.0085709435025,-0.0006815162487328,-0.0105054322630167,-4.329540729913788,-0.009875,0.0030205657,0.035710037,-0.0016559362411499,1,232.68976662393712,0,0.0,1355.0,1360.0,0,0,0
0.0022527166,0.0278093,8.335449e-06,0.084125,2297.9810930226995,1.1301832273602486e-05,0.0107851810753345,-65.027477920803,-0.0147249999999999,0.002472354,0.024120988,-0.0006702144164592,1,31.72400745980589,0,0.0,1360.0,1365.0,0,0,0
0.0030290454,0.027943961,1.6620937e-05,0.0714875,2142.197780055008,0.0007763288449496,0.0001346617937088,-155.78331296769193,-0.0126375,0.0025077257,0.024259126,0.0007876306772232,1,92.64893047097078,1,0.6931471805599453,1365.0,1370.0,1,2,10
0.002793116,0.021624874,1.3693782e-05,0.0822375,2060.666041654459,-0.0002359293866902,-0.006319086998701,-81.53173840054842,0.01075,0.0026916259,0.025792712,0.0005403994582593,1,98.45151010168289,2,1.0986122886681096,1370.0,1375.0,1,1,5
0.0022514665,0.018952383,8.104797e-06,0.06695,1978.2995111672185,-0.0005416495259851,-0.002672491595149,-82.36653048724088,-0.0152875,0.0026912093,0.022840405,-0.0007775789126753,1,66.91147738744505,0,0.0,1375.0,1380.0,0,0,0
0.002937464,0.03278463,1.417596e-05,0.0746125,1985.8675633018604,0.0006859975401312,0.0138322468847036,7.56805213464213,0.0076625,0.0026606822,0.024453962,0.000144348014146,1,37.17276948622237,0,0.0,1380.0,1385.0,0,0,0
0.003070784,0.02386639,1.6027876e-05,0.0819375,2046.2930220114024,0.0001333199907094,-0.0089182388037443,60.42545870954223,0.0073249999999999,0.0027532382,0.025201134,0.0008193175308406,1,30.425919122955147,0,0.0,1385.0,1390.0,0,0,0
0.0030917395,0.026218718,1.6148082e-05,0.0727,2062.631450880653,2.0955456420779228e-05,0.0023523271083831,16.338428869250492,-0.0092374999999999,0.003033329,0.027623245,0.0001542754471302,1,33.016619980420764,0,0.0,1390.0,1395.0,0,0,0
0.0038639472,0.036763642,2.7197635e-05,0.0570875,1864.663621392331,0.0007722077425569,0.0105449240654706,-197.9678294883222,-0.0156125,0.003342157,0.028949583,0.0007931631989777,1,89.72021012228096,0,0.0,1395.0,1400.0,0,0,0
0.0033714275,0.029751785,2.0015024e-05,0.0726375,1969.8301793124012,-0.000492519699037,-0.0070118568837642,105.16655792007056,0.0155499999999999,0.0034423715,0.03091138,0.0002796880435198,1,80.87256259198952,1,0.6931471805599453,1400.0,1405.0,1,2,10
0.0021655597,0.020999359,7.799054e-06,0.07195,2115.2013166990123,-0.0012058678548783,-0.0087524261325597,145.37113738661083,-0.0006874999999999,0.0031336446,0.029171595,-0.0016983875539153,1,102.7196342042076,2,1.0986122886681096,1405.0,1410.0,1,1,5
0.0025059956,0.02168743,1.088998e-05,0.069125,1955.861800074392,0.0003404358867555,0.0006880704313516,-159.33951662462005,-0.0028249999999999,0.0026809943,0.02414619,-0.0008654319681227,1,72.04702535441795,0,0.0,1410.0,1415.0,0,0,0
0.002051411,0.019281391,6.912352e-06,0.0635625,1949.939643441872,-0.0004545846022665,-0.0024060383439064,-5.922156632520682,-0.0055625,0.0022409887,0.02065606,-0.0001141487155109,1,76.54742476624658,0,0.0,1415.0,1420.0,0,0,0
0.0022179864,0.0750289,1.0609914e-05,0.0846875,2331.3252070768926,0.0001665754243731,0.0557475052773952,381.3855636350211,0.021125,0.0022584645,0.038665906,-0.0002880091778934,1,178.4073958626118,0,0.0,1420.0,1425.0,0,0,0
0.0017955444,0.02184733,5.243829e-06,0.0927125,2238.555787074713,-0.0004224419826641,-0.0531815662980079,-92.76942000217969,0.008025,0.0020216473,0.038719203,-0.000255866558291,1,162.39882039877986,0,0.0,1425.0,1430.0,0,0,0
0.0027086132,0.039478518,1.3673255e-05,0.080875,2105.670852195941,0.0009130687685683,0.0176311880350112,-132.88493487877213,-0.0118375,0.0022407146,0.04545158,0.0004906267859041,1,92.60697062917436,0,0.0,1430.0,1435.0,0,0,0
0.0022286873,0.020052245,8.2114275e-06,0.0681875,2100.8079324156747,-0.0004799258895218,-0.0194262731820344,-4.862919780266111,-0.0126875,0.0022442816,0.027126031,0.0004331428790464,1,63.81964637397443,0,0.0,1435.0,1440.0,0,0,0
0.0027679538,0.03142041,1.2778114e-05,0.074725,2162.485528452789,0.0005392665043473,0.0113681647926568,61.6775960371142,0.0065375,0.0025684182,0.030317059,5.934061482548714e-05,1,27.999367611662645,0,0.0,1440.0,1445.0,0,0,0
0.0025429276,0.01619169,1.023285e-05,0.067925,1996.1600199893155,-0.0002250261604785,-0.0152287203818559,-166.32550846347362,-0.0068,0.0025131896,0.022554783,0.0003142403438687,1,68.65330468192698,0,0.0,1445.0,1450.0,0,0,0
0.0031399068,0.02531853,1.5737203e-05,0.0674125,1931.9392524868344,0.0005969791673123,0.0091268401592969,-64.22076750248107,-0.0005124999999999,0.0028169295,0.02431021,0.0003719530068337,1,97.1482641841902,0,0.0,1450.0,1455.0,0,0,0
0.0037784104,0.026783604,2.5032974e-05,0.074575,2216.6158676341383,0.0006385035812854,0.0014650747179985,284.6766151473041,0.0071625,0.003153748,0.022764608,0.0012354827485978,1,121.91338589850102,1,0.6931471805599453,1455.0,1460.0,1,5,25
0.0037855522,0.03357372,2.5087196e-05,0.0800875,2158.168306955339,7.141847163438797e-06,0.0067901164293289,-58.44756067879917,0.0055125,0.0035679564,0.028558617,0.0006456454284489,1,122.76285976844498,2,1.0986122886681096,1460.0,1465.0,1,4,20
0.0027819108,0.0195124,1.2598386e-05,0.066875,1913.2646039784013,-0.0010036414023488,-0.0140613205730915,-244.90370297693767,-0.0132125,0.0034486244,0.026623242,-0.0009964995551854,1,131.40942391483125,3,1.3862943611198906,1465.0,1470.0,1,3,15
0.0036487975,0.03749913,2.3911587e-05,0.0724625,1834.8421375478424,0.0008668866939842,0.0179867297410964,-78.4224664305591,0.0055874999999999,0.00340542,0.030195082,-0.0001367547083646,1,137.70649899800728,4,1.6094379124341003,1470.0,1475.0,1,2,10
0.0028077697,0.019196736,1.2881034e-05,0.060375,1789.278040213948,-0.0008410278242081,-0.0183023940771818,-45.56409733389455,-0.0120875,0.0030794926,0.025402755,2.5858869776129723e-05,1,51.206377859079794,5,1.791759469228055,1475.0,1480.0,1,1,5
0.0028839123,0.026838515,1.3915737e-05,0.0497125,1866.513703690279,7.614260539412498e-05,0.0076417792588472,77.23566347633118,-0.0106624999999999,0.003113493,0.027844792,-0.000764885218814,1,31.70089865602557,0,0.0,1480.0,1485.0,0,0,0
0.0028900825,0.018525468,1.33416015e-05,0.0490875,1673.2685669032226,6.170244887471199e-06,-0.0083130467683076,-193.24513678705648,-0.000625,0.0028605883,0.02152024,8.231285028159618e-05,1,79.41958092051294,0,0.0,1485.0,1490.0,0,0,0
0.0037121659,0.022602852,2.2598768e-05,0.056575,1697.2016328675938,0.0008220833260565,0.0040773842483758,23.93306596437128,0.0074875,0.0031620536,0.022655612,0.000828253570944,1,86.01230652552582,0,0.0,1490.0,1495.0,0,0,0
0.005637065,0.05813289,6.6414315e-05,0.083,2075.734881702638,0.0019248991739004,0.035530038177967,378.5332488350448,0.026425,0.0040797708,0.03308707,0.002746982499957,1,184.34247917886472,1,0.6931471805599453,1495.0,1500.0,1,6,30
0.0032699234,0.030098151,1.860099e-05,0.0838875,2263.929035559844,-0.0023671416565775,-0.0280347391963005,188.19415385720504,0.0008874999999999,0.004206385,0.03694463,-0.0004422424826771,1,235.6750137564549,2,1.0986122886681096,1500.0,1505.0,1,5,25
0.0030235252,0.02271123,1.554995e-05,0.0827125,2236.011665063616,-0.0002463981509208,-0.0073869209736585,-27.917370496227704,-0.001175,0.003976838,0.03698076,-0.0026135398074984,1,82.92236423037492,3,1.3862943611198906,1505.0,1510.0,1,4,20
0.0042338995,0.049902678,3.6703725e-05,0.0623875,1917.0464468018488,0.0012103742919862,0.0271914470940828,-318.9652182617667,-0.0203249999999999,0.0035091161,0.03423735,0.0009639761410653,1,157.35512575757775,4,1.6094379124341003,1510.0,1515.0,1,3,15
0.0034101417,0.03225019,2.1458234e-05,0.0770625,2084.225606228792,-0.0008237578440457,-0.0176524892449378,167.17915942694276,0.014675,0.0035558555,0.0349547,0.0003866164479404,1,130.2675407101709,5,1.791759469228055,1515.0,1520.0,1,2,10
0.002523672,0.048939258,1.0979137e-05,0.06865,2000.555855653928,-0.0008864696137607,0.0166890695691108,-83.66975057486434,-0.0084125,0.0033892377,0.043697376,-0.0017102274578064,1,68.25061650090525,6,1.9459101490553132,1520.0,1525.0,1,1,5
0.0022663896,0.018805122,8.378415e-06,0.0657375,2155.047648936591,-0.0002572825178503,-0.0301341358572244,154.49179328266337,-0.0029124999999999,0.002733401,0.033331525,-0.0011437521316111,1,63.14366607301032,0,0.0,1525.0,1530.0,0,0,0
0.00234892,0.03275068,9.097491e-06,0.0812125,2234.6537443506945,8.253054693341255e-05,0.0139455590397119,79.60609541410349,0.015475,0.0023796605,0.033498354,-0.0001747519709169,1,97.1863422680919,0,0.0,1530.0,1535.0,0,0,0
0.0023967521,0.032576717,9.799601e-06,0.098725,2354.130899372649,4.7832028940320015e-05,-0.0001739636063575,119.47715502195432,0.0175124999999999,0.002337354,0.028044173,0.0001303625758737,1,81.81691050646462,0,0.0,1535.0,1540.0,0,0,0
0.0048828637,0.07236665,7.642285e-05,0.0844,2202.451979041384,0.0024861115962266,0.039789929986,-151.67892033126464,-0.0143249999999999,0.003209512,0.045898017,0.002533943625167,1,65.25015039066035,0,0.0,1540.0,1545.0,0,0,0
0.0046020993,0.06480478,5.1541865e-05,0.0790875,1989.5179362614908,-0.0002807644195854,-0.0075618699193,-212.9340427798934,-0.0053124999999999,0.0039605717,0.056582715,0.0022053471766412,1,149.5511857065616,1,0.6931471805599453,1545.0,1550.0,1,2,10
0.003192573,0.03991089,1.9514402e-05,0.0749625,2019.1399700618515,-0.0014095262158662,-0.0248938873410224,29.62203380036067,-0.004125,0.0042258454,0.059027433,-0.0016902906354516,1,94.17576009024089,2,1.0986122886681096,1550.0,1555.0,1,1,5
0.0020555367,0.07495405,7.4171267e-06,0.0681375,2172.282927094584,-0.0011370363645255,0.0350431576371192,153.1429570327325,-0.0068249999999999,0.003283403,0.0598899,-0.0025465625803917,1,80.09249656173216,0,0.0,1555.0,1560.0,0,0,0
0.0023714541,0.037499856,9.331228e-06,0.060575,1988.2993279690024,0.0003159174229949,-0.0374541915953159,-183.9835991255816,-0.0075625,0.0025398547,0.050788265,-0.0008211189415305,1,80.45279861207183,0,0.0,1560.0,1565.0,0,0,0
0.00275585,0.031450715,1.3932259e-05,0.0662625,1950.644730793592,0.0003843959420919,-0.0060491412878036,-37.6545971754108,0.0056875,0.0023942802,0.04796821,0.0007003133650869,1,96.8339492207622,0,0.0,1565.0,1570.0,0,0,0
0.006568611,0.06580305,8.963353e-05,0.08565,1896.4903156451028,0.0038127610459923,0.0343523360788822,-54.15441514848885,0.0193875,0.0038986385,0.04491787,0.0041971569880843,1,37.6820973000992,0,0.0,1570.0,1575.0,0,0,0
0.0027610657,0.02833289,1.2977308e-05,0.0689875,1901.9396957407848,-0.0038075454067438,-0.0374701619148254,5.449380095681818,-0.0166625,0.004028509,0.04186222,5.2156392484903336e-06,1,24.34606256780037,0,0.0,1575.0,1580.0,0,0,0
0.0024162356,0.10601581,1.1086978e-05,0.0768375,2211.4430166205907,-0.0003448300994932,0.0776829198002815,309.5033208798061,0.00785,0.003915304,0.066717245,-0.0041523752734065,1,147.20250799147053,0,0.0,1580.0,1585.0,0,0,0
0.0044678533,0.06327484,4.0835195e-05,0.100375,2090.152901408053,0.0020516177173703,-0.0427409708499908,-121.29011521253778,0.0235375,0.0032150515,0.06587451,0.0017067876178771,1,127.33499495924929,1,0.6931471805599453,1585.0,1590.0,1,1,5
0.0025538818,0.021817122,1.0893212e-05,0.0705,1958.2890900149373,-0.0019139715004712,-0.0414577163755893,-131.86381139311538,-0.029875,0.0031459902,0.06370259,0.0001376462168991,1,103.3797032299701,0,0.0,1590.0,1595.0,0,0,0
0.002189703,0.022220192,7.724055e-06,0.0685,2119.3190020085126,-0.0003641787916421,0.0004030708223581,161.02991199357507,-0.0019999999999999,0.0030704795,0.035770718,-0.0022781502921134,1,70.05502498910234,0,0.0,1595.0,1600.0,0,0,0
0.003636441,0.039425373,2.6349118e-05,0.078375,2219.28263758125,0.0014467379078269,0.0172051806002855,99.96363557273752,0.0098749999999999,0.0027933419,0.027820894,0.0010825591161847,1,107.51795346970698,0,0.0,1600.0,1605.0,0,0,0
0.0060526766,0.04993407,6.892473e-05,0.0949375,2297.7386650324797,0.0024162356276065,0.0105086974799633,78.45602745122915,0.0165624999999999,0.003959607,0.037193213,0.0038629735354334,1,73.01571583793368,1,0.6931471805599453,1605.0,1610.0,1,75,375
0.003987744,0.030792922,2.6162106e-05,0.06805,1981.6225336857,-0.002064932603389,-0.0191411487758159,-316.1161313467794,-0.0268874999999999,0.004558954,0.04005079,0.0003513030242174,1,134.39869448966058,2,1.0986122886681096,1610.0,1615.0,1,74,370
0.0027083622,0.0338075,1.2328641e-05,0.0789125,2168.3013693671624,-0.0012793818023055,0.0030145794153213,186.6788356814625,0.0108624999999999,0.0042495946,0.038178165,-0.0033443144056946,1,129.7572133290098,3,1.3862943611198906,1615.0,1620.0,1,73,365
0.0045053284,0.06472321,4.695962e-05,0.0963375,2203.7895988026157,0.0017969661857932,0.0309157073497772,35.48822943545292,0.017425,0.0037338112,0.04310788,0.0005175843834877,1,97.44890794811036,4,1.6094379124341003,1620.0,1625.0,1,72,360
0.004631094,0.04357897,3.892417e-05,0.0624875,1851.0076955982945,0.000125765800476,-0.0211442373692989,-352.781903204321,-0.03385,0.0039482615,0.047369894,0.0019227319862693,1,158.60144355188334,5,1.791759469228055,1625.0,1630.0,1,71,355
0.0029119735,0.028125828,1.50019405e-05,0.0839125,2032.960887762148,-0.0017191206570714,-0.0154531430453062,181.95319216385337,0.021425,0.004016132,0.045476,-0.0015933548565953,1,144.04647547958905,6,1.9459101490553132,1630.0,1635.0,1,70,350
0.0035639151,0.029788844,2.1852984e-05,0.082275,2277.1193783995686,0.0006519416347146,0.0016630161553621,244.15849063742095,-0.0016375,0.0037023276,0.033831213,-0.0010671790223568,1,174.57615304524575,7,2.0794415416798357,1635.0,1640.0,1,69,345
0.0022820397,0.029880505,9.611418e-06,0.0985625,2380.745665626194,-0.0012818754184991,9.16607677936554e-05,103.6262872266252,0.0162874999999999,0.0029193095,0.029265061,-0.0006299337837845,1,145.79514839842258,8,2.1972245773362196,1640.0,1645.0,1,68,340
0.0025196231,0.03181794,1.1144963e-05,0.096675,2275.264324577143,0.0002375834155827,0.0019374340772628,-105.48134104905104,-0.0018875,0.002788526,0.030495763,-0.0010442920029163,1,49.29295863459308,9,2.302585092994046,1645.0,1650.0,1,67,335
0.0025724713,0.06684223,1.4300008e-05,0.0881375,2415.2807997462087,5.284813232719898e-05,0.0350242890417575,140.01647516906587,-0.0085375,0.0024580446,0.04284689,0.0002904315479099,1,59.55725734018321,10,2.3978952727983707,1650.0,1655.0,1,66,330
0.002616936,0.019503847,1.17162035e-05,0.082425,2189.227289097272,4.446483217179775e-05,-0.047338381409645,-226.05351064893648,-0.0057124999999999,0.002569677,0.039388005,9.731296449899672e-05,1,93.1588693634237,11,2.4849066497880004,1655.0,1660.0,1,65,325
0.0028725949,0.02585113,1.4368987e-05,0.077275,2040.0747535636503,0.0002556587569415,0.0063472837209701,-149.15253553362163,-0.00515,0.002687334,0.03739907,0.0003001235891133,1,154.24592399612487,12,2.5649493574615367,1660.0,1665.0,1,64,320
0.0039154566,0.050290238,3.0751227e-05,0.0793625,2155.510796463949,0.0010428617242723,0.0244391076266765,115.43604290029862,0.0020875,0.0031349957,0.03188174,0.0012985204812139,1,63.86510152229791,13,2.639057329615259,1665.0,1670.0,1,63,315
0.0063739936,0.09483511,9.560649e-05,0.0818125,2001.7743407889143,0.0024585369974374,0.0445448718965053,-153.73645567503468,0.0024499999999999,0.0043873484,0.056992162,0.0035013987217098,1,65.34294097955345,14,2.70805020110221,1670.0,1675.0,1,62,310
0.0038547837,0.037328836,2.7659464e-05,0.0746,2148.8955078124814,-0.0025192098692059,-0.0575062744319438,147.12116702356684,-0.0072124999999999,0.0047147446,0.06081806,-6.067287176847458e-05,1,70.96423013966684,15,2.772588722239781,1675.0,1680.0,1,61,305
0.0021628495,0.029270697,9.2882865e-06,0.0904375,2317.0042050856664,-0.0016919341869652,-0.0080581381916999,168.10869727318504,0.0158375,0.0041305423,0.053811546,-0.0042111440561711,1,128.7870935691117,16,2.833213344056216,1680.0,1685.0,1,60,300
0.0027804922,0.074942745,2.3301645e-05,0.1058625,2439.3594048039213,0.000617642654106,0.0456720478832721,122.35519971825488,0.0154249999999999,0.0029327085,0.04718076,-0.0010742915328592,1,119.07075601993743,17,2.8903717578961645,1685.0,1690.0,1,59,295
0.004214495,0.06958027,3.800743e-05,0.0807125,2402.516053956702,0.0014340027701109,-0.0053624734282493,-36.84335084721943,-0.0251499999999999,0.003052612,0.05793124,0.0020516454242169,1,51.251562249455326,18,2.9444389791664403,1690.0,1695.0,1,58,290
0.0030827927,0.03997713,1.6543972e-05,0.0838,2238.647947595236,-0.0011317022144794,-0.0296031422913074,-163.86810636146583,0.0030874999999999,0.00335926,0.061500054,0.0003023005556315,1,87.23867506188466,19,2.995732273553991,1695.0,1700.0,1,57,285
0.0041214335,0.044197895,3.2128268e-05,0.082725,2163.693792767566,0.0010386407375335,0.0042207650840282,-74.95415482767021,-0.0010749999999999,0.0038062402,0.05125177,-9.306147694587708e-05,1,99.72570940552389,20,3.044522437723423,1700.0,1705.0,1,56,280
0.005182223,0.047223046,5.166497e-05,0.0818375,2131.291175805949,0.001060789451003,0.0030251517891883,-32.40261696161724,-0.0008875,0.004128816,0.043799356,0.0020994301885366,1,44.961133043390056,21,3.091042453358316,1705.0,1710.0,1,55,275
0.0028968006,0.0482449,1.539549e-05,0.0718625,2156.430185445626,-0.0022854222916066,0.0010218545794487,25.139009639677624,-0.0099749999999999,0.004066819,0.04655528,-0.0012246328406035,1,13.8830807618179,22,3.1354942159291497,1710.0,1715.0,1,54,270
0.0029838206,0.049667582,1.5948364e-05,0.0844875,2155.3574231326006,8.701998740434647e-05,0.001422680914402,-1.072762313025578,0.0126249999999999,0.0036876148,0.04837851,-0.0021984023042023,1,11.60605629752386,23,3.1780538303479458,1715.0,1720.0,1,53,265
0.002934116,0.029056542,1.6153499e-05,0.0772125,2068.473804236586,-4.970468580722809e-05,-0.0206110402941703,-86.88361889601447,-0.0072749999999999,0.0029382457,0.04232301,3.731530159711838e-05,1,41.21251029971644,24,3.2188758248682006,1720.0,1725.0,1,52,260
0.0036512325,0.12526798,5.7720667e-05,0.0792375,2128.6521670158127,0.0007171165198087,0.0962114408612251,60.17836277922652,0.0020249999999999,0.003189723,0.067997366,0.0006674118340015,1,36.336955910415504,25,3.258096538021482,1725.0,1730.0,1,51,255
0.0023708076,0.017982487,9.069027e-06,0.0830125,2152.443352812977,-0.0012804248835891,-0.1072854995727539,23.79118579716487,0.003775,0.0029853852,0.057435673,-0.0005633083637803,1,35.33701389092426,26,3.295836866004329,1730.0,1735.0,1,50,250
0.002896916,0.031702362,1.4005929e-05,0.0796375,2234.5215136764687,0.0005261083133518,0.0137198753654956,82.07816086349112,-0.003375,0.0029729854,0.058317613,-0.0007543165702372,1,45.351912338367214,27,3.332204510175204,1735.0,1740.0,1,49,245
0.0043753553,0.03614627,3.4143293e-05,0.1118,2135.505427621941,0.0014784394297748,0.0044439062476158,-99.01608605452748,0.0321625,0.0032143595,0.028610373,0.0020045477431267,1,43.2408026162377,28,3.367295829986474,1740.0,1745.0,1,48,240
0.0043697665,0.075430095,3.6124224e-05,0.0884875,2224.8900937324997,-5.588866770267487e-06,0.0392838269472122,89.3846661105581,-0.0233125,0.0038806794,0.047759574,0.0014728505630046,1,44.580224917670286,29,3.4011973816621555,1745.0,1750.0,1,47,235
0.0021571487,0.017389853,7.630904e-06,0.0761125,2152.948656588876,-0.0022126177791506,-0.0580402426421642,-71.94143714362326,-0.0123749999999999,0.0036340903,0.042988736,-0.0022182066459208,1,38.68599394954597,30,3.4339872044851463,1750.0,1755.0,1,46,230
0.003970758,0.055840567,3.4109373e-05,0.0745125,1985.226871284592,0.0018136093858629,0.038450714200735,-167.7217853042839,-0.0016,0.0034992245,0.049553502,-0.0003990083932876,1,100.4128299892561,31,3.4657359027997265,1755.0,1760.0,1,45,225
0.002310419,0.023256414,9.230334e-06,0.0702875,2182.753733901835,-0.0016603390686213,-0.0325841531157493,197.52686261724284,-0.0042249999999999,0.0028127756,0.032162275,0.0001532703172415,1,86.94557771304665,32,3.4965075614664802,1760.0,1765.0,1,44,220
0.0030106911,0.03729956,1.6587408e-05,0.0789375,2175.3191067502457,0.0007002721540629,0.0140431448817253,-7.434627151589211,0.0086499999999999,0.0030972895,0.038798846,-0.0009600669145584,1,91.4130996694698,33,3.5263605246161616,1765.0,1770.0,1,43,215
0.0034250955,0.037734665,2.2153392e-05,0.0731125,2071.848985511907,0.0004144043195992,0.0004351064562797,-103.47012123833883,-0.0058249999999999,0.002915402,0.032763544,0.0011146764736622,1,50.61971825439935,34,3.5553480614894135,1770.0,1775.0,1,42,210
0.0036728524,0.03433264,2.4654379e-05,0.078925,2200.6730576264627,0.0002477569505572,-0.0034020245075225,128.82407211455575,0.0058124999999999,0.0033695463,0.03645562,0.0006621612701565,1,55.7220586385743,35,3.58351893845611,1775.0,1780.0,1,41,205
0.003655491,0.031516373,2.4336696e-05,0.0936625,2201.9599440934567,-1.7361482605338097e-05,-0.002816267311573,1.2868864669940194,0.0147375,0.0035844797,0.034527894,0.0002303954679518,1,61.03383321838338,36,3.6109179126442243,1780.0,1785.0,1,40,200
0.0033105207,0.028418759,1.9632014e-05,0.077675,2109.886366739249,-0.0003449702635407,-0.0030976142734289,-92.07357735420784,-0.0159875,0.0035462882,0.03142259,-0.000362331746146,1,43.10378040372218,37,3.6375861597263857,1785.0,1790.0,1,39,195
0.0033212414,0.07848746,2.6268679e-05,0.0799625,2024.0644603751275,1.0720686987042429e-05,0.0500687062740325,-85.82190636412133,0.0022875,0.0034290843,0.046140864,-0.0003342495765537,1,72.64047416798833,38,3.6635616461296463,1790.0,1795.0,1,38,190
0.005315197,0.051089454,5.6723482e-05,0.0808375,1960.273682624532,0.0019939558114856,-0.027398008853197,-63.79077775059591,0.000875,0.00398232,0.052665222,0.0020046764984726,1,61.29946364275782,39,3.6888794541139363,1795.0,1800.0,1,37,185
0.009060372,0.21717975,0.00026918744,0.0711,2045.696012758888,0.0037451745010912,0.1660902947187423,85.42233013435657,-0.0097375,0.005898936,0.11558556,0.0057391300797462,1,36.261644673953136,40,3.713572066704308,1800.0,1805.0,1,36,180
0.0075938925,0.07904601,0.00011148579,0.077375,1988.5865138888817,-0.001466479152441,-0.1381337344646453,-57.10949887000652,0.006275,0.007323154,0.11577174,0.0022786953486502,1,35.527901024671735,41,3.7376696182833684,1805.0,1810.0,1,35,175
0.0051138904,0.04957574,5.044919e-05,0.0786125,2123.2043141573245,-0.0024800021201372,-0.0294702723622322,134.6178002684428,0.0012375,0.0072560515,0.115267165,-0.0039464812725782,1,55.16740563046714,42,3.7612001156935624,1810.0,1815.0,1,34,170
0.0028338511,0.021452364,1.3042825e-05,0.072375,2047.3804545600487,-0.0022800392471253,-0.0281233750283718,-75.82385959727526,-0.0062375,0.0051805447,0.050024707,-0.0047600413672626,1,55.10387896508279,43,3.784189633918261,1815.0,1820.0,1,33,165
0.0033621807,0.032482002,1.9255873e-05,0.0772,2210.377426270238,0.0005283295176923,0.0110296383500099,162.99697171018897,0.004825,0.003769974,0.034503367,-0.001751709729433,1,66.59698186885889,44,3.8066624897703196,1820.0,1825.0,1,32,160
0.00505597,0.0744439,5.5473458e-05,0.0868375,2100.869590047399,0.0016937893815338,0.0419618971645832,-109.50783622283916,0.0096374999999999,0.0037506672,0.042792756,0.0022221188992261,1,67.84055374846422,45,3.828641396489095,1825.0,1830.0,1,31,155
0.0034317437,0.03226603,2.1236194e-05,0.0942625,2374.0193039246915,-0.0016242263372987,-0.0421778708696365,273.14971387729247,0.007425,0.003949965,0.04639731,6.956304423511028e-05,1,112.24051383214233,46,3.8501476017100584,1830.0,1835.0,1,30,150
0.006892235,0.0577752,9.14909e-05,0.0881375,2248.358399223012,0.0034604913089424,0.0255091711878776,-125.66090470167956,-0.006125,0.0051266495,0.054828376,0.0018362649716436,1,111.63152581085272,47,3.8712010109078907,1835.0,1840.0,1,29,145
0.005734298,0.06280452,6.4017215e-05,0.1055,2454.758961471715,-0.001157937105745,0.0050293207168579,206.40056224870293,0.0173625,0.0053527593,0.05094858,0.0023025542031973,1,84.92529224614348,48,3.8918202981106265,1840.0,1845.0,1,28,140
0.0038998893,0.066867724,3.46259e-05,0.0801875,2390.876709160372,-0.0018344086129218,0.0040632039308547,-63.88225231134311,-0.0253125,0.005508807,0.06248248,-0.0029923457186669,1,86.27707492875122,49,3.912023005428146,1845.0,1850.0,1,27,135
0.002332597,0.034487348,9.538979e-06,0.0955625,2474.458212088678,-0.001567292260006,-0.0323803760111331,83.58150292830624,0.015375,0.003988928,0.054719865,-0.0034017008729279,1,35.67580921295812,50,3.9318256327243257,1850.0,1855.0,1,26,130
0.002765229,0.032614797,1.3810533e-05,0.0847125,2273.937833600725,0.000432631932199,-0.0018725506961345,-200.5203784879532,-0.0108499999999999,0.0029992384,0.044656623,-0.001134660327807,1,82.23880568054439,51,3.9512437185814275,1855.0,1860.0,1,25,125
0.002131995,0.021799732,7.5625344e-06,0.0745125,2118.842798066082,-0.0006332339253276,-0.0108150653541088,-155.09503553464265,-0.0102,0.0024099404,0.02963396,-0.0002006019931286,1,145.57366021170873,52,3.970291913552122,1860.0,1865.0,1,24,120
0.0019872217,0.016856717,6.1895416e-06,0.089675,2203.7422631145946,-0.000144773395732,-0.0049430150538682,84.89946504851241,0.0151625,0.0022948151,0.023757083,-0.0007780073210597,1,63.412062757884485,53,3.9889840465642745,1865.0,1870.0,1,23,115
0.0020303268,0.017017383,6.7452565e-06,0.0708875,1960.9174267991,4.3105101212859154e-05,0.0001606661826372,-242.82483631549465,-0.0187875,0.0020498477,0.018557945,-0.0001016682945191,1,100.61601550613904,54,4.007333185232471,1870.0,1875.0,1,22,110
0.0023036439,0.013500482,8.319337e-06,0.070725,2293.1782476368294,0.0002733170986175,-0.0035169012844562,332.2608208377294,-0.0001625,0.0021070642,0.015791528,0.0003164221998304,1,140.38041550763646,55,4.02535169073515,1875.0,1880.0,1,21,105
0.002583672,0.020159865,1.0705901e-05,0.07285,2270.0438690951546,0.0002800282090902,0.0066593829542398,-23.134378541674774,0.002125,0.002305881,0.016892577,0.0005533453077077,1,151.4711596534642,56,4.04305126783455,1880.0,1885.0,1,20,100
0.0033752143,0.044575557,2.063205e-05,0.0863125,2206.277888572514,0.0007915422320365,0.0244156923145055,-63.7659805226408,0.0134625,0.0027541767,0.026078634,0.0010715704411268,1,36.746839846033446,57,4.060443010546419,1885.0,1890.0,1,19,95
0.0017969032,0.015722826,5.198388e-06,0.0936875,2422.4252274555856,-0.0015783110866323,-0.0288527309894561,216.14733888307185,0.007375,0.0025852632,0.026819415,-0.0007867688545957,1,90.68005462063824,58,4.07753744390572,1890.0,1895.0,1,18,90
0.0017620522,0.013810422,4.9034825e-06,0.0772,2150.1760999509297,-3.485102206468582e-05,-0.0019124038517475,-272.2491275046559,-0.0164875,0.00231139,0.024702936,-0.0016131621086969,1,117.37246990283198,59,4.0943445622221,1895.0,1900.0,1,17,85
0.0017311791,0.010492681,4.605521e-06,0.0781375,2154.1307552382714,-3.087311051785946e-05,-0.003317741677165,3.954655287341666,0.0009374999999999,0.0017633782,0.013341975,-6.572413258254528e-05,1,127.4175770832333,60,4.110873864173311,1900.0,1905.0,1,16,80
0.0023882277,0.026228469,1.0453676e-05,0.0625125,1965.8942169060824,0.0006570486584678,0.0157357882708311,-188.2365383321892,-0.015625,0.0019604864,0.016843857,0.0006261755479499,1,87.81827579994844,61,4.127134385045092,1905.0,1910.0,1,15,75
0.0022199075,0.034041367,8.988635e-06,0.0638125,1995.969825415898,-0.0001683202572166,0.0078128986060619,30.07560850981577,0.0012999999999999,0.0021131048,0.023587504,0.0004887284012511,1,82.56473306361848,62,4.143134726391533,1910.0,1915.0,1,14,70
0.00197952,0.030371577,7.0820743e-06,0.08145,2261.4278872381824,-0.0002403873950242,-0.0036697909235954,265.45806182228444,0.0176375,0.0021958852,0.030213803,-0.0004087076522409,1,132.7958646919909,63,4.1588830833596715,1915.0,1920.0,1,13,65
0.0022731652,0.0274672,9.451327e-06,0.0758875,2256.325869564469,0.0002936450764536,-0.0029043760150671,-5.1020176737133625,-0.0055624999999999,0.002157531,0.030626714,5.325768142938614e-05,1,123.9530748556258,64,4.174387269895637,1920.0,1925.0,1,12,60
0.002207125,0.10740882,9.109746e-06,0.08565,2179.830803937741,-6.604008376598358e-05,0.0799416229128837,-76.49506562672786,0.0097625,0.0021532702,0.05508253,0.0002276049926877,1,37.32084560897336,65,4.189654742026425,1925.0,1930.0,1,11,55
0.0024252504,0.035409585,1.0172908e-05,0.0642375,2169.4035347293184,0.0002181252930313,-0.0719992369413375,-10.427269208422786,-0.0214125,0.0023018469,0.056761872,0.0001520852092653,1,38.75236953554707,66,4.204692619390966,1930.0,1935.0,1,10,50
0.0021361297,0.02017565,7.349113e-06,0.0761,2126.985530556766,-0.0002891207113862,-0.0152339339256286,-42.41800417255217,0.0118624999999999,0.0022561683,0.05433135,-7.099541835486889e-05,1,22.85373283353061,67,4.219507705176107,1935.0,1940.0,1,9,45
0.0024759967,0.023727968,1.0668592e-05,0.068725,1989.2535752717256,0.0003398670814931,0.0035523176193237,-137.7319552850404,-0.007375,0.0023457923,0.026437735,5.07463701069355e-05,1,76.90064764731991,68,4.23410650459726,1940.0,1945.0,1,8,40
0.0029228989,0.017423188,1.4233919e-05,0.0630125,2028.327252941232,0.0004469021223485,-0.0063047800213098,39.0736776695062,-0.0057124999999999,0.0025116752,0.02044227,0.0007867692038416,1,57.956209077126736,69,4.248495242049359,1945.0,1950.0,1,7,35
0.0026967083,0.019178158,1.2024896e-05,0.05135,1966.5951774064145,-0.0002261905465275,0.0017549693584442,-61.73207553481757,-0.0116625,0.0026985344,0.020109773,0.000220711575821,1,25.497286196072004,70,4.2626798770413155,1950.0,1955.0,1,6,30
0.0021649688,0.03174755,7.710417e-06,0.0608,2109.3177569993145,-0.0005317395552992,0.0125693920999765,142.72257959290005,0.00945,0.0025948586,0.022782966,-0.0007579301018267,1,58.442797886357205,71,4.276666119016055,1955.0,1960.0,1,5,25
0.0025321846,0.016156716,1.0167806e-05,0.0999125,2233.86256866694,0.000367215834558,-0.0155908335000276,124.54481166762524,0.0391125,0.0024646206,0.02236081,-0.0001645237207412,1,109.19554491837243,72,4.290459441148391,1960.0,1965.0,1,4,20
0.0024295868,0.018043242,1.00370335e-05,0.0813875,2252.3608517635053,-0.0001025977544486,0.0018865261226892,18.4982830965655,-0.018525,0.0023755801,0.021982504,0.0002646180801093,1,63.521582990492455,73,4.304065093204169,1965.0,1970.0,1,3,15
0.0026569837,0.020543857,1.179747e-05,0.1188625,2484.216347645919,0.0002273968420922,0.0025006141513586,231.85549588241383,0.0374749999999999,0.002539585,0.01824794,0.0001247990876436,1,113.90842915715544,74,4.31748811353631,1970.0,1975.0,1,2,10
0.002889207,0.020862255,1.3573476e-05,0.108325,2431.362457935065,0.0002322234213352,0.0003183986991643,-52.85388971085422,-0.0105374999999999,0.0026585925,0.019816453,0.0004596202634274,1,99.21473884707817,75,4.330733340286331,1975.0,1980.0,1,1,5
0.003753281,0.031494975,2.4692657e-05,0.1005625,2431.9815443529965,0.0008640738669782,0.0106327198445796,0.6190864179316122,-0.0077625,0.003099824,0.024300361,0.0010962972883135,1,24.7709318907158,0,0.0,1980.0,1985.0,0,0,0
0.003540915,0.027190387,2.1755503e-05,0.115,2466.539672142997,-0.0002123659942299,-0.0043045878410339,34.55812779000098,0.0144375,0.0033944678,0.026515871,0.0006517078727483,1,16.438720765902005,0,0.0,1985.0,1990.0,0,0,0
0.0029619932,0.021687124,1.4992024e-05,0.1066,2502.0014134379444,-0.0005789217539131,-0.0055032633244991,35.46174129494693,-0.0084,0.0034187296,0.026790828,-0.000791287748143,1,28.58628528720455,0,0.0,1990.0,1995.0,0,0,0
0.0028450696,0.019074686,1.3011515e-05,0.10675,2311.4870941151926,-0.000116923591122,-0.0026124380528926,-190.51431932275185,0.0001499999999999,0.0031159928,0.022650734,-0.0006958453450351,1,82.72749302227143,0,0.0,1995.0,2000.0,0,0,0
0.0024522087,0.017691916,9.953247e-06,0.0904375,2314.131623639473,-0.0003928609658032,-0.0013827700167894,2.6445295242806424,-0.0163124999999999,0.0027530903,0.019484574,-0.0005097845569252,1,89.19252417747053,0,0.0,2000.0,2005.0,0,0,0
0.002425246,0.03048322,1.0242406e-05,0.0683625,2164.8243358000504,-2.696271985769272e-05,0.0127913039177656,-149.30728783942277,-0.0220749999999999,0.0025741747,0.022416607,-0.0004198236856609,1,69.76916257278938,0,0.0,2005.0,2010.0,0,0,0
0.0022515648,0.03630872,8.4288795e-06,0.101025,2531.544362062313,-0.0001736811827868,0.005825500935316,366.7200262622628,0.0326625,0.0023763396,0.028161285,-0.0002006439026445,1,150.57096617441712,0,0.0,2010.0,2015.0,0,0,0
0.0020623328,0.03822785,7.165605e-06,0.102,2590.213561522679,-0.0001892319414764,0.0019191280007362,58.66919946036569,0.0009749999999999,0.002246381,0.035006594,-0.0003629131242632,1,188.23202171434068,0,0.0,2015.0,2020.0,0,0,0
0.0018861042,0.032138504,5.745456e-06,0.091525,2386.292431743321,-0.000176228582859,-0.0060893446207046,-203.92112977935813,-0.0104749999999999,0.0020666672,0.035558358,-0.0003654605243355,1,85.71530746035158,0,0.0,2020.0,2025.0,0,0,0
0.001983289,0.044578828,6.3637654e-06,0.0726,2128.393292136411,9.718467481434344e-05,0.0124403238296508,-257.8991396069096,-0.0189249999999999,0.0019772418,0.03831506,-7.904390804469585e-05,1,188.96612118357172,0,0.0,2025.0,2030.0,0,0,0
0.0022764562,0.016155036,8.459325e-06,0.08825,2251.1048599179526,0.0002931673079729,-0.0284237917512655,122.71156778154136,0.0156499999999999,0.0020486165,0.030957455,0.0003903519827872,1,105.32794007998022,0,0.0,2030.0,2035.0,0,0,0
0.0019801704,0.014909346,6.213994e-06,0.07115,2217.595712399416,-0.000296285841614,-0.0012456905096769,-33.50914751853679,-0.0170999999999999,0.0020799718,0.025214404,-3.11853364109993e-06,1,51.788097748421535,0,0.0,2035.0,2040.0,0,0,0
0.0019084762,0.013953669,5.739161e-06,0.0927875,2260.286637670263,-7.169414311647415e-05,-0.0009556766599416,42.6909252708474,0.0216374999999999,0.0020550343,0.015006017,-0.0003679799847304,1,18.347519089308825,0,0.0,2040.0,2045.0,0,0,0
0.0019196206,0.012793716,5.823387e-06,0.069025,1931.4751896323835,1.1144322343170645e-05,-0.0011599529534578,-328.8114480378799,-0.0237624999999999,0.0019360891,0.013885577,-6.054982077330351e-05,1,145.98494481347058,0,0.0,2045.0,2050.0,0,0,0
0.0019001465,0.018791158,5.6297918e-06,0.05975,1931.3382539456927,-1.9474071450531483e-05,0.0059974417090415,-0.1369356866900943,-0.009275,0.0019094143,0.015179515,-8.32974910736084e-06,1,155.0354892228646,0,0.0,2050.0,2055.0,0,0,0
0.0023269826,0.020666994,8.780958e-06,0.059125,1908.7422046611323,0.0004268360789865,0.0018758364021778,-22.59604928456065,-0.000625,0.0020489164,0.01741729,0.0004073620075359,1,10.684302090011908,0,0.0,2055.0,2060.0,0,0,0
0.002074512,0.023344532,6.943285e-06,0.0718625,2162.725550826199,-0.000252470606938,0.0026775375008583,253.98334616506668,0.0127374999999999,0.0021005468,0.02093423,0.0001743654720485,1,114.774272538241,0,0.0,2060.0,2065.0,0,0,0
0.0024302257,0.045290254,1.2719726e-05,0.0890625,2404.2172798986235,0.0003557137679308,0.0219457224011421,241.49172907242428,0.0172,0.0022772402,0.02976726,0.0001032431609928,1,202.29827964369585,0,0.0,2065.0,2070.0,0,0,0
0.0026379228,0.034983218,1.3184426e-05,0.0951,2215.791364814615,0.0002076970413327,-0.0103070363402366,-188.4259150840085,0.0060375,0.0023808868,0.034539334,0.0005634108092635,1,103.62247788105536,0,0.0,2070.0,2075.0,0,0,0
0.001978551,0.01632747,6.230815e-06,0.0817875,2180.700228443335,-0.0006593717262148,-0.0186557471752166,-35.091136371279845,-0.0133125,0.0023488998,0.032200314,-0.0004516746848821,1,98.14704705941077,0,0.0,2075.0,2080.0,0,0,0
0.0019253817,0.029732034,5.835724e-06,0.0972375,2655.882549899234,-5.3169322200119495e-05,0.0134045630693435,475.182321455899,0.01545,0.0021806185,0.02701424,-0.000712541048415,1,216.20717370800463,0,0.0,2080.0,2085.0,0,0,0
0.002151976,0.018516477,7.774827e-06,0.1132125,2368.7278018124007,0.0002265943912789,-0.0112155564129352,-287.1547480868335,0.0159749999999999,0.0020186363,0.021525329,0.0001734250690788,1,195.39431821606547,0,0.0,2085.0,2090.0,0,0,0
0.0019452692,0.017024826,6.060496e-06,0.0872875,2315.2489156564498,-0.0002067069290205,-0.0014916509389877,-53.47888615595093,-0.0259249999999999,0.0020075424,0.02175778,1.9887462258338928e-05,1,149.5731383306586,0,0.0,2090.0,2095.0,0,0,0
0.0025449363,0.019017413,1.071714e-05,0.089525,2126.9754197112984,0.000599667080678,0.0019925870001316,-188.27349594515132,0.0022374999999999,0.0022140604,0.01818624,0.0003929601516574,1,103.68280409844432,0,0.0,2095.0,2100.0,0,0,0
0.002331736,0.021867,9.0646845e-06,0.1117125,2369.41233986762,-0.0002132002264261,0.0028495863080024,242.4369201563213,0.0221875,0.0022739805,0.01930308,0.0003864668542519,1,103.89965567934102,0,0.0,2100.0,2105.0,0,0,0
0.002190302,0.019564945,7.913112e-06,0.1087375,2362.3989218275,-0.0001414341386407,-0.0023020543158054,-7.013418040120087,-0.002975,0.0023556582,0.020149786,-0.0003546343650668,1,112.6691684318617,0,0.0,2105.0,2110.0,0,0,0
0.0023143634,0.028615797,9.259188e-06,0.0981,2387.082934238998,0.0001240614801645,0.0090508516877889,24.684012411498315,-0.0106374999999999,0.0022788004,0.023349248,-1.7372658476233482e-05,1,10.385558385321357,0,0.0,2110.0,2115.0,0,0,0
0.0036627725,0.039103635,2.6520864e-05,0.0897375,2262.5228688860234,0.0013484091032296,0.010487837716937,-124.56006535297456,-0.0083625,0.0027224794,0.029094793,0.0014724705833941,1,53.85137602764448,0,0.0,2115.0,2120.0,0,0,0
0.0025363977,0.01844103,1.0586749e-05,0.13105,2624.5910957140686,-0.001126374816522,-0.0206626038998365,362.0682268280452,0.0413125,0.0028378444,0.028720153,0.0002220342867076,1,150.19200212705894,0,0.0,2120.0,2125.0,0,0,0
0.0021427826,0.026101071,7.972556e-06,0.097575,2452.547758485379,-0.000393615104258,0.0076600406318902,-172.04333722868978,-0.033475,0.0027806507,0.027881911,-0.00151998992078,1,147.87448485133777,0,0.0,2125.0,2130.0,0,0,0
0.0021518797,0.017633121,7.517028e-06,0.1170625,2385.8552888201475,9.097158908843994e-06,-0.0084679499268531,-66.69246966523133,0.0194875,0.0022770201,0.020725075,-0.0003845179453492,1,100.57699145327209,0,0.0,2130.0,2135.0,0,0,0
0.0027488447,0.023517296,1.2590608e-05,0.1158875,2535.382098194462,0.0005969649646431,0.0058841742575168,149.52680937431433,-0.0011749999999999,0.0023478356,0.022417163,0.0006060621235519,1,61.16251581442682,0,0.0,2135.0,2140.0,0,0,0
0.0024129844,0.026558561,9.809652e-06,0.1158,2554.398394853923,-0.0003358602989464,0.0030412655323743,19.016296659461204,-8.750000000000424e-05,0.0024379028,0.022569658,0.0002611046656966,1,75.37068753229354,0,0.0,2140.0,2145.0,0,0,0
0.0023097796,0.023516465,8.765165e-06,0.1073125,2578.2673957572943,-0.0001032047439366,-0.0030420962721109,23.869000903371216,-0.0084874999999999,0.0024905363,0.024530774,-0.0004390650428831,1,17.54517182658159,0,0.0,2145.0,2150.0,0,0,0
0.0024125965,0.022921026,9.474573e-06,0.126675,2649.2196391458942,0.0001028168480843,-0.0005954392254352,70.95224338859998,0.0193625,0.0023784535,0.024332017,-3.878958523273468e-07,1,40.2699480107243,0,0.0,2150.0,2155.0,0,0,0
0.0032094745,0.026802234,1.8725308e-05,0.1084375,2692.2278987392383,0.0007968780118972,0.0038812085986137,43.008259593344064,-0.0182375,0.0026439503,0.024413243,0.0008996948599815,1,46.98809243369984,0,0.0,2155.0,2160.0,0,0,0
0.003448478,0.07007582,2.6472684e-05,0.1411875,2838.9641204059167,0.0002390034496784,0.0432735830545425,146.73622166667838,0.0327499999999999,0.0030235164,0.039933026,0.0010358814615756,1,81.22957679106248,0,0.0,2160.0,2165.0,0,0,0
0.002594206,0.03531386,1.16991e-05,0.107175,2384.0332760734127,-0.0008542719297111,-0.0347619578242301,-454.930844332504,-0.0340124999999999,0.003084053,0.04406397,-0.0006152684800326,1,189.58361313216807,0,0.0,2165.0,2170.0,0,0,0
0.0029914014,0.07198255,1.8799998e-05,0.0823125,2357.1721847913827,0.0003971953410655,0.0366686880588531,-26.86109128202997,-0.0248625,0.0030113617,0.05912407,-0.0004570765886455,1,221.05983618648136,0,0.0,2170.0,2175.0,0,0,0
0.0024630711,0.035221852,9.894972e-06,0.0857125,2305.761392037999,-0.0005283302161842,-0.0367606952786445,-51.4107927533837,0.0034,0.0026828926,0.047506083,-0.0001311348751187,1,32.474050609415926,0,0.0,2175.0,2180.0,0,0,0
0.0027204575,0.035564236,1.27382755e-05,0.094875,2657.6543059725564,0.0002573863603174,0.000342383980751,351.8929139345573,0.0091625,0.0027249765,0.047589544,-0.0002709438558667,1,155.19206653492404,0,0.0,2180.0,2185.0,0,0,0
0.0023506798,0.023447517,8.959712e-06,0.0962375,2404.372207772903,-0.0003697776701301,-0.0121167190372943,-253.2820981996533,0.0013625,0.0025114028,0.0314112,-0.0001123913098126,1,148.2132611871885,0,0.0,2185.0,2190.0,0,0,0
0.0031928879,0.024806764,1.6349586e-05,0.0863375,2203.05381290311,0.0008422080427408,0.0013592466711997,-201.31839486979288,-0.0099,0.002754675,0.027939506,0.0004724303726106,1,185.993585815435,0,0.0,2190.0,2195.0,0,0,0
0.0033104431,0.022630056,1.7799173e-05,0.0836625,2320.3130799479177,0.0001175552606582,-0.0021767076104879,117.25926704480752,-0.0026749999999999,0.002951337,0.023628114,0.000959763303399,1,82.55958709490616,0,0.0,2195.0,2200.0,0,0,0
0.002787748,0.029790698,1.2658316e-05,0.105325,2579.194007348988,-0.0005226952489465,0.0071606412529945,258.88092740107004,0.0216625,0.0030970264,0.025742507,-0.0004051399882882,1,157.14484336210555,0,0.0,2200.0,2205.0,0,0,0
0.0027296853,0.029304318,1.2164502e-05,0.1164,2527.9573217539614,-5.8062607422471046e-05,-0.0004863794893026,-51.2366855950263,0.011075,0.0029426254,0.027241692,-0.000580757856369,1,111.93284875714468,0,0.0,2205.0,2210.0,0,0,0
0.003451241,0.042182922,2.196096e-05,0.0969,2479.1196179082444,0.0007215556688606,0.0128786042332649,-48.83770384571699,-0.0195,0.0029895583,0.033759315,0.0006634930614382,1,40.85911116891405,0,0.0,2210.0,2215.0,0,0,0
0.0023105782,0.027790628,9.205178e-06,0.0898625,2417.6139300409964,-0.0011406627018004,-0.0143922939896583,-61.50568786724807,-0.0070375,0.0028305016,0.03309262,-0.0004191070329397,1,45.14634850703278,0,0.0,2215.0,2220.0,0,0,0
0.0028700696,0.09534778,1.632289e-05,0.0859875,2190.730382430753,0.0005594913382083,0.0675571486353874,-226.8835476102436,-0.003875,0.0028772962,0.055107106,-0.0005811713635921,1,124.01946305834647,0,0.0,2220.0,2225.0,0,0,0
0.0032129283,0.056109175,1.964319e-05,0.1308625,2320.990203288647,0.0003428587224334,-0.0392386019229888,130.25982085789428,0.044875,0.0027978588,0.059749197,0.0009023500606417,1,92.96349921558402,0,0.0,2225.0,2230.0,0,0,0
0.0032035485,0.06250171,1.9926176e-05,0.0848625,2260.205937429659,-9.379815310239792e-06,0.0063925385475158,-60.784265858987965,-0.046,0.0030955153,0.07131956,0.0003334789071232,1,53.21779218806943,0,0.0,2230.0,2235.0,0,0,0
0.0030106783,0.07192376,1.749171e-05,0.134275,2490.1519874516403,-0.0001928701531141,0.0094220489263534,229.94605002198116,0.0494125,0.003142385,0.06351155,-0.0002022499684244,1,97.28858681374172,0,0.0,2235.0,2240.0,0,0,0
0.002873201,0.020367099,1.3621498e-05,0.1066125,2187.493155791646,-0.0001374774146825,-0.0515566617250442,-302.6588316599941,-0.0276625,0.0030291425,0.051597524,-0.0003303475677967,1,128.99814939070572,0,0.0,2240.0,2245.0,0,0,0
0.0028380784,0.06347651,1.3136914e-05,0.096625,2281.9791219775634,-3.5122502595186234e-05,0.0431094095110893,94.48596618591728,-0.0099874999999999,0.002907319,0.05192246,-0.0001725999172776,1,126.43219882941524,0,0.0,2245.0,2250.0,0,0,0
0.0030559825,0.04039754,1.5093145e-05,0.0682,2281.312814412435,0.0002179041039198,-0.0230789706110954,-0.6663075651285908,-0.028425,0.0029224206,0.041413717,0.0001827816013246,1,44.38489497262552,0,0.0,2250.0,2255.0,0,0,0
0.00298068,0.05005894,1.4484531e-05,0.1020875,2557.3824248019723,-7.530255243182182e-05,0.0096613988280296,276.0696103895375,0.0338875,0.0029582472,0.051310997,0.000142601551488,1,129.9836968208772,0,0.0,2255.0,2260.0,0,0,0
0.0026302398,0.019713804,1.1321885e-05,0.095575,2360.9628048115637,-0.0003504401538521,-0.0303451344370841,-196.41961999040905,-0.0065125,0.0028889675,0.036723427,-0.0004257427062839,1,116.016865569139,0,0.0,2260.0,2265.0,0,0,0
0.0026889897,0.020317249,1.294194e-05,0.086,2099.6132093810147,5.874992348253727e-05,0.0006034448742866,-261.34959543054856,-0.009575,0.0027666364,0.030029997,-0.0002916902303695,1,187.509090960651,0,0.0,2265.0,2270.0,0,0,0
0.0025975124,0.026254311,1.18684275e-05,0.0835125,2124.8586152193698,-9.147729724645616e-05,0.0059370622038841,25.24540583835505,-0.0024874999999999,0.002638914,0.022095121,-3.272737376391888e-05,1,117.70307741216224,0,0.0,2270.0,2275.0,0,0,0
0.0027799632,0.018746998,1.2878527e-05,0.0699125,2184.983390545744,0.00018245074898,-0.0075073130428791,60.12477532637422,-0.0136,0.0026888216,0.021772852,9.097345173358916e-05,1,35.80873102112408,0,0.0,2275.0,2280.0,0,0,0
0.0025367148,0.02517213,1.1460124e-05,0.0890625,2538.989383469751,-0.0002432484179735,0.0064251311123371,354.00599292400693,0.01915,0.0026380634,0.023391148,-6.079766899347305e-05,1,182.707880036172,0,0.0,2280.0,2285.0,0,0,0
0.002352254,0.02033664,9.151694e-06,0.104175,2537.1575419900987,-0.0001844607759267,-0.0048354901373386,-1.831841479652212,0.0151125,0.0025563107,0.021418588,-0.0004277091939002,1,166.44993628878655,0,0.0,2285.0,2290.0,0,0,0
0.0024612492,0.05270938,1.143557e-05,0.0791875,2231.448104587396,0.0001089952420443,0.0323727391660213,-305.70943740270286,-0.0249875,0.0024500724,0.032739382,-7.546553388237953e-05,1,144.54651461145576,0,0.0,2290.0,2295.0,0,0,0
0.0024902427,0.016593121,1.01491805e-05,0.089,2261.1626951712456,2.899346873164177e-05,-0.0361162573099136,29.714590583849716,0.0098125,0.0024345822,0.029879712,0.0001379887107759,1,137.64461989776632,0,0.0,2295.0,2300.0,0,0,0
0.0024859298,0.020316364,1.0421701e-05,0.1078875,2279.7870076051304,-4.312954843044281e-06,0.0037232432514429,18.624312433884825,0.0188875,0.0024791406,0.029872954,2.468051388859749e-05,1,19.90664727661121,0,0.0,2300.0,2305.0,0,0,0
0.002741478,0.022301488,1.29033315e-05,0.0861875,2071.322359973856,0.0002555481623858,0.0019851233810186,-208.46464763127412,-0.0216999999999999,0.0025725502,0.01973699,0.0002512352075427,1,94.188774510155,0,0.0,2305.0,2310.0,0,0,0
0.0030410085,0.031112483,1.5801757e-05,0.09415,2354.290613295612,0.0002995305694639,0.0088109951466321,282.9682533217556,0.0079624999999999,0.0027561386,0.024576778,0.0005550787318497,1,119.75870599801884,0,0.0,2310.0,2315.0,0,0,0
0.0030250868,0.028163293,1.5127811e-05,0.0854125,2472.922063108256,-1.5921657904982567e-05,-0.0029491893947124,118.6314498126444,-0.0087374999999999,0.0029358577,0.027192421,0.0002836089115589,1,168.46588010311478,0,0.0,2315.0,2320.0,0,0,0
0.0039257994,0.043596968,2.8777518e-05,0.099875,2423.7365575138483,0.0009007125627249,0.0154336746782064,-49.18550559440792,0.0144625,0.0033306314,0.034290913,0.0008847909048199,1,48.66595206506166,0,0.0,2320.0,2325.0,0,0,0
0.0029220765,0.026093913,1.5564588e-05,0.098725,2319.583442205896,-0.0010037228930741,-0.0175030548125505,-104.15311530795223,-0.00115,0.0032909876,0.032618057,-0.0001030103303492,1,63.92688362424238,1,0.6931471805599453,2325.0,2330.0,1,8,40
0.0027248166,0.026035551,1.3322649e-05,0.07665,2148.1595840536224,-0.0001972599420696,-5.836226046085358e-05,-171.42385815227362,-0.0220749999999999,0.0031908974,0.03190881,-0.0012009828351438,1,113.61566738285332,2,1.0986122886681096,2330.0,2335.0,1,7,35
0.002538805,0.024998827,1.1714093e-05,0.0865375,2230.8052164116093,-0.000186011660844,-0.001036724075675,82.64563235798687,0.0098875,0.0027285658,0.02570943,-0.0003832716029137,1,69.99842305116096,3,1.3862943611198906,2335.0,2340.0,1,6,30
0.0023664765,0.019062076,9.532603e-06,0.0858375,2256.493055610149,-0.0001723284367471,-0.0059367511421442,25.68783919854013,-0.0007,0.0025433658,0.023365483,-0.0003583400975912,1,46.21965273444046,4,1.6094379124341003,2340.0,2345.0,1,5,25
0.0028706775,0.05051478,1.485945e-05,0.0932125,2156.4825762752043,0.0005042010452598,0.0314527042210102,-100.0104793349451,0.007375,0.0025919864,0.03152523,0.0003318726085126,1,42.40782932999924,5,1.791759469228055,2345.0,2350.0,1,4,20
0.0033060447,0.07548416,1.8773793e-05,0.071225,2111.257526203983,0.0004353672266006,0.0249693766236305,-45.225050071221176,-0.0219875,0.002847733,0.048353672,0.0009395682718604,1,60.68201283250557,6,1.9459101490553132,2350.0,2355.0,1,3,15
0.004166648,0.03297229,2.8903352e-05,0.091275,2417.007847098197,0.0008606030605733,-0.0425118654966354,305.7503208942139,0.02005,0.00344779,0.05299041,0.0012959702871739,1,134.74336950013654,7,2.0794415416798357,2355.0,2360.0,1,2,10
0.004094458,0.088292494,3.398803e-05,0.086575,2521.395529340951,-7.218960672616959e-05,0.0553202033042907,104.38768224275373,-0.0046999999999999,0.0038557171,0.06558298,0.0007884134538471,1,174.0348715210413,8,2.1972245773362196,2360.0,2365.0,1,1,5
0.0025301247,0.032512277,1.0517396e-05,0.1175375,2692.870173828405,-0.0015643334481865,-0.055780217051506,171.47464448745404,0.0309625,0.003597077,0.051259022,-0.0016365230549126,1,113.7249924721508,0,0.0,2365.0,2370.0,0,0,0
0.0027482216,0.028343545,1.34851325e-05,0.124125,2658.078575208778,0.0002180968876928,-0.0041687320917844,-34.79159861962671,0.0065874999999999,0.003124268,0.049716104,-0.0013462365604937,1,74.00920668276838,0,0.0,2370.0,2375.0,0,0,0
0.0037600505,0.042685613,2.609741e-05,0.11405,2580.5994272249413,0.0010118288919329,0.0143420677632093,-77.47914798383681,-0.010075,0.0030127987,0.034513813,0.0012299257796257,1,46.92570280028918,1,0.6931471805599453,2375.0,2380.0,1,17,85
0.0028842997,0.023114264,1.387742e-05,0.11825,2718.0820184086638,-0.0008757507894188,-0.0195713490247726,137.48259118372198,0.0041999999999999,0.0031308571,0.03138114,0.0001360781025141,1,56.27797521305743,2,1.0986122886681096,2380.0,2385.0,1,16,80
0.0026686054,0.024477487,1.2163335e-05,0.1159875,2880.872703633064,-0.0002156943082809,0.0013632234185934,162.79068522440002,-0.0022625,0.0031043186,0.030092455,-0.0010914450976997,1,122.73110200727828,3,1.3862943611198906,2385.0,2390.0,1,15,75
0.0030981847,0.05848271,2.0078323e-05,0.125125,2851.608158225323,0.00042957928963,0.0340052247047424,-29.264545407740115,0.0091374999999999,0.0028836967,0.035358157,0.0002138849813491,1,70.8570162981523,4,1.6094379124341003,2390.0,2395.0,1,14,70
0.0037819007,0.034167986,2.5671357e-05,0.1149375,2803.975165741523,0.000683716032654,-0.0243147239089012,-47.63299248380008,-0.0101874999999999,0.003182897,0.039042726,0.0011132953222841,1,31.69042428919762,5,1.791759469228055,2395.0,2400.0,1,13,65
0.002660014,0.019358713,1.1359097e-05,0.116875,2750.1479919530493,-0.0011218867730349,-0.0148092731833457,-53.82717378847383,0.0019375,0.0031800333,0.03733647,-0.0004381707403808,1,41.44666177552621,6,1.9459101490553132,2400.0,2405.0,1,12,60
0.0030796693,0.044499535,1.889912e-05,0.1146,2650.541214280908,0.0004196553491055,0.0251408219337463,-99.60677767214156,-0.002275,0.0031738614,0.03267541,-0.0007022314239293,1,63.56173924015442,7,2.0794415416798357,2405.0,2410.0,1,11,55
0.0025882262,0.02987824,1.1162204e-05,0.111675,2738.2018660562176,-0.0004914430901408,-0.0146212950348854,87.66065177530982,-0.0029249999999999,0.00277597,0.031245494,-7.178774103522301e-05,1,44.40796969494267,8,2.1972245773362196,2410.0,2415.0,1,10,50
0.0025311753,0.044314474,1.1021876e-05,0.10335,2265.4001764271197,-5.705095827579498e-05,0.0144362337887287,-472.8016896290983,-0.0083249999999999,0.0027330236,0.039564084,-0.0005484940484166,1,205.36132023146573,9,2.302585092994046,2415.0,2420.0,1,9,45
0.0028203689,0.06954223,1.5972639e-05,0.1008625,2357.72393248026,0.0002891935873776,0.0252277553081512,92.32375605314064,-0.0024875,0.0026465904,0.047911648,0.0002321426291018,1,204.6212141674141,10,2.3978952727983707,2420.0,2425.0,1,8,40
0.0024282592,0.02400318,1.0109486e-05,0.1109625,2458.0777094719624,-0.0003921096213161,-0.0455390512943267,100.35377699170247,0.0101,0.002593268,0.045953292,-0.0001029160339385,1,78.6830408301467,11,2.4849066497880004,2425.0,2430.0,1,7,35
0.0033497773,0.02761919,2.0186559e-05,0.09505,2328.4742503862867,0.0009215180762112,0.0036160107702016,-129.6034590856757,-0.0159125,0.0028661352,0.0403882,0.000529408454895,1,55.50123228468923,12,2.5649493574615367,2430.0,2435.0,1,6,30
0.0026801585,0.021297352,1.2567274e-05,0.1114375,2455.925613514385,-0.0006696188356727,-0.0063218381255865,127.45136312809836,0.0163875,0.0028193984,0.024306573,0.0002518992405384,1,60.59477249839794,13,2.639057329615259,2435.0,2440.0,1,5,25
0.0026454423,0.03355431,1.3825761e-05,0.096375,2200.365192124849,-3.471621312201023e-05,0.0122569594532251,-255.56042138953623,-0.0150624999999999,0.0028917927,0.027490282,-0.0007043350487947,1,104.33222030963304,14,2.70805020110221,2440.0,2445.0,1,4,20
0.0024792408,0.0188816,1.0155379e-05,0.101075,2308.65047388127,-0.0001662014983594,-0.0146727114915847,108.28528175642124,0.0046999999999999,0.0026016138,0.024577757,-0.0002009177114814,1,104.7360693361166,15,2.772588722239781,2445.0,2450.0,1,3,15
0.0019779953,0.019168638,6.3433863e-06,0.0966,2262.840632196944,-0.0005012454930692,0.0002870373427867,-45.80984168432588,-0.0044749999999999,0.0023675596,0.023868183,-0.0006674469914287,1,44.38145815592176,16,2.833213344056216,2450.0,2455.0,1,2,10
0.0020431401,0.02874875,8.6581695e-06,0.0817375,2267.529486663266,6.514484994113445e-05,0.0095801129937171,4.688854466322027,-0.0148625,0.002166792,0.022266328,-0.0004361006431281,1,20.579014502731184,17,2.8903717578961645,2455.0,2460.0,1,1,5
0.0026742173,0.021361884,1.216509e-05,0.0920875,2099.606216646185,0.0006310772150754,-0.0073868669569492,-167.923270017081,0.0103499999999999,0.0022317842,0.02309309,0.0006962220650166,1,78.07808370089359,0,0.0,2460.0,2465.0,0,0,0
0.0022840542,0.11460818,1.5474561e-05,0.0852625,2286.8183943200925,-0.0003901631571352,0.0932462960481643,187.2121776739073,-0.0068249999999999,0.0023338038,0.054906275,0.0002409140579402,1,84.07581634138302,0,0.0,2465.0,2470.0,0,0,0
0.0018468435,0.016014464,5.472825e-06,0.074575,2235.3623140428667,-0.0004372106632217,-0.0985937193036079,-51.45608027722574,-0.0106875,0.0022683716,0.050661515,-0.000827373820357,1,78.96964652269898,0,0.0,2470.0,2475.0,0,0,0
0.0021466794,0.07793212,8.127844e-06,0.0738,2248.2359276073166,0.0002998359268531,0.0619176551699638,12.873613564449895,-0.0007749999999999,0.0020925256,0.06951826,-0.0001373747363686,1,21.863375924503774,0,0.0,2475.0,2480.0,0,0,0
0.0025151337,0.079291075,1.328443e-05,0.0804375,2281.419556004428,0.0003684542607516,0.0013589560985565,33.18362839711108,0.0066374999999999,0.0021695523,0.057745885,0.0006682901876047,1,19.402613389008877,0,0.0,2480.0,2485.0,0,0,0
0.0021971976,0.01810956,7.813749e-06,0.105,2310.534194599224,-0.0003179360646754,-0.0611815154552459,29.11463859479636,0.0245625,0.002286337,0.05844425,5.051819607615471e-05,1,25.451237569338456,0,0.0,2485.0,2490.0,0,0,0
0.002843908,0.041841473,1.5659296e-05,0.0889375,2164.6199635219104,0.0006467103958129,0.0237319134175777,-145.91423107731362,-0.0160624999999999,0.0025187463,0.046414036,0.0003287743311375,1,63.052685038846136,0,0.0,2490.0,2495.0,0,0,0
0.0022490146,0.021943633,8.488266e-06,0.0858875,2260.895573483341,-0.0005948934704065,-0.0198978409171104,96.27560996143076,-0.0030499999999999,0.0024300402,0.027298221,5.1816925406456e-05,1,60.574975224111405,0,0.0,2495.0,2500.0,0,0,0
0.0027307065,0.023054067,1.2776968e-05,0.1166,2519.082767480445,0.0004816919099539,0.0011104345321655,258.18719399710426,0.0307124999999999,0.0026078764,0.02894639,-0.0001132015604525,1,149.65645830356146,0,0.0,2500.0,2505.0,0,0,0
0.0024090663,0.041457668,1.0143015e-05,0.099775,2422.457677292234,-0.0003216401673853,0.0184036009013652,-96.62509018821127,-0.0168249999999999,0.002462929,0.028818456,0.0001600517425686,1,106.50996228060016,0,0.0,2505.0,2510.0,0,0,0
0.0021709811,0.014841912,7.5854823e-06,0.081125,2148.562817352255,-0.0002380851656198,-0.0266157556325197,-273.89485993997914,-0.01865,0.002436918,0.026451215,-0.0005597253330051,1,156.9288004862281,0,0.0,2510.0,2515.0,0,0,0
0.002427484,0.12835562,1.52426155e-05,0.0645375,1865.7013523750627,0.0002565027680248,0.113513708114624,-282.8614649771923,-0.0165875,0.0023358439,0.061551735,1.841760240495205e-05,1,227.30464335235197,0,0.0,2515.0,2520.0,0,0,0
0.002618078,0.025534805,1.2160375e-05,0.0887125,2255.8374229424567,0.0001905940007418,-0.1028208136558532,390.136070567394,0.024175,0.0024055142,0.056244116,0.0004470967687666,1,164.56157339067929,0,0.0,2520.0,2525.0,0,0,0
0.0031287444,0.09262798,3.427777e-05,0.0744375,2089.662154894937,0.0005106665194034,0.0670931786298751,-166.17526804751924,-0.0142749999999999,0.0027247688,0.0821728,0.0007012605201452,1,159.85368807957474,0,0.0,2525.0,2530.0,0,0,0
0.002147427,0.028236702,7.5053954e-06,0.0648,1944.367925671061,-0.0009813173674046,-0.0643912777304649,-145.29422922387653,-0.0096375,0.0026314165,0.048799828,-0.0004706508480012,1,127.25210344776286,0,0.0,2530.0,2535.0,0,0,0
0.0023848177,0.03666473,1.0207167e-05,0.061325,2175.219746498968,0.0002373906318098,0.0084280297160148,230.8518208279072,-0.0034749999999999,0.002553663,0.052509803,-0.0007439267355948,1,95.2908283486825,0,0.0,2535.0,2540.0,0,0,0
0.0022453933,0.036731377,7.8489065e-06,0.0834375,2427.0348616712254,-0.0001394243445247,6.664544343948364e-05,251.8151151722573,0.0221125,0.0022592128,0.033877604,9.796628728508948e-05,1,197.1098922250012,0,0.0,2540.0,2545.0,0,0,0
0.0023447888,0.01759994,8.996682e-06,0.0725125,2121.958348855616,9.939540177583694e-05,-0.0191314369440078,-305.0765128156095,-0.010925,0.002325,0.030332016,-4.002894274890423e-05,1,133.04940910966255,0,0.0,2545.0,2550.0,0,0,0
0.002786875,0.024667822,1.2865519e-05,0.0651375,1926.2492568178327,0.0004420862533152,0.0070678815245628,-195.70909203778277,-0.0073749999999999,0.0024590192,0.026333047,0.000541481655091,1,206.0636227011141,0,0.0,2550.0,2555.0,0,0,0
0.0025587997,0.037604157,1.1047808e-05,0.084625,2188.621754034952,-0.0002280753105878,0.0129363350570201,262.3724972171185,0.0194875,0.0025634877,0.026623974,0.0002140109427273,1,111.3479958370276,0,0.0,2555.0,2560.0,0,0,0
0.0033742432,0.07747495,2.986612e-05,0.0578875,1914.6594884027888,0.0008154434617608,0.0398707948625087,-273.96226563216305,-0.0267375,0.0029066391,0.04658231,0.0005873681511729,1,126.50383086784768,0,0.0,2560.0,2565.0,0,0,0
0.003501635,0.05914874,2.8106115e-05,0.0672875,2135.712601735805,0.0001273918896913,-0.018326211720705,221.05311333301688,0.0093999999999999,0.0031448926,0.05807595,0.0009428353514522,1,118.658792014724,0,0.0,2565.0,2570.0,0,0,0
0.0050934046,0.12771723,7.598895e-05,0.0667125,1943.3453863295767,0.0015917695127427,0.0685684829950332,-192.3672154062283,-0.000575,0.003989761,0.08811364,0.0017191614024341,1,98.1453034010922,0,0.0,2570.0,2575.0,0,0,0
0.003528371,0.034259997,2.1640873e-05,0.0664625,1878.2115910549855,-0.0015650335699319,-0.0934572294354438,-65.13379527459142,-0.00025,0.004041137,0.07370865,2.673594281077385e-05,1,109.31825472834518,0,0.0,2575.0,2580.0,0,0,0
0.004154822,0.05564858,3.2053824e-05,0.06275,1816.5689969920368,0.000626450870186,0.0213885828852653,-61.642594062949,-0.0037124999999999,0.004258866,0.07254194,-0.0009385826997458,1,51.76278541271554,1,0.6931471805599453,2580.0,2585.0,1,18,90
0.0042158472,0.03930963,3.05686e-05,0.053725,1832.4951504040728,6.102537736296654e-05,-0.0163389518857002,15.926153412036456,-0.0090249999999999,0.003966347,0.043072734,0.000687476247549,1,26.126709856011008,2,1.0986122886681096,2585.0,2590.0,1,17,85
0.0041238978,0.04307042,3.351466e-05,0.0715875,2124.629002149258,-9.19494777917862e-05,0.0037607923150062,292.133851745185,0.0178624999999999,0.004164856,0.04600954,-3.0924100428819656e-05,1,141.61638185034664,3,1.3862943611198906,2590.0,2595.0,1,16,80
0.0033181652,0.043789648,2.0452177e-05,0.0755375,2307.640076873903,-0.0008057325612753,0.0007192268967628,183.0110747246449,0.0039499999999999,0.0038859702,0.042056564,-0.0008976820390671,1,195.67488397207563,4,1.6094379124341003,2595.0,2600.0,1,15,75
0.004114959,0.028977081,2.812926e-05,0.0622625,2077.704524269632,0.0007967937272042,-0.0148125663399696,-229.93555260427135,-0.0132749999999999,0.0038523406,0.038612384,-8.938834071159363e-06,1,99.19975271450852,5,1.791759469228055,2600.0,2605.0,1,14,70
0.0034837783,0.031297304,2.078114e-05,0.1045125,2333.277949555601,-0.0006311805918812,0.002320222556591,255.57342528596973,0.0422499999999999,0.0036389672,0.03468801,0.0001656131353229,1,114.91322067807796,6,1.9459101490553132,2605.0,2610.0,1,13,65
0.0037800225,0.036746956,2.59157e-05,0.06805,1989.7199779840653,0.0002962441649287,0.0054496526718139,-343.557971571536,-0.0364624999999999,0.00379292,0.03234045,-0.0003349364269524,1,145.7132404293631,7,2.0794415416798357,2610.0,2615.0,1,12,60
0.0033150658,0.031498775,2.0056037e-05,0.092125,2230.67785281053,-0.00046495674178,-0.0052481815218925,240.9578748264646,0.024075,0.003526289,0.03318101,-0.0001687125768512,1,143.99828591700995,8,2.1972245773362196,2615.0,2620.0,1,11,55
0.0029208339,0.021860728,1.4970326e-05,0.0684375,2008.55159343411,-0.000394231872633,-0.0096380468457937,-222.12625937642,-0.0236875,0.0033386406,0.030035486,-0.0008591886144131,1,109.4203933287195,9,2.302585092994046,2620.0,2625.0,1,10,50
0.0038708115,0.036029365,2.7224482e-05,0.0924625,2181.8757174263105,0.0009499776642769,0.0141686368733644,173.32412399220038,0.024025,0.0033689036,0.029796287,0.0005557457916438,1,95.31408633231965,10,2.3978952727983707,2625.0,2630.0,1,9,45
0.0021764112,0.026549987,8.765157e-06,0.0782875,2240.2042612983446,-0.0016944003291428,-0.0094793774187564,58.32854387203406,-0.014175,0.0029893524,0.028146693,-0.0007444226648658,1,98.3793279530889,11,2.4849066497880004,2630.0,2635.0,1,8,40
0.002933299,0.040579993,1.603623e-05,0.0972875,2293.2160115845327,0.0007568877190351,0.0140300057828426,53.01175028618809,0.019,0.0029935073,0.034386445,-0.0009375126101076,1,45.47175656001133,12,2.5649493574615367,2635.0,2640.0,1,7,35
0.0031640686,0.032890372,1.8068858e-05,0.0896,2508.0491170236637,0.0002307696267962,-0.0076896212995052,214.83310543913055,-0.0076875,0.0027579262,0.03334012,0.0009876573458313,1,115.80845085242294,13,2.639057329615259,2640.0,2645.0,1,6,30
0.002691704,0.03347736,1.2070606e-05,0.08795,2251.06896469632,-0.0004723644815385,0.000586986541748,-256.98015232734315,-0.0016499999999999,0.0029296905,0.035649244,-0.0002415948547422,1,112.5307046712152,14,2.70805020110221,2645.0,2650.0,1,5,25
0.003323843,0.033974085,2.0535828e-05,0.0751125,2338.649278964468,0.0006321389228105,0.0004967264831066,87.5803142681475,-0.0128375,0.0030598717,0.03344727,0.000159774441272,1,106.66948708353172,15,2.772588722239781,2650.0,2655.0,1,4,20
0.003298389,0.040737066,1.980426e-05,0.07905,2262.3014666070294,-2.5453977286815643e-05,0.0067629814147949,-76.34781235743822,0.0039374999999999,0.0031046455,0.036062837,0.0006066849455237,1,38.90939474992321,16,2.833213344056216,2655.0,2660.0,1,3,15
0.0026145002,0.020931447,1.1333832e-05,0.0833,2275.7562297669238,-0.0006838887929916,-0.0198056194931268,13.4547631598939,0.00425,0.0030789108,0.031880867,-0.0007093427702784,1,33.27587504621222,17,2.8903717578961645,2660.0,2665.0,1,2,10
0.0035258774,0.13970128,2.4081262e-05,0.0944,2391.9136543791,0.0009113771375268,0.1187698319554328,116.15742461217631,0.0110999999999999,0.0031462554,0.067123264,0.0002274883445352,1,58.18829317472016,18,2.9444389791664403,2665.0,2670.0,1,1,5
0.0027285502,0.024545748,1.2180318e-05,0.0845875,2514.29385528445,-0.0007973271422088,-0.1151555329561233,122.3802009053502,-0.0098125,0.0029563091,0.061726157,0.000114049995318,1,97.39362268290868,0,0.0,2670.0,2675.0,0,0,0
0.0029527657,0.045424312,1.610387e-05,0.1072625,2486.3887207839034,0.0002242154441773,0.0208785645663738,-27.90513450054641,0.022675,0.0030690643,0.06989045,-0.0005731116980314,1,52.3674498958185,0,0.0,2675.0,2680.0,0,0,0
0.0028696107,0.07406069,1.9684248e-05,0.0805,2303.066038893176,-8.315499871969223e-05,0.0286363810300827,-183.32268189072735,-0.0267624999999999,0.002850309,0.04801025,0.0001410604454576,1,93.6916293216612,0,0.0,2680.0,2685.0,0,0,0
0.0031195246,0.024094949,1.6753927e-05,0.103025,2655.8030466596065,0.00024991389364,-0.0499657467007637,352.73700776643045,0.022525,0.0029806336,0.047859985,0.0001667588949203,1,144.04158973309777,0,0.0,2685.0,2690.0,0,0,0
0.0038737378,0.036630873,2.6478448e-05,0.094225,2524.12765761265,0.0007542131934314,0.0125359240919351,-131.6753890469563,-0.0088,0.0032876243,0.044928838,0.0010041270870715,1,145.53733541586743,0,0.0,2690.0,2695.0,0,0,0
0.0043502715,0.039926164,3.5189412e-05,0.1382375,2627.85702947692,0.0004765337798744,0.0032952912151813,103.72937186426998,0.0440125,0.0037811778,0.03355066,0.0012307469733059,1,56.64624195085996,0,0.0,2695.0,2700.0,0,0,0
0.0034204419,0.023323787,1.8995937e-05,0.0859375,2401.334084600245,-0.0009298296645283,-0.0166023764759302,-226.52294487667496,-0.0523,0.0038814836,0.03329361,-0.0004532958846539,1,92.58670933905384,0,0.0,2700.0,2705.0,0,0,0
0.0033789475,0.044985812,2.2328952e-05,0.0828875,2294.8239917726337,-4.149437882006168e-05,0.0216620247811079,-106.51009282761152,-0.0030499999999999,0.0037165536,0.036078587,-0.0009713240433484,1,138.87166282910766,0,0.0,2705.0,2710.0,0,0,0
0.0024938653,0.019109998,1.0263614e-05,0.077525,2264.772790124202,-0.0008850821759551,-0.0258758142590522,-30.051201648431743,-0.0053625,0.0030977514,0.029139867,-0.0009265765547752,1,58.59129793524872,0,0.0,2710.0,2715.0,0,0,0
0.0023656138,0.01900426,9.094049e-06,0.076275,2344.6124252954173,-0.0001282515004277,-0.0001057386398315,79.83963517121538,-0.00125,0.0027461424,0.027700022,-0.0010133336763828,1,32.92471239634806,0,0.0,2715.0,2720.0,0,0,0
0.003316372,0.030830089,2.0518344e-05,0.084875,2340.47742692751,0.0009507581125944,0.0118258297443389,-4.1349983679074285,0.0086,0.0027252836,0.02298145,0.0008225066121667,1,36.70098029162487,0,0.0,2720.0,2725.0,0,0,0
0.0029639516,0.029999359,1.5245545e-05,0.090725,2479.2319843654086,-0.0003524203784763,-0.0008307304233312,138.7545574378987,0.0058499999999999,0.0028819793,0.026611237,0.0005983377341181,1,64.45700643365019,0,0.0,2725.0,2730.0,0,0,0
0.0029333737,0.033998393,1.6380007e-05,0.09905,2447.8428196900168,-3.057788126170635e-05,0.0039990339428186,-31.38916467539184,0.0083249999999999,0.0030712325,0.03160928,-0.000382998259738,1,59.409533869997446,0,0.0,2730.0,2735.0,0,0,0
0.00272606,0.029418962,1.3107219e-05,0.086025,2270.466610258351,-0.0002073135692626,-0.0045794304460287,-177.37620943166576,-0.0130249999999999,0.002874462,0.031138904,-0.0002378914505243,1,91.91214449886655,0,0.0,2735.0,2740.0,0,0,0
0.0035401336,0.02490044,2.3605704e-05,0.091375,2262.453636440476,0.0008140734862536,-0.0045185219496488,-8.012973817875263,0.0053499999999999,0.0030665223,0.029439265,0.0006067599169909,1,85.56717743496692,0,0.0,2740.0,2745.0,0,0,0
0.0037527175,0.024838133,2.3220802e-05,0.0795125,2144.816666992699,0.0002125839237123,-6.230734288692474e-05,-117.63696944777666,-0.0118624999999999,0.003339637,0.026385846,0.0010266574099659,1,57.436508495056856,0,0.0,2745.0,2750.0,0,0,0
0.0037597416,0.035579387,2.5357744e-05,0.0821625,2331.7569334885643,7.024034857749939e-06,0.0107412543147802,186.9402664958652,0.0026499999999999,0.0036841976,0.028439319,0.0002196079585701,1,77.16365494492702,0,0.0,2750.0,2755.0,0,0,0
0.00326427,0.03283848,1.7882234e-05,0.0932375,2393.2089792693896,-0.0004954715259373,-0.0027409084141254,61.4520457808253,0.011075,0.0035922432,0.031085333,-0.0004884474910795,1,105.63130742054057,0,0.0,2755.0,2760.0,0,0,0
0.0024370477,0.016208116,9.661893e-06,0.1042625,2638.8492818605387,-0.0008272223640233,-0.0166303627192974,245.64030259114907,0.0110249999999999,0.0031536864,0.028208658,-0.0013226938899606,1,132.67387862153407,0,0.0,2760.0,2765.0,0,0,0
0.002445509,0.022507478,9.57544e-06,0.114175,2857.634942254464,8.461298421025276e-06,0.0062993615865707,218.78566039392533,0.0099125,0.0027156088,0.023851357,-0.0008187610656023,1,189.7067323076716,0,0.0,2765.0,2770.0,0,0,0
0.0036266358,0.0331063,2.3818486e-05,0.1165125,2598.66870213835,0.0011811268050223,0.0105988234281539,-258.966240116114,0.0023375,0.0028363976,0.023940632,0.0011895881034433,1,113.795702760446,0,0.0,2770.0,2775.0,0,0,0
0.0042327247,0.1827191,6.762037e-05,0.130225,2608.237333475816,0.0006060888990759,0.1496127992868423,9.568631337465831,0.0137125,0.0034349568,0.07944429,0.0017872157040983,1,119.88616799561564,0,0.0,2775.0,2780.0,0,0,0
0.0026766434,0.02433801,1.2272012e-05,0.090425,2174.158735919585,-0.0015560812316834,-0.1583810895681381,-434.0785975562308,-0.0398,0.0035120014,0.08005447,-0.0009499923326075,1,202.40896416828792,0,0.0,2780.0,2785.0,0,0,0
0.0019777257,0.014633268,6.2150707e-06,0.101525,2257.788695908181,-0.0006989177782088,-0.0097047425806522,83.62995998859606,0.0110999999999999,0.0029623646,0.07389679,-0.0022549990098923,1,188.0403167872635,0,0.0,2785.0,2790.0,0,0,0
0.0025387264,0.020552333,1.06436e-05,0.1252125,2401.766640337736,0.0005610007792711,0.0059190653264522,143.977944429555,0.0236875,0.0023976986,0.019841203,-0.0001379169989377,1,94.00294135083482,0,0.0,2790.0,2795.0,0,0,0
0.002057983,0.06521564,7.0895376e-06,0.0892,2330.220616537669,-0.0004807433579117,0.044663306325674,-71.5460238000669,-0.0360125,0.0021914784,0.03346708,8.025742135941982e-05,1,58.779120565267455,0,0.0,2795.0,2800.0,0,0,0
0.0019416615,0.018121392,6.111668e-06,0.09795,2326.131365475268,-0.0001163216074928,-0.0470942482352256,-4.0892510624012175,0.0087499999999999,0.0021794569,0.03462979,-0.0005970649654045,1,34.73111045249744,0,0.0,2800.0,2805.0,0,0,0
0.0018577606,0.017686386,5.7661837e-06,0.0948625,2312.5650916442687,-8.39008716866374e-05,-0.0004350058734416,-13.566273830999307,-0.0030874999999999,0.0019524684,0.033674475,-0.0002002224791795,1,7.546031474817973,0,0.0,2805.0,2810.0,0,0,0
0.0026672832,0.021573551,1.2373641e-05,0.0940375,2197.2905994542352,0.0008095225784927,0.0038871653378009,-115.27449219003348,-0.000825,0.0021555685,0.01912711,0.0007256217068061,1,57.80445515722648,0,0.0,2810.0,2815.0,0,0,0
0.0019036442,0.017850269,5.9065387e-06,0.078975,2395.046538347195,-0.0007636389927938,-0.003723282366991,197.75593889295988,-0.0150624999999999,0.0021428962,0.019036734,4.588358569890261e-05,1,81.10268454750836,0,0.0,2815.0,2820.0,0,0,0
0.002291661,0.017294247,8.593142e-06,0.129675,2812.5767023411936,0.0003880168078467,-0.0005560219287872,417.5301639939985,0.0507,0.0022875294,0.018906021,-0.0003756221849471,1,256.4752181266712,0,0.0,2820.0,2825.0,0,0,0
0.0023538463,0.03449416,9.62689e-06,0.1349,2900.375241903096,6.218533962965012e-05,0.0171999149024486,87.79853956190254,0.0052249999999999,0.0021830506,0.023212893,0.0004502021474763,1,220.4533510825025,0,0.0,2825.0,2830.0,0,0,0
0.0023443196,0.01921454,9.006719e-06,0.1088125,2418.666280944489,-9.526731446385384e-06,-0.0152796208858489,-481.7089609586069,-0.0260874999999999,0.0023299423,0.023667648,5.265860818326473e-05,1,209.47487961353715,0,0.0,2830.0,2835.0,0,0,0
0.0024256108,0.019970372,9.896618e-06,0.104975,2465.6400610599794,8.1291189417243e-05,0.0007558315992355,46.97378011549017,-0.0038375,0.0023745922,0.024559692,7.176445797085762e-05,1,216.8575406802192,0,0.0,2835.0,2840.0,0,0,0
0.0032388016,0.022249151,1.6979291e-05,0.1162125,2649.749663008304,0.0008131908252835,0.0022787787020206,184.10960194832435,0.0112374999999999,0.0026695775,0.020478021,0.0008944820147007,1,99.72317852377356,0,0.0,2840.0,2845.0,0,0,0
0.003553969,0.027765434,2.0336156e-05,0.0903875,2326.450474515277,0.0003151674754917,0.0055162832140922,-323.2991884930266,-0.025825,0.0030727938,0.02332832,0.0011283583007752,1,132.41032680954942,0,0.0,2845.0,2850.0,0,0,0
0.0032981948,0.023213748,1.7648334e-05,0.09665,2430.6423634106973,-0.0002557742409408,-0.0045516863465309,104.1918888954201,0.0062625,0.0033636552,0.024409443,5.939323455095291e-05,1,134.73691390953968,0,0.0,2850.0,2855.0,0,0,0
0.003710231,0.036817435,2.423805e-05,0.1073375,2606.507684268369,0.0004120361991226,0.0136036872863769,175.86532085767158,0.0106875,0.0035207982,0.029265538,0.0001562619581818,1,115.57421931221631,0,0.0,2855.0,2860.0,0,0,0
0.00533889,0.046672773,5.1226543e-05,0.1373375,2790.310115581492,0.0016286589670926,0.0098553374409675,183.80243131312272,0.03,0.004115772,0.035567984,0.0020406951662153,1,146.84566228549048,0,0.0,2860.0,2865.0,0,0,0
0.0044593234,0.0371547,3.3062217e-05,0.1016125,2609.005864395318,-0.0008795666508376,-0.0095180720090866,-181.3042511861736,-0.035725,0.0045028147,0.04021497,0.0007490923162549,1,86.06251355764664,0,0.0,2865.0,2870.0,0,0,0
0.0065821013,0.12521471,0.00010139777,0.1489,2957.1779237531355,0.0021227779798209,0.0880600064992904,348.1720593578175,0.0472875,0.0054601054,0.06968073,0.0012432113289833,1,142.18137079865096,0,0.0,2870.0,2875.0,0,0,0
0.0047768475,0.07851005,4.4218214e-05,0.1212875,3054.657307657736,-0.0018052537925541,-0.0467046573758125,97.47938390460013,-0.0276124999999999,0.0052727573,0.080293156,0.0003175241872668,1,191.29129099237335,0,0.0,2875.0,2880.0,0,0,0
0.003919242,0.040632784,2.8307772e-05,0.105975,2643.631432525688,-0.0008576055988669,-0.0378772690892219,-411.025875132048,-0.0153125,0.0050927303,0.08145252,-0.002662859391421,1,175.35864914686837,0,0.0,2880.0,2885.0,0,0,0
0.0033571601,0.026484573,1.9657748e-05,0.0850125,2217.019221039838,-0.0005620818119496,-0.0141482111066579,-426.6122114858495,-0.0209624999999999,0.00401775,0.04854247,-0.0014196874108165,1,341.98404985057505,0,0.0,2885.0,2890.0,0,0,0
0.0028861426,0.04510569,1.6380713e-05,0.0924625,2325.632115537959,-0.0004710175562649,0.018621115013957,108.61289449812102,0.0074499999999999,0.0033875147,0.03740768,-0.0010330993682146,1,181.02127113953853,0,0.0,2890.0,2895.0,0,0,0
0.0028929496,0.020171335,1.3522285e-05,0.088775,2145.032667427356,6.8070366978645325e-06,-0.0249343533068895,-180.59944811060316,-0.0036874999999999,0.0030454174,0.030587198,-0.0004642105195671,1,74.23310538066869,0,0.0,2895.0,2900.0,0,0,0
0.0032213142,0.02164942,1.7095581e-05,0.086175,2053.3253435017405,0.0003283645492047,0.0014780852943658,-91.70732392561558,-0.0026,0.0030001355,0.028975481,0.0003351715859025,1,113.12597305474075,0,0.0,2900.0,2905.0,0,0,0
0.002645617,0.027624205,1.2512942e-05,0.07005,1975.3286204900423,-0.0005756972823292,0.0059747844934463,-77.9967230116979,-0.016125,0.00291996,0.02314832,-0.0002473327331244,1,69.35671529536688,0,0.0,2905.0,2910.0,0,0,0
0.0032025452,0.028898003,1.7386768e-05,0.0907,2161.6555854698663,0.0005569283384829,0.0012737978249788,186.3269649798237,0.02065,0.0030231588,0.026057208,-1.876894384622574e-05,1,76.40292897528985,0,0.0,2910.0,2915.0,0,0,0
0.0027187972,0.040964026,1.5240926e-05,0.0822625,2216.076570930265,-0.000483748037368,0.0120660234242677,54.42098546039915,-0.0084375,0.002855653,0.03249541,7.31803011149168e-05,1,103.08516283919032,0,0.0,2915.0,2920.0,0,0,0
0.0022973106,0.066894636,8.947839e-06,0.08345,2318.2216009053286,-0.0004214865621179,0.0259306095540523,102.14502997506315,0.0011874999999999,0.0027395512,0.045585554,-0.0009052345994859,1,64.90006676629415,0,0.0,2920.0,2925.0,0,0,0
0.0027181571,0.074943155,1.3161957e-05,0.0804,2060.053343066352,0.0004208465106785,0.0080485194921493,-258.16825783897684,-0.0030499999999999,0.0025780883,0.060933936,-6.400514394044876e-07,1,106.15905474401956,0,0.0,2925.0,2930.0,0,0,0
0.0029278812,0.23465961,2.9391374e-05,0.0713,2258.0628151252813,0.0002097240649163,0.1597164571285247,198.00947205892956,-0.0090999999999999,0.002647783,0.12549913,0.0006305705755949,1,110.29137162141522,0,0.0,2930.0,2935.0,0,0,0
0.0030677486,0.02400488,1.5593696e-05,0.0826,2157.3689699649717,0.0001398674212396,-0.2106547355651855,-100.69384516031003,0.0113,0.0029045958,0.111202545,0.0003495914861559,1,80.84094996204708,0,0.0,2935.0,2940.0,0,0,0
0.0035439446,0.06315204,2.0345367e-05,0.0696625,2096.772336540905,0.0004761959426105,0.0391471572220325,-60.59663342406611,-0.0129375,0.0031798582,0.10727218,0.0006160633638501,1,66.52135907400657,0,0.0,2940.0,2945.0,0,0,0
0.0030800363,0.021108493,1.5363974e-05,0.072775,2220.8612086433504,-0.0004639083053916,-0.0420435443520545,124.0888721024453,0.0031125,0.0032305764,0.03608847,1.228763721883297e-05,1,50.66366716382323,0,0.0,2945.0,2950.0,0,0,0
0.0029903473,0.023189798,1.45788135e-05,0.1034,2279.363458118872,-8.968892507255077e-05,0.0020813047885894,58.502249475521694,0.030625,0.003204776,0.035816777,-0.0005535972304642,1,76.12860394859122,0,0.0,2950.0,2955.0,0,0,0
0.0027495208,0.025605852,1.3073747e-05,0.0665125,1981.3896264695504,-0.0002408265136182,0.0024160537868738,-297.9738316493215,-0.0368875,0.0029399681,0.02330138,-0.0003305154386907,1,128.90890677369268,0,0.0,2955.0,2960.0,0,0,0
0.0032860455,0.038142703,2.1400037e-05,0.086,2185.2204833021524,0.0005365246906876,0.0125368516892194,203.8308568326017,0.0194874999999999,0.0030086378,0.02897945,0.0002956981770694,1,124.3643045662542,0,0.0,2960.0,2965.0,0,0,0
0.002445847,0.041730728,9.969315e-06,0.07775,2159.054877236977,-0.0008401984814554,0.0035880245268344,-26.165606065175325,-0.0082499999999999,0.0028271377,0.035159763,-0.0003036737907677,1,90.55176448868168,0,0.0,2965.0,2970.0,0,0,0
0.0024447504,0.018364204,9.504823e-06,0.0827,2190.6585523742665,-1.096632331609726e-06,-0.0233665239065885,31.60367513728943,0.0049499999999999,0.0027255479,0.03274588,-0.000841295113787,1,13.796150099753472,0,0.0,2970.0,2975.0,0,0,0
0.0023120719,0.022635087,8.791081e-06,0.0761875,2216.3922755854014,-0.0001326785422861,0.0042708832770586,25.73372321113493,-0.0065124999999999,0.0024008898,0.027576672,-0.0001337751746177,1,23.448747992771448,0,0.0,2975.0,2980.0,0,0,0
0.0028607796,0.024255138,1.3707721e-05,0.0796125,2129.7213270248058,0.0005487077869474,0.0016200505197048,-86.67094856059566,0.0034249999999999,0.0025392007,0.021751478,0.0004160292446613,1,36.34315351692298,0,0.0,2980.0,2985.0,0,0,0
0.0028214462,0.06478013,1.3890216e-05,0.057125,1896.3502557188929,-3.933347761631012e-05,0.0405249930918216,-233.3710713059129,-0.0224875,0.002664766,0.037223455,0.0005093743093311,1,135.154563669854,0,0.0,2985.0,2990.0,0,0,0
0.0029426685,0.021210678,1.40467855e-05,0.0675,1822.117138860421,0.0001212223432958,-0.0435694530606269,-74.23311685847193,0.010375,0.0028749648,0.03674865,8.188886567950249e-05,1,131.06103291438234,0,0.0,2990.0,2995.0,0,0,0
0.0031571817,0.022115644,1.6628972e-05,0.078325,2003.154495633624,0.0002145131584256,0.0009049661457538,181.0373567732031,0.010825,0.0029737654,0.03603548,0.0003357355017215,1,74.30584383308029,0,0.0,2995.0,3000.0,0,0,0
0.0029692054,0.023475055,1.4131723e-05,0.0689125,1915.369270258252,-0.0001879762858152,0.0013594105839729,-87.78522537537242,-0.0094125,0.0030230184,0.022267126,2.653687261044979e-05,1,73.91942336225246,0,0.0,3000.0,3005.0,0,0,0
0.0027539274,0.0204989,1.22539695e-05,0.06165,1973.6623343340511,-0.00021527800709,-0.0029761549085378,58.29306407579952,-0.0072624999999999,0.0029601047,0.022029867,-0.0004032542929053,1,36.47543266314134,0,0.0,3005.0,3010.0,0,0,0
0.0023318108,0.016814293,8.535388e-06,0.085025,2279.981506374844,-0.0004221166018396,-0.0036846064031124,306.3191720407931,0.023375,0.0026849813,0.020262748,-0.0006373946089297,1,159.9206745042485,0,0.0,3010.0,3015.0,0,0,0
0.0028962984,0.024874398,1.4693525e-05,0.0712875,2062.5415821319875,0.0005644876509904,0.0080601051449775,-217.4399242428567,-0.0137375,0.002660679,0.020729197,0.0001423710491508,1,128.6731762185902,0,0.0,3015.0,3020.0,0,0,0
0.0025294002,0.019498233,1.0356491e-05,0.0778375,2130.9458077058944,-0.00036689825356,-0.0053761657327413,68.40422557390684,0.00655,0.0025858365,0.020395642,0.0001975893974304,1,90.781115393534,0,0.0,3020.0,3025.0,0,0,0
0.0029310728,0.01990732,1.3715027e-05,0.0711,2144.0299974685768,0.0004016726743429,0.0004090871661901,13.0841897626824,-0.0067375,0.0027855905,0.02142665,3.47744207829237e-05,1,35.731554576655014,0,0.0,3025.0,3030.0,0,0,0
0.002700565,0.019298598,1.1707401e-05,0.0648375,2056.1511517159765,-0.0002305079251527,-0.0006087217479944,-87.87884575260023,-0.0062624999999999,0.002720346,0.01956805,0.0001711647491902,1,38.71280023340734,0,0.0,3030.0,3035.0,0,0,0
0.0027574112,0.03858488,1.4082244e-05,0.0896,2142.395305178416,5.684630014002323e-05,0.0192862823605537,86.2441534624395,0.0247624999999999,0.0027963498,0.025930265,-0.0001736616250127,1,41.0466100321,0,0.0,3035.0,3040.0,0,0,0
0.0021814916,0.015586957,7.5756984e-06,0.0704125,2021.947632409643,-0.0005759196355938,-0.022997923195362,-120.44767276877316,-0.0191874999999999,0.0025464892,0.024490146,-0.0005190733354538,1,50.67935873356135,0,0.0,3040.0,3045.0,0,0,0
0.0024592143,0.020056404,1.0154306e-05,0.068425,1992.6156688193976,0.0002777227200567,0.004469446837902,-29.331963590245323,-0.0019875,0.002466039,0.024742747,-0.0002981969155371,1,64.80907466578078,0,0.0,3045.0,3050.0,0,0,0
0.0023826042,0.02029563,9.7333295e-06,0.0936625,2157.0577699528853,-7.661012932658195e-05,0.0002392251044511,164.44210113348777,0.0252374999999999,0.0023411035,0.01864633,0.0002011125907301,1,71.61340499919581,0,0.0,3050.0,3055.0,0,0,0
0.0025452506,0.021903947,1.0931741e-05,0.0796,2052.7752757223366,0.0001626464072614,0.0016083177179098,-104.28249423054876,-0.0140624999999999,0.0024623564,0.020751992,8.603627793490887e-05,1,67.93397246252897,0,0.0,3055.0,3060.0,0,0,0
0.0025423015,0.028437844,1.0876788e-05,0.1005,2231.684030417988,-2.9490329325199127e-06,0.0065338965505361,178.90875469565117,0.0209,0.0024900523,0.023545807,0.0001596973743289,1,73.37291345562402,0,0.0,3060.0,3065.0,0,0,0
0.0025167018,0.019119052,1.0501519e-05,0.0952125,2150.7725117798414,-2.559972926974297e-05,-0.0093187913298606,-80.91151863814639,-0.0052875,0.0025347513,0.023153616,-2.854876220226288e-05,1,73.15013072821166,0,0.0,3065.0,3070.0,0,0,0
0.0021713807,0.019061621,7.821143e-06,0.0604875,1858.7686789400757,-0.0003453211393207,-5.74309378862381e-05,-292.0038328397659,-0.034725,0.002410128,0.022206172,-0.0003709208685904,1,160.16615386991788,0,0.0,3070.0,3075.0,0,0,0
0.0019555097,0.014743719,6.112018e-06,0.0751875,2027.0012971332012,-0.0002158710267394,-0.0043179020285606,168.23261819312597,0.0147,0.0022145307,0.017641464,-0.0005611921660602,1,119.66980766181058,0,0.0,3075.0,3080.0,0,0,0
0.0021833153,0.029138625,8.033248e-06,0.0728625,2078.788795233083,0.0002278056927025,0.0143949054181575,51.78749809988153,-0.002325,0.002103402,0.020981321,1.1934665963053703e-05,1,93.92255104733184,0,0.0,3080.0,3085.0,0,0,0
0.0033303902,0.03143089,1.9946137e-05,0.0801625,1941.576770010981,0.0011470748577266,0.002292264252901,-137.21202522210183,0.0073,0.0024897384,0.025104411,0.0013748805504292,1,56.57486157399562,0,0.0,3085.0,3090.0,0,0,0
0.0031405292,0.026675686,1.7806966e-05,0.0631625,1819.7149822017657,-0.0001898610498756,-0.0047552026808261,-121.86178780921546,-0.017,0.002884745,0.029081732,0.000957213807851,1,105.82830738312512,1,0.6931471805599453,3090.0,3095.0,1,8,40
0.0029835962,0.023689581,1.5029042e-05,0.063625,1829.582927264189,-0.0001569329760968,-0.002986105158925,9.86794506242336,0.0004625,0.0031515053,0.027265385,-0.0003467940259724,1,55.26732255441773,2,1.0986122886681096,3095.0,3100.0,1,7,35
0.0034148819,0.023018114,1.9820538e-05,0.066975,1972.856381310832,0.0004312857054173,-0.0006714668124914,143.2734540466431,0.00335,0.0031796691,0.024461128,0.0002743527293205,1,69.98170165224379,3,1.3862943611198906,3100.0,3105.0,1,6,30
0.003676053,0.04626833,2.4188179e-05,0.0916125,2180.154397847832,0.00026117102243,0.0232502147555351,207.2980165369995,0.0246374999999999,0.003358177,0.030992009,0.0006924567278474,1,143.91359532789397,4,1.6094379124341003,3105.0,3110.0,1,5,25
0.0032749202,0.022349045,1.8018021e-05,0.067775,1805.3848728135636,-0.0004011327400803,-0.0239192843437194,-374.7695250342683,-0.0238374999999999,0.003455285,0.030545162,-0.0001399617176502,1,153.28672143438908,5,1.791759469228055,3110.0,3115.0,1,4,20
0.002986863,0.028520744,1.5467507e-05,0.0666875,1979.10670159007,-0.0002880571410059,0.0061716996133327,173.72182877650675,-0.0010875,0.003312612,0.032379374,-0.0006891898810863,1,153.13452577478628,6,1.9459101490553132,3115.0,3120.0,1,3,15
0.0033330268,0.027686529,1.8868071e-05,0.0617625,1942.3192433277047,0.0003461637534201,-0.0008342154324054,-36.78745826236491,-0.0049249999999999,0.00319827,0.026185438,5.810661241412163e-05,1,74.74669275995757,7,2.0794415416798357,3120.0,3125.0,1,2,10
0.0024708419,0.030045588,1.0538203e-05,0.1153,2358.5249998377503,-0.0008621849119663,0.0023590587079524,416.2057565100452,0.0535375,0.0029302437,0.028750954,-0.0005160211585462,1,188.13080375179564,8,2.1972245773362196,3125.0,3130.0,1,1,5
0.0030508016,0.026387779,1.5794563e-05,0.0562125,2011.300886332724,0.0005799597129225,-0.0036578085273504,-347.2241135050267,-0.0590875,0.0029515568,0.028039964,-0.0002822251990437,1,182.13251702572148,0,0.0,3130.0,3135.0,0,0,0
0.0023918375,0.015923338,9.300006e-06,0.0679625,2071.122289413705,-0.0006589640397578,-0.0104644410312175,59.82140308098133,0.0117499999999999,0.002637827,0.0241189,-7.90043268352747e-05,1,151.56351921994678,0,0.0,3135.0,3140.0,0,0,0
0.002021733,0.012786917,6.5736317e-06,0.0656625,1915.524835138826,-0.0003701045643538,-0.0031364206224679,-155.59745427487883,-0.0022999999999999,0.002488124,0.01836601,-0.0010290686041116,1,64.08520372276647,0,0.0,3140.0,3145.0,0,0,0
0.0021349415,0.016720293,7.288249e-06,0.0545625,1993.1016072260504,0.0001132085453718,0.0039333757013082,77.5767720872243,-0.0110999999999999,0.0021828373,0.0151435165,-0.0002568960189819,1,63.52248087910221,0,0.0,3145.0,3150.0,0,0,0
0.002522677,0.027781602,1.0477666e-05,0.0579875,2017.4028526816624,0.0003877354320138,0.0110613089054822,24.30124545561216,0.0034249999999999,0.0022264505,0.01909627,0.0005009439773857,1,43.445798360493,0,0.0,3150.0,3155.0,0,0,0
0.0027279796,0.026767664,1.2371985e-05,0.0456875,1826.604880194828,0.0002053026109933,-0.0010139383375644,-190.7979724868344,-0.0122999999999999,0.0024618662,0.023756519,0.0005930380430072,1,84.79752154913888,0,0.0,3155.0,3160.0,0,0,0
0.0030676834,0.017818136,1.4408964e-05,0.039625,1914.0026206661475,0.0003397038672119,-0.008949527516961,87.39774047131914,-0.0060624999999999,0.0027727801,0.024122467,0.0005450064782053,1,77.98421444643016,0,0.0,3160.0,3165.0,0,0,0
0.0024456177,0.015246037,9.407238e-06,0.0508125,1943.967601281742,-0.0006220657378435,-0.0025720987468957,29.96498061559464,0.0111874999999999,0.0027470936,0.019943947,-0.0002823618706315,1,49.788746389910834,0,0.0,3165.0,3170.0,0,0,0
0.002628322,0.02550856,1.0993662e-05,0.0710625,2011.7491147493863,0.0001827043015509,0.0102625228464603,67.78151346764457,0.02025,0.0027138742,0.019524245,-0.0004393614362925,1,40.88820902686598,0,0.0,3170.0,3175.0,0,0,0
0.0027864012,0.023126572,1.27108e-05,0.062225,2135.191019250769,0.0001580792013555,-0.0023819878697395,123.4419045013824,-0.0088374999999999,0.0026201133,0.021293724,0.0003407835029065,1,79.16132117718018,0,0.0,3175.0,3180.0,0,0,0
0.0022652822,0.017730784,8.328669e-06,0.066825,1947.2837338445288,-0.000521118985489,-0.0053957886993885,-187.9072854062401,0.0045999999999999,0.0025600018,0.022121971,-0.0003630397841334,1,77.96212544197984,0,0.0,3180.0,3185.0,0,0,0
0.0022695377,0.045232657,1.0636679e-05,0.0702875,2172.897501758047,4.255445674061775e-06,0.0275018736720085,225.61376791351813,0.0034625,0.0024404072,0.028696671,-0.0005168635398149,1,98.67595620905873,0,0.0,3185.0,3190.0,0,0,0
0.0020844499,0.08385222,7.630526e-06,0.0814625,2396.118147584701,-0.00018508778885,0.0386195592582225,223.22064582665416,0.0111749999999999,0.0022064233,0.048938554,-0.000180832343176,1,183.2367503025306,0,0.0,3190.0,3195.0,0,0,0
0.0022308868,0.03991118,8.477354e-06,0.0957375,2399.1541531275875,0.0001464369706809,-0.0439410358667373,3.0360055428864143,0.014275,0.002194958,0.05633202,-3.8650818169116974e-05,1,105.95006493725808,0,0.0,3195.0,3200.0,0,0,0
0.0024090335,0.040905915,1.0388876e-05,0.077975,2306.6703043751386,0.0001781466417014,0.0009947344660758,-92.48384875244892,-0.0177625,0.0022414566,0.05488977,0.0003245836123824,1,42.89961961054454,0,0.0,3200.0,3205.0,0,0,0
0.0021638565,0.019625494,7.728252e-06,0.0660625,2151.721569798643,-0.0002451769541949,-0.0212804209440946,-154.94873457649555,-0.0119125,0.0022679258,0.033480864,-6.703031249344349e-05,1,102.08126170401816,0,0.0,3205.0,3210.0,0,0,0
0.0023781445,0.084537655,1.13020615e-05,0.10895,2723.8956940810945,0.0002142880111932,0.064912162721157,572.1741242824514,0.0428875,0.0023170114,0.048356354,-3.088894300162792e-05,1,241.6308857788705,0,0.0,3210.0,3215.0,0,0,0
0.0028864592,0.17908368,2.4243467e-05,0.09745,2389.131519150656,0.0005083146970719,0.0945460200309753,-334.76417493043846,-0.0115,0.0024761534,0.094415605,0.0007226027082651,1,234.71348144932716,0,0.0,3215.0,3220.0,0,0,0
0.002894915,0.12763946,1.6647036e-05,0.12615,2458.2516484319217,8.455710485577583e-06,-0.0514442175626754,69.12012928126569,0.0287,0.0027198393,0.13042027,0.0005167704075574,1,144.30346268178346,0,0.0,3220.0,3225.0,0,0,0
0.0025032025,0.04650513,1.3189318e-05,0.0849,2031.5978476410007,-0.0003917124122381,-0.0811343267560005,-426.65380079092097,-0.04125,0.0027615253,0.11774275,-0.0003832567017525,1,186.97634558187417,0,0.0,3225.0,3230.0,0,0,0
0.002648285,0.037682477,1.3546414e-05,0.0973125,2176.9405311121063,0.0001450823619961,-0.0088226534426212,145.3426834711056,0.0124124999999999,0.0026821343,0.070609026,-0.0002466300502419,1,177.10445947570784,0,0.0,3230.0,3235.0,0,0,0
0.0022820134,0.02764716,8.866326e-06,0.0867875,2122.4139237214717,-0.0003662714734673,-0.0100353173911571,-54.52660739063504,-0.0105249999999999,0.0024778338,0.037278257,-0.0002211891114711,1,59.94924355631397,0,0.0,3235.0,3240.0,0,0,0
0.002469793,0.040068842,1.3862619e-05,0.0936,2499.694610688485,0.0001877795439213,0.0124216824769973,377.28068696701393,0.0068124999999999,0.002466697,0.03513283,-0.0001784919295459,1,166.49459902986175,0,0.0,3240.0,3245.0,0,0,0
0.0019100338,0.03975858,6.4544165e-06,0.0806875,2314.107243130934,-0.0005597592098638,-0.0003102608025074,-185.5873675575513,-0.0129125,0.0022206132,0.03582486,-0.0003719796659424,1,154.03091914052044,0,0.0,3245.0,3250.0,0,0,0
0.0020988046,0.053996794,7.4037225e-06,0.0846375,2241.0007831355,0.0001887708203867,0.0142382122576236,-73.1064599954343,0.00395,0.0021595436,0.044608075,-0.0003709883894771,1,108.8881801074537,0,0.0,3250.0,3255.0,0,0,0
0.0019638047,0.015610339,6.08833e-06,0.0786375,2198.010538837996,-0.0001349998638033,-0.0383864566683769,-42.99024429750398,-0.006,0.001990881,0.03645524,5.3770956583321095e-05,1,47.92489534620819,0,0.0,3255.0,3260.0,0,0,0
0.0023144134,0.030535083,9.358605e-06,0.081125,2176.3389153166067,0.0003506087232381,0.014924744144082,-21.671623521388938,0.0024875,0.0021256742,0.033380736,0.0002156088594347,1,26.87207869526341,0,0.0,3260.0,3265.0,0,0,0
0.0023778267,0.02187593,1.0166429e-05,0.065,1965.8541314377687,6.341328844428062e-05,-0.008659154176712,-210.484783878838,-0.016125,0.0022186816,0.022673786,0.0004140220116823,1,104.70599102436738,0,0.0,3265.0,3270.0,0,0,0
0.0023278606,0.024809584,9.260458e-06,0.0764125,2225.337805356641,-4.996615462005138e-05,0.0029336549341678,259.48367391887246,0.0114124999999999,0.0023400337,0.025740199,1.344713382422924e-05,1,112.56430878001952,0,0.0,3270.0,3275.0,0,0,0
0.0022527787,0.02305625,8.41105e-06,0.07965,2145.5753151048125,-7.508182898163795e-05,-0.0017533339560031,-79.7624902518287,0.0032375,0.0023194887,0.023247255,-0.0001250479836016,1,108.52216145423532,0,0.0,3275.0,3280.0,0,0,0
0.0025813894,0.034142293,1.1835768e-05,0.080875,2182.877127700262,0.000328610651195,0.0110860429704189,37.30181259544952,0.001225,0.002387343,0.02733604,0.0002535288222134,1,32.58559535390862,0,0.0,3280.0,3285.0,0,0,0
0.0023526307,0.024598882,9.147687e-06,0.070925,2100.2536619575376,-0.000228758668527,-0.0095434114336967,-82.62346574272442,-0.00995,0.0023955996,0.027265808,9.985198266804218e-05,1,33.783813609885044,1,0.6931471805599453,3285.0,3290.0,1,4,20
0.0021195107,0.021093776,7.217059e-06,0.0648625,2073.053892865324,-0.0002331200521439,-0.0035051051527261,-27.199769092213955,-0.0060624999999999,0.002351177,0.02661165,-0.0004618787206709,1,46.699521101064526,2,1.0986122886681096,3290.0,3295.0,1,3,15
0.0028662873,0.04091202,1.6425578e-05,0.0806875,2398.22332812516,0.0007467765826731,0.0198182445019483,325.1694352598365,0.0158249999999999,0.0024461427,0.028868228,0.0005136565305292,1,147.29445604031673,3,1.3862943611198906,3295.0,3300.0,1,2,10
0.0028281955,0.07232783,1.38750975e-05,0.0838625,2222.067509120443,-3.809179179370403e-05,0.0314158089458942,-176.15581900471716,0.003175,0.0026046645,0.044777874,0.0007086847908794,1,132.90393022608126,4,1.6094379124341003,3300.0,3305.0,1,1,5
0.0024695168,0.025038242,1.033133e-05,0.0574,2352.511578813715,-0.0003586786333471,-0.0472895875573158,130.444069693272,-0.0264625,0.0027213332,0.0460927,-0.0003967704251408,1,74.63696724254177,0,0.0,3305.0,3310.0,0,0,0
0.0028466128,0.02200346,1.32134555e-05,0.0670875,2039.7471377341133,0.0003770960029214,-0.0030347816646099,-312.76444107960174,0.0096874999999999,0.0027147748,0.039789844,1.8417369574308395e-05,1,128.269667646992,0,0.0,3310.0,3315.0,0,0,0
0.002192653,0.030923713,8.052932e-06,0.0731875,2314.892345531871,-0.0006539598107337,0.0089202523231506,275.1452077977576,0.0061,0.0025029276,0.025988473,-0.0002768638078123,1,139.42010363989067,0,0.0,3315.0,3320.0,0,0,0
0.002136355,0.018544294,7.4989694e-06,0.0867125,2132.151889423389,-5.629798397421837e-05,-0.0123794190585613,-182.7404561084813,0.0135249999999999,0.0023918736,0.023823822,-0.000710257794708,1,114.32779277516217,0,0.0,3320.0,3325.0,0,0,0
0.0020192047,0.030057292,6.8165346e-06,0.073675,2057.4816826326955,-0.0001171503681689,0.0115129984915256,-74.67020679069401,-0.0130374999999999,0.0021160708,0.026508434,-0.0001734483521431,1,108.1305607202565,0,0.0,3325.0,3330.0,0,0,0
0.0027919128,0.0321219,1.4006099e-05,0.10155,2195.256307284324,0.0007727080956101,0.0020646080374717,137.77462465162853,0.0278749999999999,0.0023158242,0.02690783,0.0006555577274411,1,56.31227864292867,0,0.0,3330.0,3335.0,0,0,0
0.0023183215,0.014532352,8.656944e-06,0.0614625,2036.736882445821,-0.0004735912661999,-0.0175895486027002,-158.51942483850303,-0.0400875,0.0023764798,0.025570514,0.0002991168294101,1,70.34881502896856,0,0.0,3335.0,3340.0,0,0,0
0.0022866672,0.016795158,8.8458155e-06,0.0618875,1902.9531440834048,-3.165425732731819e-05,0.0022628065198659,-133.78373836241644,0.0004249999999999,0.0024656337,0.021149805,-0.0005052455235272,1,119.4746072131446,0,0.0,3340.0,3345.0,0,0,0
0.0028632022,0.027062265,1.4020482e-05,0.0630375,1944.874313000541,0.000576535006985,0.0102671068161726,41.92116891713636,0.0011499999999999,0.002489397,0.019463258,0.0005448807496577,1,55.871086458711645,0,0.0,3345.0,3350.0,0,0,0
0.0024899056,0.019229291,1.0206177e-05,0.0602875,1921.6075423715893,-0.0003732966724783,-0.0078329741954803,-23.266770628951463,-0.0027499999999999,0.0025465917,0.021028906,0.0002032383345067,1,17.148740136340283,0,0.0,3350.0,3355.0,0,0,0
0.0024363566,0.018668473,9.574308e-06,0.0594,1889.1789715013915,-5.354895256459713e-05,-0.0005608182400465,-32.4285708701982,-0.0008874999999999,0.0025964882,0.021653345,-0.0004268456250429,1,22.83984308393901,0,0.0,3355.0,3360.0,0,0,0
0.0020357815,0.018151216,7.0459946e-06,0.0778375,1965.4416706205416,-0.0004005751106888,-0.0005172565579414,76.26269911915051,0.0184375,0.0023206815,0.018682994,-0.0004541240632534,1,31.24996406214315,0,0.0,3360.0,3365.0,0,0,0
0.00227121,0.032698624,9.3378485e-06,0.0732875,2055.1969547020794,0.0002354285679757,0.0145474076271057,89.75528408153764,-0.0045499999999999,0.0022477827,0.023172772,-0.000165146542713,1,67.8511287415484,0,0.0,3365.0,3370.0,0,0,0
0.002321322,0.017617866,8.76026e-06,0.075925,2036.1008724712085,5.011190660297871e-05,-0.0150807574391365,-19.09608223087093,0.0026375,0.0022094378,0.022822568,0.0002855404745787,1,38.60540287935956,0,0.0,3370.0,3375.0,0,0,0
0.0022807776,0.024950072,9.532583e-06,0.092425,2215.554390015515,-4.0544429793953896e-05,0.0073322057723999,179.45351754430635,0.0164999999999999,0.0022911031,0.025088854,9.56747680902481e-06,1,80.4727230363014,0,0.0,3375.0,3380.0,0,0,0
0.001855783,0.013554527,5.476412e-06,0.0817625,2260.1324184748914,-0.0004249945050105,-0.011395544745028,44.57802845937658,-0.0106624999999999,0.0021526276,0.01870749,-0.0004655389348044,1,96.82796840281564,0,0.0,3380.0,3385.0,0,0,0
0.0020700458,0.02027945,7.806302e-06,0.06845,2063.8051714115068,0.0002142627490684,0.0067249229177832,-196.32724706338468,-0.0133125,0.0020688688,0.019594684,-0.0002107317559421,1,84.03664141825233,0,0.0,3385.0,3390.0,0,0,0
0.0022909583,0.012195361,8.281941e-06,0.0644125,2010.581167535354,0.0002209125086665,-0.0080840894952416,-53.224003876152665,-0.0040374999999999,0.0020722623,0.015343112,0.0004351752577349,1,107.31729143763052,0,0.0,3390.0,3395.0,0,0,0
0.002803602,0.10237733,1.9335774e-05,0.0680875,2296.3161738925,0.0005126437172293,0.0901819691061973,285.73500635714595,0.0036749999999999,0.002388202,0.044950712,0.0007335562258958,1,124.06927040132032,0,0.0,3395.0,3400.0,0,0,0
0.0024169742,0.026094548,9.861861e-06,0.0868625,2171.24847026165,-0.000386627856642,-0.0762827843427658,-125.06770363085025,0.018775,0.002503845,0.04688908,0.0001260158605873,1,116.95222505828588,0,0.0,3400.0,3405.0,0,0,0
0.002455896,0.044175446,1.1112831e-05,0.0645875,2027.841160558003,3.892183303833008e-05,0.018080897629261,-143.4073097036469,-0.0222749999999999,0.002558824,0.057549108,-0.0003477060236036,1,109.68967324679116,0,0.0,3405.0,3410.0,0,0,0
0.0027333589,0.02111301,1.2747747e-05,0.0954375,2413.6177686551746,0.0002774628810584,-0.0230624359101057,385.7766080971717,0.0308499999999999,0.0025354095,0.030461,0.0003163847140967,1,159.21059590476938,0,0.0,3410.0,3415.0,0,0,0
0.002556487,0.04924947,1.1131052e-05,0.0985875,2338.30700656885,-0.0001768718939274,0.0281364601105451,-75.31076208632476,0.00315,0.002581914,0.03817931,0.0001005909871309,1,166.9611876988224,0,0.0,3415.0,3420.0,0,0,0
0.003103593,0.027164418,1.6642613e-05,0.07915,2093.8920548844185,0.0005471059121191,-0.0220850519835948,-244.41495168443132,-0.0194374999999999,0.002797813,0.032508966,0.0003702340181916,1,136.4774753654509,0,0.0,3420.0,3425.0,0,0,0
0.0032082167,0.041094147,1.8856146e-05,0.0771875,2044.6797521721444,0.0001046238467097,0.0139297284185886,-49.212302712274095,-0.0019624999999999,0.0029560989,0.039169345,0.0006517297588288,1,128.39932669851808,0,0.0,3425.0,3430.0,0,0,0
0.002466215,0.024922177,1.0847324e-05,0.0876625,2325.460905481645,-0.0007420016918331,-0.0161719694733619,280.7811533095007,0.0104749999999999,0.002926008,0.031060249,-0.0006373778451234,1,122.42187502375116,0,0.0,3430.0,3435.0,0,0,0
0.002906705,0.019173004,1.3969731e-05,0.083025,2083.644999833538,0.0004404899664223,-0.0057491734623909,-241.8159056481072,-0.0046375,0.0028603792,0.028396443,-0.0003015117254108,1,124.20023206434811,0,0.0,3435.0,3440.0,0,0,0
0.0026733228,0.0380067,1.3075512e-05,0.0989375,2175.3556859515365,-0.0002333822194486,0.0188336968421936,91.71068611799863,0.0159124999999999,0.0026820812,0.027367294,0.0002071077469736,1,99.67578503596908,0,0.0,3440.0,3445.0,0,0,0
0.0024003468,0.015664402,9.452439e-06,0.0757875,2098.293006697755,-0.0002729760017246,-0.0223422981798648,-77.06267925378143,-0.02315,0.0026601248,0.024281368,-0.0005063582211732,1,40.22723039476206,0,0.0,3445.0,3450.0,0,0,0
0.0019573276,0.01915266,6.343334e-06,0.0913125,2338.252881672085,-0.0004430192057043,0.0034882575273513,239.95987497433,0.015525,0.0023436656,0.024274588,-0.0007159952074289,1,100.03049229836869,0,0.0,3450.0,3455.0,0,0,0
0.0022885518,0.027564615,9.175913e-06,0.10085,2402.599124949338,0.00033122417517,0.0084119550883769,64.34624327725305,0.0095374999999999,0.0022154087,0.020793892,-0.0001117950305342,1,130.94672123804057,0,0.0,3455.0,3460.0,0,0,0
0.0022286552,0.016635615,8.1923945e-06,0.0920125,2230.861422580567,-5.989661440253258e-05,-0.0109289996325969,-171.73770236877135,-0.0088374999999999,0.002158178,0.02111763,0.0002713275607675,1,70.84192334157741,0,0.0,3460.0,3465.0,0,0,0
0.0023503494,0.021252807,9.108263e-06,0.0830875,2103.149440960542,0.0001216942910104,0.004617191851139,-127.71198162002474,-0.008925,0.0022891855,0.021817679,6.179767660796642e-05,1,122.68944621152131,0,0.0,3465.0,3470.0,0,0,0
0.0020368549,0.03224204,6.842237e-06,0.081275,2135.2060739216727,-0.0003134945873171,0.0109892338514328,32.05663296113062,-0.0018124999999999,0.0022052864,0.023376822,-0.0001918002963066,1,54.25036988422064,0,0.0,3470.0,3475.0,0,0,0
0.0033527962,0.06302896,2.4905386e-05,0.0618125,2253.845373869753,0.0013159413356333,0.030786920338869,118.6392999480804,-0.0194625,0.0025800003,0.03884127,0.0010024467483162,1,64.81784339752328,0,0.0,3475.0,3480.0,0,0,0
0.0024160945,0.055272937,1.0692609e-05,0.076075,2057.404530745085,-0.0009367016609758,-0.0077560245990753,-196.44084312466796,0.0142625,0.0026019153,0.050181314,0.0003792396746575,1,80.77222326487642,0,0.0,3480.0,3485.0,0,0,0
0.0027897793,0.04642012,1.3645893e-05,0.0763625,2038.2698088074003,0.0003736848011612,-0.0088528171181678,-19.134721937684844,0.0002874999999999,0.00285289,0.05490734,-0.0005630168598145,1,97.4268766723226,0,0.0,3485.0,3490.0,0,0,0
0.0023034546,0.042372204,9.044587e-06,0.0896625,2240.307795338316,-0.0004863247741013,-0.0040479153394699,202.03798653091556,0.0133,0.0025031094,0.048021752,-0.00011263997294,1,91.06718507902728,0,0.0,3490.0,3495.0,0,0,0
0.0023544545,0.03250224,9.187733e-06,0.081975,2407.787230150085,5.0999922677874565e-05,-0.0098699629306793,167.47943481176935,-0.0076875,0.0024825626,0.04043152,-0.0004353248514235,1,151.07460767672353,0,0.0,3495.0,3500.0,0,0,0
0.0019417601,0.013753925,6.05556e-06,0.07215,2088.16772237956,-0.0004126944113522,-0.0187483169138431,-319.6195077705256,-0.009825,0.0021998899,0.02954279,-0.0003616944886744,1,130.53419842760596,0,0.0,3500.0,3505.0,0,0,0
0.0019264164,0.028814018,6.3779926e-06,0.08495,2206.0666863102606,-1.5343655832111835e-05,0.0150600923225283,117.89896393070104,0.0127999999999999,0.0020742102,0.025023395,-0.0004280380671843,1,131.97136610746725,0,0.0,3505.0,3510.0,0,0,0
0.001836541,0.019368436,5.477309e-06,0.0789625,2072.7141748362933,-8.987542241811752e-05,-0.0094455815851688,-133.3525114739673,-0.0059874999999999,0.0019015726,0.02064546,-0.0001052190782502,1,59.55564171803197,0,0.0,3510.0,3515.0,0,0,0
0.0022940245,0.043484107,1.1432522e-05,0.0639875,2045.8983471717488,0.0004574834601953,0.0241156704723835,-26.815827664544717,-0.014975,0.002018994,0.030555522,0.0003676080377772,1,70.0443334151375,0,0.0,3515.0,3520.0,0,0,0
0.00191371,0.047635533,6.885267e-06,0.0749125,2209.111684269648,-0.0003803144209086,0.0041514262557029,163.21333709789928,0.010925,0.0020147585,0.03682936,7.716903928667307e-05,1,71.46247080312631,0,0.0,3520.0,3525.0,0,0,0
0.001854463,0.02807109,5.6379095e-06,0.0641625,2049.968454194212,-5.924701690673828e-05,-0.0195644423365592,-159.1432300754359,-0.01075,0.0020207325,0.039730243,-0.0004395614378154,1,75.99833832733884,0,0.0,3525.0,3530.0,0,0,0
0.0016311054,0.010526571,4.1521225e-06,0.0706,2027.2374399610717,-0.0002233575796708,-0.0175445191562175,-22.731014233140517,0.0064374999999999,0.0017997595,0.0287444,-0.0002826045965775,1,80.91250928539081,0,0.0,3530.0,3535.0,0,0,0
0.002351141,0.038780924,1.1790498e-05,0.0623125,1902.9274268308584,0.0007200356340035,0.0282543525099754,-124.31001313021306,-0.0082874999999999,0.0019455698,0.025792861,0.0004966780543327,1,64.62777361387069,0,0.0,3535.0,3540.0,0,0,0
0.0021622148,0.016901717,7.741471e-06,0.06645,2018.9818982428048,-0.0001889262348413,-0.021879207342863,116.05447141194644,0.0041374999999999,0.0020481537,0.022069737,0.0005311093991622,1,56.7546118225961,0,0.0,3540.0,3545.0,0,0,0
0.002185914,0.049534094,8.695889e-06,0.0775625,2076.266949991978,2.3699132725596428e-05,0.0326323769986629,57.285051749173135,0.0111125,0.0022330899,0.035072245,-0.0001652271021157,1,72.10856612569692,0,0.0,3545.0,3550.0,0,0,0
0.0020623046,0.013893573,6.675326e-06,0.0707875,2099.3478483845133,-0.0001236093230545,-0.0356405228376388,23.080898392535342,-0.006775,0.0021368114,0.026776463,-9.991019032895564e-05,1,33.78525478287098,0,0.0,3550.0,3555.0,0,0,0
0.002405658,0.022145282,9.807606e-06,0.0731,1925.458704018925,0.0003433532547205,0.0082517098635435,-173.88914436558866,0.0023124999999999,0.002217959,0.028524315,0.000219743931666,1,77.10979866561998,0,0.0,3555.0,3560.0,0,0,0
0.0021216515,0.016314883,7.1926975e-06,0.0599375,1901.510593731958,-0.0002840063534677,-0.0058303996920585,-23.94811028696654,-0.0131625,0.002196538,0.017451245,5.934690125286579e-05,1,88.1605390706026,0,0.0,3560.0,3565.0,0,0,0
0.0022652186,0.021012077,8.505435e-06,0.0668875,2118.7578540862,0.0001435671001672,0.0046971943229436,217.24726035424192,0.00695,0.002264176,0.01982408,-0.0001404392533004,1,97.25935860966544,0,0.0,3565.0,3570.0,0,0,0
0.003013977,0.036484823,1.5274913e-05,0.0916125,2138.27383609071,0.0007487584371119,0.0154727455228567,19.51598200451008,0.0247249999999999,0.002466949,0.024603928,0.0008923255372792,1,107.30749099731692,0,0.0,3570.0,3575.0,0,0,0
0.0042334525,0.037278377,2.8837962e-05,0.0572125,1774.185418573197,0.001219475409016,0.0007935538887977,-364.0884175175131,-0.0344,0.0031708826,0.031591758,0.0019682338461279,1,167.2228761063011,0,0.0,3575.0,3580.0,0,0,0
0.0024669552,0.023333333,1.0309561e-05,0.0873375,2192.179594265428,-0.0017664972692728,-0.0139450430870056,417.99417569223056,0.030125,0.0032381283,0.032365512,-0.0005470218602567,1,185.6476164515946,0,0.0,3580.0,3585.0,0,0,0
0.0023683582,0.025326138,9.4155475e-06,0.0734625,2144.216503374431,-9.859702549874784e-05,0.001992804929614,-47.96309089099668,-0.0138749999999999,0.003022922,0.02864595,-0.0018650942947715,1,186.7686009536409,0,0.0,3585.0,3590.0,0,0,0
0.0033223748,0.06398788,2.0872712e-05,0.0780625,2083.410692175841,0.0009540165774524,0.038661740720272,-60.80581119858971,0.0046,0.0027192293,0.03754912,0.0008554195519536,1,44.5077756316686,0,0.0,3590.0,3595.0,0,0,0
0.002967276,0.047662295,1.4933145e-05,0.0667375,2020.9771178370172,-0.0003550988622009,-0.0163255855441093,-62.43357433882375,-0.011325,0.0028860029,0.04565877,0.0005989177152514,1,50.31373131316385,0,0.0,3595.0,3600.0,0,0,0
0.0028779553,0.03928244,1.3403606e-05,0.05945,2070.304288208601,-8.932058699429035e-05,-0.0083798542618751,49.327170371583634,-0.0072875,0.0030558687,0.05031087,-0.0004444194491952,1,26.880184288681168,0,0.0,3600.0,3605.0,0,0,0
0.0025591473,0.02039269,1.0450655e-05,0.06765,1953.8777744166832,-0.0003188080154359,-0.0188897512853145,-116.42651379191784,0.0081999999999999,0.0028014593,0.035779145,-0.0004081286024302,1,47.71515568459567,0,0.0,3605.0,3610.0,0,0,0
0.0023446644,0.032724265,9.560462e-06,0.0688125,2229.1215526422834,-0.000214482890442,0.0123315751552581,275.2437782256002,0.0011624999999999,0.0025939224,0.030799799,-0.0005332909058779,1,112.81114702991268,0,0.0,3610.0,3615.0,0,0,0
0.0025000328,0.02108778,1.0334569e-05,0.0786375,2145.3442615063705,0.0001553683541715,-0.011636484414339,-83.77729113591295,0.009825,0.0024679482,0.024734912,-5.911453627049923e-05,1,115.1989523681339,0,0.0,3615.0,3620.0,0,0,0
0.002747226,0.021292161,1.3011177e-05,0.089025,2063.230874393947,0.0002471932675689,0.0002043806016445,-82.11338711242342,0.0103875,0.0025306412,0.025034735,0.0004025616217404,1,67.72572134297712,0,0.0,3620.0,3625.0,0,0,0
0.003075272,0.02322204,1.644178e-05,0.0591125,1741.1124286429413,0.0003280460368841,0.0019298791885375,-322.11844575100577,-0.0299125,0.002774177,0.021867327,0.0005752393044531,1,174.45352011869832,0,0.0,3625.0,3630.0,0,0,0
0.0023645877,0.018140275,9.3452945e-06,0.05685,1817.538848383076,-0.0007106843404471,-0.0050817653536796,76.4264197401344,-0.0022625,0.0027290287,0.020884827,-0.0003826383035629,1,137.42305417645565,0,0.0,3630.0,3635.0,0,0,0
0.0025698366,0.04880441,1.2368148e-05,0.0641875,1885.3609695139803,0.0002052488271147,0.0306641347706317,67.82212113090463,0.0073374999999999,0.0026698988,0.030055575,-0.0005054355133324,1,58.92413134457462,0,0.0,3635.0,3640.0,0,0,0
0.0028560315,0.029319383,1.4607088e-05,0.0680875,1988.4877564191304,0.000286194961518,-0.0194850265979766,103.12678690515033,0.0039,0.0025968186,0.032088023,0.0004914437886327,1,70.28395063423082,0,0.0,3640.0,3645.0,0,0,0
0.003147155,0.04240143,1.850496e-05,0.080125,2248.4056999503546,0.0002911235205829,0.0130820460617542,259.91794353122395,0.0120375,0.0028576746,0.040175077,0.0005773184821009,1,152.75032200166115,0,0.0,3645.0,3650.0,0,0,0
0.0024277621,0.048716262,1.2119966e-05,0.083525,2099.6513095963437,-0.0007193929050117,0.0063148327171802,-148.75439035401132,0.0034,0.0028103162,0.04014569,-0.0004282693844288,1,106.48032764270334,0,0.0,3650.0,3655.0,0,0,0
0.0028812722,0.02395594,1.4158937e-05,0.08295,2030.489292180231,0.000453510088846,-0.0247603226453065,-69.16201741611235,-0.000575,0.0028187297,0.03835788,-0.0002658828161656,1,90.92048667690968,0,0.0,3655.0,3660.0,0,0,0
0.0026585548,0.031023229,1.2622787e-05,0.0660125,2026.938241179432,-0.0002227174118161,0.0070672892034053,-3.5510510007991343,-0.0169374999999999,0.002655863,0.034565143,0.0002307926770299,1,33.471687762245594,0,0.0,3660.0,3665.0,0,0,0
